record_id,branch_code,entity_name,circle_zone,branch_tier,fiscal_year,period_type,merger_cutoff_date,gross_npa_pct,net_npa_pct,cost_to_income_pct,roa_pct,casa_ratio_pct,car_crar_pct,advances_inr_cr,deposits_inr_cr
1,BR-8270,State Bank of Travancore,Kolkata,Metro,2017,Pre-Merger,01/04/2017,11.87%,6.27%,61.35%,0.52%,45.04%,11.56%,340.43,422.57
2,BR-9666,State Bank of India (Parent),Ahmedabad,Metro,2016,Pre-Merger,2017-04-01,8.12%,4.13%,55.50%,-0.11%,41.57%,12.16%,742.80,"1,045.85"
3,BR-6393,State Bank of Travancore,Mumbai Metro,Urban,2017,Pre-Merger,2017-04-01,3.31%,1.67%,59.54%,-0.10%,37.89%,13.24%,"1,263.14","1,518.31"
4,BR-4943,State Bank of India (Parent),Chandigarh,Rural,2017,Pre-Merger,2017-04-01,14.86%,8.82%,48.52%,0.47%,43.95%,12.39%,205.66,248.60
5,BR-8892,State Bank of India (Consolidated),Chandigarh,Semi-Urban,2021,Post-Merger,2017-04-01,6.40%,2.35%,53.44%,0.81%,46.97%,12.96%,314.68,363.36
6,BR-3027,State Bank of India (Consolidated),Chandigarh,Rural,2021,Post-Merger,2017-04-01,3.91%,0.98%,49.41%,1.09%,48.63%,15.01%,185.14,232.82
7,BR-9392,State Bank of India (Consolidated),Bengaluru,Semi-Urban,2021,Post-Merger,01/04/2017,4.20%,1.36%,46.77%,1.20%,49.82%,12.21%,876.97,"1,109.26"
8,BR-8385,State Bank of India (Consolidated),Ahmedabad,Urban,2020,Post-Merger,01/04/2017,7.11%,2.87%,58.00%,0.46%,44.10%,14.03%,233.21,270.39
9,BR-6116,State Bank of India (Consolidated)   ,Thiruvananthapuram,Rural,2021,Post-Merger,01/04/2017,4.41%,,,0.28%,46.17%,14.26%,"1,066.59","1,508.31"
10,BR-3693,State Bank of Patiala,Chennai,Urban,2017,Pre-Merger,2017-04-01,11.75%,6.27%,54.94%,0.93%,38.19%,11.84%,403.67,515.94
11,BR-8526,State Bank of India (Consolidated),Mumbai Metro,Metro,2019,Post-Merger,2017-04-01,1.50%,0.44%,48.51%,0.66%,42.69%,13.91%,816.68,"1,111.42"
12,BR-7585,State Bank of India (Parent),Mumbai Metro,Metro,2017,Pre-Merger,2017-04-01,11.09%,6.94%,51.09%,0.62%,40.74%,12.58%,126.93,159.11
13,BR-6249,State Bank of India (Consolidated),Kolkata,Urban,2018,Post-Merger,01/04/2017,6.55%,1.95%,47.17%,1.18%,48.13%,15.05%,602.25,806.83
14,BR-7287,State Bank of India (Parent),Chennai,Semi-Urban,2014,Pre-Merger,2017-04-01,6.89%,4.08%,58.05%,0.61%,36.61%,11.45%,"1,089.83","1,517.97"
15,BR-2843,State Bank of Mysore   ,Lucknow,Urban,2014,Pre-Merger,01/04/2017,11.79%,,,-0.12%,39.71%,13.09%,"1,240.46","1,633.14"
16,BR-6423,State Bank of India (Consolidated),Jaipur,Urban,2019,Post-Merger,2017-04-01,3.56%,1.53%,48.19%,1.05%,41.17%,12.52%,"1,110.86","1,576.46"
17,BR-2648,State Bank of India (Consolidated),Chennai,Semi-Urban,2021,Post-Merger,2017-04-01,7.14%,2.61%,51.39%,0.98%,44.92%,13.93%,716.76,"1,038.11"
18,BR-7944,State Bank of India (Consolidated)   ,Bengaluru,Semi-Urban,2019,Post-Merger,01/04/2017,2.22%,0.70%,50.13%,1.22%,46.99%,15.23%,887.00,"1,044.98"
19,BR-2045,State Bank of India (Consolidated),Lucknow,Semi-Urban,2019,Post-Merger,2017-04-01,6.50%,2.26%,47.43%,0.73%,48.55%,15.66%,"1,029.87","1,451.34"
20,BR-8683,State Bank of Patiala,Mumbai Metro,Semi-Urban,2016,Pre-Merger,2017-04-01,5.50%,2.79%,54.45%,0.46%,43.43%,11.82%,"1,141.76","1,639.48"
21,BR-1606,Bharatiya Mahila Bank,Jaipur,Metro,2016,Pre-Merger,2017-04-01,9.10%,4.86%,52.36%,0.28%,34.00%,10.72%,"1,278.78","1,827.38"
22,BR-5014,State Bank of India (Consolidated),Ahmedabad,Urban,2019,Post-Merger,2017-04-01,2.82%,0.91%,43.95%,0.42%,48.59%,13.56%,274.00,373.37
23,BR-3806,State Bank of Patiala,Delhi NCR,Urban,2015,Pre-Merger,2017-04-01,11.45%,7.37%,68.00%,1.15%,44.95%,12.46%,559.95,707.03
24,BR-1853,State Bank of Bikaner and Jaipur   ,Hyderabad,Urban,2016,Pre-Merger,01/04/2017,10.36%,6.19%,57.59%,-0.62%,39.11%,13.40%,260.43,340.30
25,BR-1004,State Bank of India (Consolidated),Hyderabad,Metro,2020,Post-Merger,2017-04-01,10.44%,3.94%,54.20%,0.10%,46.15%,13.31%,703.34,825.40
26,BR-6949,State Bank of India (Consolidated),Chandigarh,Semi-Urban,2020,Post-Merger,01/04/2017,7.52%,2.52%,45.80%,0.84%,45.10%,15.10%,420.50,495.42
27,BR-4343,State Bank of India (Consolidated)   ,Hyderabad,Metro,2018,Post-Merger,01/04/2017,6.62%,2.46%,53.48%,0.25%,43.81%,15.62%,100.44,119.00
28,BR-3141,State Bank of India (Consolidated),Kolkata,Semi-Urban,2019,Post-Merger,2017-04-01,4.56%,2.03%,49.86%,0.99%,43.82%,11.59%,"1,002.68","1,167.54"
29,BR-3849,State Bank of India (Parent),Bhopal,Rural,2017,Pre-Merger,2017-04-01,9.99%,6.53%,65.07%,-0.24%,42.85%,12.42%,117.65,155.97
30,BR-7833,State Bank of Mysore,Lucknow,Metro,2016,Pre-Merger,01/04/2017,7.88%,4.59%,57.59%,0.39%,42.76%,12.08%,"1,365.60","1,650.65"
31,BR-9945,State Bank of India (Parent),Jaipur,Semi-Urban,2016,Pre-Merger,01/04/2017,6.10%,3.80%,61.57%,-0.39%,37.70%,14.35%,574.64,822.31
32,BR-8164,State Bank of Hyderabad,Ahmedabad,Rural,2014,Pre-Merger,01/04/2017,9.67%,5.57%,62.92%,1.20%,38.54%,12.62%,435.02,576.04
33,BR-4440,State Bank of India (Consolidated)   ,Lucknow,Rural,2020,Post-Merger,01/04/2017,7.47%,2.02%,,0.78%,48.76%,13.47%,"1,351.64","1,712.20"
34,BR-9082,State Bank of India (Parent)   ,Chennai,Semi-Urban,2017,Pre-Merger,01/04/2017,12.84%,8.63%,,1.20%,37.59%,12.18%,210.22,279.75
35,BR-8651,State Bank of India (Consolidated),Delhi NCR,Rural,2018,Post-Merger,2017-04-01,7.09%,1.90%,49.59%,0.54%,45.47%,11.59%,"1,340.54","1,682.75"
36,BR-8241,State Bank of Hyderabad,Mumbai Metro,Rural,2015,Pre-Merger,2017-04-01,15.47%,8.01%,55.60%,0.05%,39.12%,12.46%,200.47,289.88
37,BR-9702,State Bank of India (Consolidated),Lucknow,Semi-Urban,2020,Post-Merger,2017-04-01,4.53%,1.84%,46.39%,0.10%,51.00%,13.74%,745.50,869.92
38,BR-4072,State Bank of Hyderabad,Hyderabad,Metro,2016,Pre-Merger,2017-04-01,9.79%,6.59%,47.99%,-0.16%,39.63%,12.70%,"1,447.78","1,670.23"
39,BR-6348,State Bank of Hyderabad,Lucknow,Rural,2017,Pre-Merger,2017-04-01,9.88%,6.06%,56.74%,0.09%,48.44%,13.52%,"1,359.64","1,582.12"
40,BR-6063,State Bank of India (Consolidated),Lucknow,Urban,2019,Post-Merger,2017-04-01,9.35%,3.19%,41.68%,1.05%,44.95%,12.47%,581.76,770.89
41,BR-5835,State Bank of India (Consolidated),Bengaluru,Semi-Urban,2021,Post-Merger,2017-04-01,4.96%,1.52%,47.01%,1.38%,40.28%,13.32%,188.20,269.53
42,BR-2838,State Bank of Bikaner and Jaipur,Bhopal,Semi-Urban,2014,Pre-Merger,2017-04-01,8.51%,5.68%,54.17%,0.18%,42.18%,10.99%,620.87,894.66
43,BR-5000,State Bank of India (Parent),Hyderabad,Urban,2015,Pre-Merger,2017-04-01,10.50%,6.26%,52.32%,0.54%,41.77%,13.96%,"1,155.06","1,459.25"
44,BR-6997,State Bank of Travancore,Delhi NCR,Urban,2014,Pre-Merger,01/04/2017,11.72%,7.14%,57.70%,-0.32%,34.86%,13.61%,241.25,326.04
45,BR-1770,State Bank of India (Parent),Bhopal,Metro,2016,Pre-Merger,01/04/2017,8.00%,4.60%,65.93%,0.71%,45.85%,12.42%,943.48,"1,265.20"
46,BR-2331,State Bank of Bikaner and Jaipur,Hyderabad,Urban,2014,Pre-Merger,01/04/2017,9.96%,6.38%,61.83%,-0.48%,34.19%,12.14%,731.97,"1,056.97"
47,BR-7269,State Bank of Hyderabad,Bengaluru,Urban,2016,Pre-Merger,2017-04-01,11.35%,6.62%,45.22%,-0.71%,47.00%,11.20%,"1,069.03","1,361.41"
48,BR-1671,State Bank of Hyderabad,Lucknow,Metro,2015,Pre-Merger,2017-04-01,11.60%,6.26%,52.24%,0.98%,40.06%,12.12%,859.18,"1,125.81"
49,BR-3593,State Bank of Bikaner and Jaipur,Chennai,Metro,2014,Pre-Merger,01/04/2017,9.47%,6.10%,54.69%,-0.07%,41.86%,12.08%,"1,224.81","1,683.47"
50,BR-1638,State Bank of India (Consolidated),Ahmedabad,Semi-Urban,2021,Post-Merger,2017-04-01,5.48%,1.90%,41.44%,1.26%,51.26%,13.80%,132.09,161.91
51,BR-1918,State Bank of India (Consolidated),Lucknow,Metro,2019,Post-Merger,2017-04-01,5.22%,1.72%,50.63%,0.88%,43.79%,14.41%,"1,273.81","1,498.97"
52,BR-4596,State Bank of Bikaner and Jaipur   ,Lucknow,Metro,2017,Pre-Merger,01/04/2017,5.67%,3.20%,53.16%,1.20%,47.25%,12.81%,871.99,"1,156.22"
53,BR-3472,State Bank of India (Consolidated)   ,Jaipur,Rural,2018,Post-Merger,01/04/2017,8.55%,3.11%,42.22%,0.29%,47.47%,13.32%,344.93,426.17
54,BR-9434,State Bank of India (Consolidated),Bengaluru,Rural,2020,Post-Merger,2017-04-01,4.97%,1.65%,48.68%,0.75%,46.33%,14.43%,446.22,536.03
55,BR-5289,State Bank of India (Consolidated),Kolkata,Semi-Urban,2020,Post-Merger,2017-04-01,2.58%,1.08%,57.14%,0.46%,47.74%,14.36%,"1,084.27","1,496.65"
56,BR-5234,State Bank of India (Consolidated),Jaipur,Rural,2020,Post-Merger,2017-04-01,9.15%,3.17%,44.72%,0.80%,42.49%,13.64%,169.99,245.97
57,BR-9512,State Bank of India (Consolidated),Hyderabad,Semi-Urban,2020,Post-Merger,01/04/2017,8.00%,2.95%,50.13%,0.10%,42.71%,14.79%,"1,259.48","1,813.03"
58,BR-6256,State Bank of India (Parent),Bengaluru,Metro,2015,Pre-Merger,2017-04-01,9.15%,4.68%,56.70%,1.20%,40.52%,12.33%,"1,209.28","1,463.82"
59,BR-3898,State Bank of Hyderabad,Mumbai Metro,Metro,2016,Pre-Merger,01/04/2017,8.92%,5.41%,57.24%,0.05%,48.63%,12.81%,966.22,"1,267.62"
60,BR-2248,State Bank of India (Consolidated),Jaipur,Semi-Urban,2020,Post-Merger,01/04/2017,6.46%,2.11%,50.59%,0.81%,42.40%,14.44%,"1,414.56","1,893.12"
61,BR-8667,State Bank of India (Consolidated),Hyderabad,Rural,2020,Post-Merger,2017-04-01,5.88%,2.34%,51.21%,1.07%,49.03%,13.50%,370.45,505.38
62,BR-7028,State Bank of India (Consolidated),Delhi NCR,Metro,2020,Post-Merger,01/04/2017,6.64%,2.16%,55.78%,0.45%,56.00%,14.32%,770.63,980.77
63,BR-3674,State Bank of Hyderabad,Thiruvananthapuram,Semi-Urban,2016,Pre-Merger,2017-04-01,12.10%,7.85%,61.55%,0.28%,42.31%,11.75%,488.86,652.38
64,BR-1984,State Bank of India (Parent),Lucknow,Urban,2014,Pre-Merger,01/04/2017,5.15%,3.39%,54.99%,0.79%,42.92%,12.45%,"1,084.28","1,296.54"
65,BR-7024,State Bank of India (Consolidated),Chandigarh,Semi-Urban,2019,Post-Merger,2017-04-01,5.27%,1.49%,45.41%,0.93%,44.14%,12.62%,402.90,536.81
66,BR-9393,State Bank of Patiala,Bhopal,Urban,2017,Pre-Merger,2017-04-01,6.28%,3.82%,53.55%,-0.22%,34.78%,9.50%,"1,384.21","1,835.63"
67,BR-2205,State Bank of India (Consolidated),Mumbai Metro,Rural,2021,Post-Merger,2017-04-01,3.63%,0.93%,48.25%,1.14%,43.06%,13.01%,382.01,498.35
68,BR-1688,State Bank of Bikaner and Jaipur,Bengaluru,Urban,2017,Pre-Merger,01/04/2017,7.49%,3.86%,54.50%,0.44%,38.29%,12.36%,"1,144.94","1,388.78"
69,BR-3717,State Bank of India (Consolidated),Kolkata,Semi-Urban,2018,Post-Merger,2017-04-01,3.18%,1.33%,52.77%,0.20%,47.95%,14.38%,838.93,"1,085.85"
70,BR-7016,State Bank of India (Consolidated),Lucknow,Rural,2021,Post-Merger,01/04/2017,9.35%,3.95%,46.63%,0.96%,48.42%,12.51%,660.40,764.49
71,BR-4462,State Bank of India (Consolidated)   ,Lucknow,Metro,2018,Post-Merger,01/04/2017,8.22%,,,0.79%,40.56%,12.05%,888.61,"1,258.48"
72,BR-8970,State Bank of India (Consolidated),Thiruvananthapuram,Metro,2021,Post-Merger,2017-04-01,7.82%,3.50%,51.95%,0.93%,44.53%,12.83%,540.07,635.16
73,BR-3198,State Bank of India (Consolidated),Hyderabad,Urban,2018,Post-Merger,2017-04-01,2.73%,1.17%,53.91%,0.60%,49.17%,13.25%,918.22,"1,129.80"
74,BR-2279,State Bank of India (Consolidated)   ,Mumbai Metro,Urban,2019,Post-Merger,01/04/2017,3.22%,1.04%,45.81%,0.95%,46.08%,12.93%,"1,479.22","1,910.15"
75,BR-3573,State Bank of Hyderabad,Thiruvananthapuram,Semi-Urban,2014,Pre-Merger,2017-04-01,5.49%,2.88%,57.84%,-0.42%,41.40%,10.41%,866.93,"1,166.39"
76,BR-9041,State Bank of India (Consolidated),Lucknow,Semi-Urban,2019,Post-Merger,2017-04-01,6.95%,1.93%,53.36%,1.33%,41.99%,14.71%,"1,378.46","1,758.41"
77,BR-4629,State Bank of India (Consolidated),Kolkata,Urban,2021,Post-Merger,01/04/2017,6.61%,1.90%,46.75%,0.83%,44.72%,15.09%,"1,104.58","1,472.54"
78,BR-7766,State Bank of India (Consolidated),Delhi NCR,Semi-Urban,2021,Post-Merger,2017-04-01,5.66%,2.48%,43.94%,1.03%,43.49%,14.25%,784.84,"1,043.09"
79,BR-8617,State Bank of India (Consolidated),Bengaluru,Urban,2018,Post-Merger,2017-04-01,3.49%,1.16%,42.15%,1.05%,51.10%,13.14%,190.43,219.13
80,BR-8009,State Bank of India (Parent),Hyderabad,Semi-Urban,2017,Pre-Merger,2017-04-01,9.56%,4.94%,54.17%,0.72%,41.71%,10.73%,"1,319.58","1,807.39"
81,BR-6604,State Bank of India (Consolidated),Mumbai Metro,Metro,2019,Post-Merger,01/04/2017,5.98%,2.57%,47.24%,1.25%,49.10%,14.27%,142.71,189.30
82,BR-8124,State Bank of India (Consolidated),Thiruvananthapuram,Semi-Urban,2019,Post-Merger,2017-04-01,5.17%,2.24%,48.90%,0.71%,49.45%,14.00%,"1,279.26","1,593.61"
83,BR-8693,State Bank of India (Consolidated),Chennai,Semi-Urban,2020,Post-Merger,2017-04-01,7.61%,2.64%,39.55%,0.81%,49.05%,11.60%,892.85,"1,242.13"
84,BR-1920,State Bank of India (Consolidated),Ahmedabad,Metro,2018,Post-Merger,2017-04-01,3.46%,1.30%,48.21%,1.09%,45.79%,15.38%,"1,413.48","1,964.22"
85,BR-3032,State Bank of India (Consolidated),Mumbai Metro,Metro,2018,Post-Merger,2017-04-01,5.85%,2.14%,45.09%,0.54%,40.18%,13.78%,821.98,"1,125.85"
86,BR-2165,State Bank of India (Consolidated),Lucknow,Rural,2021,Post-Merger,2017-04-01,4.64%,1.43%,43.38%,0.51%,45.38%,14.38%,625.74,847.19
87,BR-2828,State Bank of India (Consolidated),Kolkata,Semi-Urban,2018,Post-Merger,2017-04-01,6.97%,3.11%,41.38%,0.87%,48.75%,13.98%,650.24,911.21
88,BR-4564,State Bank of India (Consolidated),Ahmedabad,Rural,2019,Post-Merger,2017-04-01,6.00%,1.78%,45.23%,0.57%,47.44%,13.35%,577.18,673.77
89,BR-2913,State Bank of India (Parent),Hyderabad,Metro,2014,Pre-Merger,01/04/2017,14.35%,8.97%,51.93%,0.56%,39.49%,11.42%,842.50,"1,118.74"
90,BR-2640,State Bank of India (Consolidated),Jaipur,Semi-Urban,2021,Post-Merger,2017-04-01,4.56%,1.38%,49.27%,1.16%,42.52%,14.23%,660.00,832.79
91,BR-6295,State Bank of Hyderabad,Lucknow,Rural,2015,Pre-Merger,2017-04-01,12.70%,7.66%,54.66%,0.68%,49.07%,12.65%,820.19,"1,156.84"
92,BR-2704,State Bank of India (Consolidated),Thiruvananthapuram,Urban,2018,Post-Merger,2017-04-01,7.11%,2.97%,51.25%,1.19%,50.34%,14.88%,305.22,431.66
93,BR-6150,State Bank of India (Consolidated),Chandigarh,Semi-Urban,2020,Post-Merger,2017-04-01,6.34%,1.59%,46.62%,1.33%,46.70%,13.16%,199.42,248.86
94,BR-8009,State Bank of India (Parent)   ,Hyderabad,Metro,2017,Pre-Merger,01/04/2017,7.83%,5.07%,52.74%,-0.05%,40.81%,11.84%,"1,272.97","1,613.67"
95,BR-8059,State Bank of India (Consolidated),Bhopal,Rural,2021,Post-Merger,2017-04-01,6.83%,2.68%,44.91%,0.54%,45.35%,16.52%,924.04,"1,168.99"
96,BR-4356,State Bank of Bikaner and Jaipur,Kolkata,Metro,2017,Pre-Merger,2017-04-01,7.43%,4.32%,56.48%,0.05%,36.92%,12.98%,196.98,266.74
97,BR-4778,Bharatiya Mahila Bank,Lucknow,Urban,2014,Pre-Merger,01/04/2017,3.89%,2.17%,51.95%,0.92%,44.44%,12.59%,"1,095.19","1,444.36"
98,BR-2607,State Bank of India (Parent),Hyderabad,Rural,2017,Pre-Merger,2017-04-01,8.88%,5.83%,57.68%,0.78%,42.84%,12.87%,969.23,"1,152.78"
99,BR-5473,State Bank of India (Parent),Jaipur,Urban,2016,Pre-Merger,2017-04-01,15.04%,8.19%,61.25%,-0.54%,42.27%,12.69%,542.81,720.35
100,BR-4788,State Bank of India (Parent)   ,Kolkata,Rural,2014,Pre-Merger,01/04/2017,6.61%,3.39%,52.46%,-1.10%,34.66%,13.04%,"1,066.87","1,502.19"
101,BR-1778,State Bank of India (Consolidated),Delhi NCR,Urban,2019,Post-Merger,2017-04-01,4.72%,1.28%,48.86%,0.67%,45.67%,12.33%,571.34,790.02
102,BR-1001,State Bank of India (Parent),Ahmedabad,Semi-Urban,2014,Pre-Merger,2017-04-01,9.51%,5.36%,49.99%,0.18%,48.19%,12.90%,"1,216.83","1,472.42"
103,BR-2895,State Bank of India (Parent),Bhopal,Rural,2016,Pre-Merger,01/04/2017,10.47%,6.40%,58.46%,-0.57%,44.44%,13.59%,949.41,"1,229.79"
104,BR-1899,State Bank of India (Consolidated),Ahmedabad,Semi-Urban,2019,Post-Merger,2017-04-01,6.96%,2.88%,55.09%,0.54%,51.58%,14.34%,195.91,228.84
105,BR-2560,State Bank of India (Consolidated),Bengaluru,Metro,2018,Post-Merger,2017-04-01,2.94%,1.01%,51.21%,0.98%,46.81%,13.42%,309.58,357.95
106,BR-9503,State Bank of Bikaner and Jaipur,Hyderabad,Semi-Urban,2014,Pre-Merger,2017-04-01,9.54%,4.91%,48.34%,0.07%,35.62%,11.79%,"1,273.44","1,531.00"
107,BR-1956,State Bank of India (Consolidated),Delhi NCR,Semi-Urban,2021,Post-Merger,2017-04-01,2.36%,0.76%,43.77%,0.86%,49.16%,16.12%,771.07,"1,088.77"
108,BR-2394,State Bank of Travancore,Ahmedabad,Semi-Urban,2015,Pre-Merger,2017-04-01,8.33%,4.48%,61.14%,1.18%,38.50%,12.64%,"1,096.47","1,559.96"
109,BR-1525,State Bank of India (Consolidated),Ahmedabad,Metro,2019,Post-Merger,01/04/2017,1.50%,0.40%,48.64%,0.47%,45.01%,16.03%,902.77,"1,217.64"
110,BR-9219,State Bank of Patiala   ,Kolkata,Metro,2015,Pre-Merger,01/04/2017,4.53%,,,1.20%,35.37%,11.59%,413.24,584.78
111,BR-6724,State Bank of Mysore,Jaipur,Rural,2015,Pre-Merger,2017-04-01,9.28%,5.62%,49.35%,-0.43%,34.95%,10.40%,837.59,"1,159.67"
112,BR-3203,State Bank of India (Consolidated),Mumbai Metro,Metro,2020,Post-Merger,2017-04-01,8.19%,3.47%,46.22%,0.71%,45.25%,14.06%,834.26,"1,193.81"
113,BR-5293,State Bank of India (Consolidated),Chennai,Metro,2018,Post-Merger,2017-04-01,5.54%,1.95%,48.90%,1.10%,46.71%,15.30%,774.16,"1,045.16"
114,BR-6757,State Bank of India (Consolidated),Kolkata,Rural,2018,Post-Merger,2017-04-01,1.50%,0.42%,47.44%,0.82%,44.12%,13.59%,"1,117.78","1,337.81"
115,BR-2198,State Bank of Mysore,Chennai,Semi-Urban,2015,Pre-Merger,2017-04-01,9.63%,4.85%,55.38%,0.75%,38.93%,12.61%,240.62,334.14
116,BR-4124,State Bank of India (Consolidated),Chandigarh,Metro,2021,Post-Merger,2017-04-01,6.86%,2.61%,48.35%,0.52%,45.28%,14.49%,"1,316.47","1,822.94"
117,BR-4173,State Bank of India (Consolidated),Hyderabad,Urban,2019,Post-Merger,2017-04-01,5.69%,2.45%,50.12%,0.65%,48.14%,13.72%,501.55,674.45
118,BR-5806,State Bank of India (Consolidated),Bengaluru,Metro,2020,Post-Merger,2017-04-01,7.70%,3.00%,43.43%,0.10%,43.26%,12.51%,402.72,471.97
119,BR-8117,State Bank of Patiala,Delhi NCR,Semi-Urban,2015,Pre-Merger,2017-04-01,19.85%,13.33%,54.65%,0.40%,36.27%,12.04%,640.00,841.49
120,BR-7570,State Bank of India (Consolidated),Bengaluru,Metro,2018,Post-Merger,2017-04-01,2.79%,1.16%,50.68%,0.72%,41.35%,15.94%,359.96,465.70
121,BR-7012,State Bank of India (Parent)   ,Chandigarh,Urban,2017,Pre-Merger,01/04/2017,6.64%,4.28%,49.53%,-0.80%,42.59%,13.87%,467.13,595.15
122,BR-2286,State Bank of India (Consolidated),Chennai,Urban,2020,Post-Merger,2017-04-01,7.37%,3.11%,45.15%,0.96%,48.82%,13.31%,343.02,488.92
123,BR-2798,State Bank of India (Consolidated),Thiruvananthapuram,Metro,2019,Post-Merger,2017-04-01,4.80%,1.81%,47.44%,0.82%,47.40%,14.16%,403.87,490.14
124,BR-6752,State Bank of India (Consolidated),Ahmedabad,Semi-Urban,2018,Post-Merger,2017-04-01,5.98%,2.58%,48.40%,1.31%,42.50%,12.83%,"1,119.38","1,573.12"
125,BR-1145,State Bank of Hyderabad,Lucknow,Metro,2016,Pre-Merger,01/04/2017,16.91%,8.97%,48.93%,0.73%,42.66%,12.00%,113.57,152.48
126,BR-9841,State Bank of India (Parent),Ahmedabad,Semi-Urban,2014,Pre-Merger,2017-04-01,9.38%,5.70%,55.91%,0.35%,42.66%,11.35%,654.13,836.28
127,BR-7602,State Bank of India (Consolidated),Chandigarh,Urban,2020,Post-Merger,2017-04-01,7.88%,2.92%,45.22%,1.02%,44.54%,13.20%,996.31,"1,323.82"
128,BR-6189,State Bank of Hyderabad,Bengaluru,Urban,2014,Pre-Merger,2017-04-01,12.58%,7.29%,56.72%,0.93%,41.78%,11.54%,465.03,617.49
129,BR-3428,State Bank of India (Parent),Chandigarh,Metro,2015,Pre-Merger,2017-04-01,12.02%,7.59%,63.26%,-0.07%,40.78%,12.81%,328.93,446.36
130,BR-3665,State Bank of India (Consolidated),Kolkata,Metro,2019,Post-Merger,2017-04-01,6.04%,2.02%,38.32%,0.61%,42.86%,15.05%,"1,033.61","1,217.47"
131,BR-5895,State Bank of Hyderabad,Mumbai Metro,Urban,2014,Pre-Merger,2017-04-01,5.84%,2.99%,54.61%,0.18%,39.37%,10.93%,571.78,698.55
132,BR-6299,State Bank of India (Consolidated),Thiruvananthapuram,Urban,2019,Post-Merger,2017-04-01,2.98%,1.01%,48.68%,1.60%,45.48%,15.11%,"1,488.86","2,092.48"
133,BR-1560,State Bank of Hyderabad,Bhopal,Semi-Urban,2015,Pre-Merger,2017-04-01,14.52%,8.65%,59.38%,-0.07%,42.74%,12.84%,537.99,622.38
134,BR-8373,State Bank of Hyderabad,Chennai,Urban,2017,Pre-Merger,2017-04-01,8.13%,5.43%,51.25%,1.20%,44.65%,10.44%,277.66,394.13
135,BR-2960,State Bank of India (Consolidated),Delhi NCR,Urban,2019,Post-Merger,01/04/2017,5.19%,1.37%,43.43%,0.80%,47.35%,14.02%,522.78,680.58
136,BR-3494,State Bank of India (Consolidated),Chandigarh,Metro,2019,Post-Merger,2017-04-01,6.82%,1.71%,47.39%,0.70%,40.91%,12.22%,881.51,"1,064.45"
137,BR-4850,State Bank of India (Parent),Mumbai Metro,Metro,2015,Pre-Merger,2017-04-01,8.00%,4.17%,52.65%,-0.02%,39.79%,11.77%,803.38,"1,164.10"
138,BR-2403,State Bank of India (Parent),Bhopal,Urban,2017,Pre-Merger,2017-04-01,10.35%,6.39%,56.62%,0.79%,39.27%,13.66%,"1,008.79","1,267.31"
139,BR-2549,State Bank of India (Consolidated),Hyderabad,Rural,2020,Post-Merger,2017-04-01,7.57%,1.91%,50.10%,0.58%,36.43%,13.44%,840.14,"1,020.40"
140,BR-8380,State Bank of India (Consolidated),Ahmedabad,Metro,2018,Post-Merger,01/04/2017,6.64%,2.73%,47.14%,0.98%,45.92%,12.93%,725.22,"1,017.71"
141,BR-6827,State Bank of India (Parent),Chandigarh,Rural,2015,Pre-Merger,2017-04-01,9.25%,5.25%,62.20%,-0.17%,31.89%,12.51%,"1,436.58","1,991.20"
142,BR-1571,State Bank of India (Consolidated),Mumbai Metro,Metro,2021,Post-Merger,01/04/2017,6.29%,1.89%,46.86%,1.10%,50.44%,15.56%,"1,351.07","1,811.79"
143,BR-8340,State Bank of India (Parent),Chennai,Semi-Urban,2016,Pre-Merger,2017-04-01,9.70%,4.94%,55.67%,1.01%,43.30%,9.52%,735.96,"1,065.28"
144,BR-6510,State Bank of India (Parent),Lucknow,Rural,2016,Pre-Merger,2017-04-01,10.39%,5.52%,55.77%,-0.07%,37.87%,13.17%,109.74,128.91
145,BR-4839,State Bank of India (Consolidated),Delhi NCR,Urban,2021,Post-Merger,01/04/2017,3.20%,0.93%,52.91%,0.88%,42.26%,14.87%,833.03,968.47
146,BR-4747,State Bank of Bikaner and Jaipur,Mumbai Metro,Rural,2017,Pre-Merger,2017-04-01,13.72%,7.14%,58.24%,0.33%,50.45%,12.66%,302.43,351.76
147,BR-6784,State Bank of India (Consolidated),Ahmedabad,Rural,2021,Post-Merger,2017-04-01,2.60%,0.97%,39.80%,0.70%,44.53%,14.47%,485.99,677.85
148,BR-5875,State Bank of Hyderabad,Delhi NCR,Metro,2014,Pre-Merger,2017-04-01,12.41%,7.63%,56.18%,1.20%,45.50%,11.32%,462.45,606.67
149,BR-5558,State Bank of Patiala,Ahmedabad,Semi-Urban,2017,Pre-Merger,2017-04-01,9.90%,6.45%,47.79%,0.54%,47.81%,12.46%,502.52,663.08
150,BR-8295,State Bank of India (Consolidated)   ,Thiruvananthapuram,Semi-Urban,2018,Post-Merger,01/04/2017,10.84%,,,0.77%,48.40%,12.99%,"1,488.37","1,755.91"
151,BR-3520,State Bank of Patiala,Chandigarh,Rural,2015,Pre-Merger,2017-04-01,11.19%,6.98%,59.84%,0.76%,32.15%,13.52%,"1,272.75","1,781.60"
152,BR-8544,State Bank of India (Parent),Hyderabad,Semi-Urban,2017,Pre-Merger,2017-04-01,10.07%,5.30%,57.75%,0.13%,47.91%,11.76%,"1,338.40","1,777.28"
153,BR-3023,State Bank of India (Consolidated),Chennai,Metro,2020,Post-Merger,01/04/2017,8.12%,2.18%,45.02%,0.59%,54.45%,13.42%,903.58,"1,191.32"
154,BR-1161,State Bank of India (Consolidated),Thiruvananthapuram,Semi-Urban,2019,Post-Merger,2017-04-01,6.25%,2.57%,50.16%,0.59%,42.64%,14.10%,163.14,203.97
155,BR-1867,State Bank of India (Consolidated),Chandigarh,Rural,2021,Post-Merger,2017-04-01,1.52%,0.42%,48.60%,0.47%,48.24%,13.40%,"1,217.94","1,680.73"
156,BR-2283,State Bank of Patiala,Thiruvananthapuram,Urban,2017,Pre-Merger,2017-04-01,9.25%,4.82%,59.66%,0.17%,45.79%,10.07%,914.63,"1,102.44"
157,BR-6068,State Bank of India (Parent)   ,Hyderabad,Urban,2016,Pre-Merger,01/04/2017,8.11%,4.81%,57.97%,0.54%,40.41%,11.69%,"1,319.28","1,850.40"
158,BR-9895,State Bank of India (Consolidated)   ,Hyderabad,Metro,2018,Post-Merger,01/04/2017,2.87%,1.12%,45.35%,0.83%,44.54%,12.90%,"1,390.12","1,795.50"
159,BR-5713,State Bank of India (Consolidated),Bhopal,Metro,2019,Post-Merger,2017-04-01,7.58%,3.37%,44.57%,0.41%,38.72%,13.52%,302.06,424.67
160,BR-3297,State Bank of India (Parent),Thiruvananthapuram,Rural,2016,Pre-Merger,2017-04-01,12.09%,7.20%,46.57%,-0.27%,41.99%,12.30%,875.44,"1,252.80"
161,BR-4959,State Bank of India (Consolidated),Lucknow,Urban,2021,Post-Merger,2017-04-01,5.70%,2.54%,56.15%,0.94%,43.04%,13.43%,518.35,743.37
162,BR-9616,State Bank of India (Parent),Thiruvananthapuram,Urban,2014,Pre-Merger,2017-04-01,6.40%,3.46%,57.35%,0.08%,45.07%,14.50%,242.97,342.11
163,BR-7566,State Bank of India (Consolidated),Bengaluru,Semi-Urban,2019,Post-Merger,01/04/2017,10.03%,2.96%,50.77%,0.70%,49.53%,14.59%,386.85,456.20
164,BR-9535,State Bank of India (Consolidated),Chennai,Urban,2020,Post-Merger,2017-04-01,4.22%,1.49%,46.50%,1.26%,43.24%,13.14%,313.88,392.06
165,BR-7519,State Bank of India (Consolidated),Chandigarh,Urban,2021,Post-Merger,2017-04-01,5.22%,1.77%,49.14%,1.09%,45.23%,13.88%,229.77,309.51
166,BR-6546,State Bank of Bikaner and Jaipur,Jaipur,Urban,2016,Pre-Merger,2017-04-01,20.02%,10.71%,60.22%,-0.07%,37.23%,10.96%,992.60,"1,199.81"
167,BR-7971,State Bank of Hyderabad   ,Hyderabad,Urban,2017,Pre-Merger,01/04/2017,11.02%,6.23%,,1.20%,41.73%,12.10%,"1,120.34","1,564.12"
168,BR-7509,State Bank of India (Consolidated),Lucknow,Rural,2019,Post-Merger,2017-04-01,5.29%,2.23%,48.49%,0.59%,41.80%,14.05%,"1,109.76","1,383.76"
169,BR-9438,State Bank of India (Consolidated),Chennai,Rural,2021,Post-Merger,2017-04-01,5.96%,2.12%,46.19%,0.98%,46.64%,14.33%,346.12,487.15
170,BR-1645,State Bank of Patiala,Thiruvananthapuram,Metro,2016,Pre-Merger,2017-04-01,8.67%,5.88%,55.75%,0.79%,36.56%,11.28%,"1,243.34","1,758.02"
171,BR-7299,State Bank of India (Consolidated),Mumbai Metro,Rural,2021,Post-Merger,01/04/2017,6.36%,2.13%,45.46%,0.87%,46.98%,14.64%,698.42,924.13
172,BR-2674,State Bank of India (Consolidated),Ahmedabad,Metro,2019,Post-Merger,2017-04-01,3.59%,1.60%,43.77%,0.89%,41.37%,15.53%,"1,054.58","1,234.80"
173,BR-6779,Bharatiya Mahila Bank,Mumbai Metro,Semi-Urban,2017,Pre-Merger,2017-04-01,12.58%,6.78%,52.80%,-0.01%,40.23%,11.65%,"1,158.13","1,645.80"
174,BR-2787,State Bank of India (Consolidated),Bengaluru,Urban,2018,Post-Merger,01/04/2017,8.64%,3.71%,50.47%,0.90%,40.04%,12.39%,401.96,508.27
175,BR-7142,State Bank of India (Consolidated),Chandigarh,Urban,2019,Post-Merger,01/04/2017,5.18%,1.73%,47.14%,0.92%,43.06%,15.11%,"1,474.15","1,970.06"
176,BR-2531,State Bank of Travancore,Chandigarh,Rural,2016,Pre-Merger,01/04/2017,11.38%,5.92%,56.15%,1.20%,40.11%,11.82%,97.61,125.98
177,BR-2762,State Bank of India (Parent),Hyderabad,Metro,2014,Pre-Merger,01/04/2017,12.84%,8.48%,62.20%,0.79%,38.40%,12.29%,"1,493.52","2,100.95"
178,BR-8851,State Bank of Mysore,Kolkata,Semi-Urban,2014,Pre-Merger,01/04/2017,8.31%,4.94%,49.46%,0.28%,37.05%,11.68%,322.23,462.22
179,BR-4740,State Bank of India (Parent),Ahmedabad,Urban,2016,Pre-Merger,01/04/2017,6.71%,3.82%,54.64%,1.20%,40.30%,12.34%,"1,135.90","1,478.81"
180,BR-3261,State Bank of India (Parent)   ,Bengaluru,Metro,2014,Pre-Merger,01/04/2017,11.56%,,,0.47%,40.26%,10.45%,719.66,929.72
181,BR-6410,State Bank of India (Consolidated),Chandigarh,Urban,2021,Post-Merger,2017-04-01,4.20%,1.48%,44.66%,0.67%,42.87%,14.48%,807.99,"1,000.33"
182,BR-5912,State Bank of Patiala,Jaipur,Urban,2014,Pre-Merger,2017-04-01,14.09%,8.39%,55.38%,0.95%,40.74%,11.55%,"1,399.79","1,679.13"
183,BR-7132,State Bank of India (Consolidated),Delhi NCR,Metro,2018,Post-Merger,2017-04-01,2.90%,1.20%,50.60%,0.83%,43.35%,13.25%,625.05,804.36
184,BR-2774,State Bank of Hyderabad,Bengaluru,Semi-Urban,2017,Pre-Merger,01/04/2017,10.90%,7.21%,46.97%,-0.19%,38.89%,13.86%,997.46,"1,340.52"
185,BR-5658,State Bank of India (Consolidated)   ,Thiruvananthapuram,Rural,2019,Post-Merger,01/04/2017,6.76%,2.69%,,1.23%,45.91%,14.48%,717.37,843.14
186,BR-5669,State Bank of India (Parent),Lucknow,Metro,2014,Pre-Merger,2017-04-01,15.88%,9.28%,59.22%,0.15%,38.05%,12.02%,850.40,"1,197.81"
187,BR-2823,State Bank of Bikaner and Jaipur,Ahmedabad,Metro,2016,Pre-Merger,2017-04-01,14.59%,7.55%,56.56%,0.19%,40.70%,12.83%,806.59,967.66
188,BR-5928,State Bank of Travancore,Jaipur,Urban,2014,Pre-Merger,01/04/2017,2.15%,1.20%,43.93%,0.55%,42.75%,13.66%,223.79,314.23
189,BR-4699,State Bank of India (Consolidated),Bhopal,Metro,2021,Post-Merger,01/04/2017,5.85%,2.27%,48.26%,0.76%,41.49%,14.11%,"1,448.90","1,833.24"
190,BR-5458,State Bank of India (Consolidated),Hyderabad,Rural,2021,Post-Merger,2017-04-01,5.00%,1.66%,41.09%,0.47%,45.36%,12.69%,264.67,370.71
191,BR-9036,State Bank of Travancore,Delhi NCR,Metro,2016,Pre-Merger,2017-04-01,13.55%,9.18%,56.16%,-0.57%,35.05%,12.78%,298.89,393.37
192,BR-5916,State Bank of Patiala,Bhopal,Semi-Urban,2016,Pre-Merger,2017-04-01,3.28%,1.85%,56.94%,0.86%,41.12%,10.75%,"1,041.89","1,271.64"
193,BR-4456,State Bank of Hyderabad,Jaipur,Metro,2017,Pre-Merger,01/04/2017,8.13%,5.21%,57.04%,-0.19%,45.24%,13.37%,735.25,"1,006.74"
194,BR-9848,State Bank of India (Consolidated),Lucknow,Metro,2018,Post-Merger,2017-04-01,4.69%,1.68%,48.16%,0.94%,49.30%,14.22%,265.53,368.33
195,BR-2207,State Bank of Bikaner and Jaipur,Ahmedabad,Urban,2017,Pre-Merger,01/04/2017,9.86%,5.10%,57.44%,0.32%,47.57%,12.11%,821.87,"1,083.89"
196,BR-3808,State Bank of Hyderabad,Chandigarh,Metro,2016,Pre-Merger,01/04/2017,3.64%,2.39%,54.25%,0.52%,43.08%,12.91%,894.41,"1,285.10"
197,BR-8084,State Bank of Mysore   ,Lucknow,Rural,2014,Pre-Merger,01/04/2017,6.53%,,,0.88%,44.16%,12.29%,978.21,"1,314.07"
198,BR-4735,State Bank of India (Parent),Jaipur,Rural,2016,Pre-Merger,2017-04-01,13.25%,8.91%,58.79%,0.66%,43.90%,12.77%,"1,131.48","1,349.69"
199,BR-3235,State Bank of India (Consolidated),Bhopal,Urban,2021,Post-Merger,01/04/2017,6.24%,2.43%,47.75%,0.70%,42.45%,12.95%,"1,056.12","1,222.30"
200,BR-8938,State Bank of India (Consolidated),Kolkata,Metro,2019,Post-Merger,2017-04-01,7.75%,3.19%,47.31%,0.99%,43.88%,13.84%,790.89,"1,098.04"
201,BR-2497,State Bank of India (Consolidated),Ahmedabad,Metro,2018,Post-Merger,2017-04-01,3.81%,1.61%,49.62%,0.22%,42.85%,13.54%,111.28,147.44
202,BR-6789,State Bank of India (Consolidated),Thiruvananthapuram,Semi-Urban,2018,Post-Merger,2017-04-01,4.57%,1.17%,45.66%,0.30%,43.04%,14.80%,"1,102.10","1,554.05"
203,BR-6575,State Bank of India (Consolidated),Ahmedabad,Semi-Urban,2019,Post-Merger,2017-04-01,6.30%,1.88%,45.33%,1.08%,47.46%,14.38%,818.64,976.53
204,BR-7046,State Bank of India (Consolidated),Thiruvananthapuram,Semi-Urban,2019,Post-Merger,01/04/2017,8.50%,3.63%,49.31%,1.06%,43.20%,12.25%,225.90,272.60
205,BR-7352,State Bank of India (Consolidated),Bengaluru,Rural,2020,Post-Merger,2017-04-01,4.06%,1.29%,56.46%,0.84%,41.81%,14.35%,"1,368.22","1,960.52"
206,BR-7091,State Bank of India (Parent)   ,Hyderabad,Rural,2016,Pre-Merger,01/04/2017,13.19%,,,0.27%,46.69%,13.22%,86.20,103.45
207,BR-4607,State Bank of India (Parent),Delhi NCR,Semi-Urban,2017,Pre-Merger,2017-04-01,11.07%,6.07%,55.21%,1.20%,39.36%,9.53%,"1,309.46","1,692.86"
208,BR-9418,State Bank of India (Parent),Kolkata,Rural,2017,Pre-Merger,2017-04-01,9.70%,6.35%,55.49%,-0.45%,47.49%,11.52%,607.05,856.50
209,BR-3016,State Bank of Mysore,Kolkata,Semi-Urban,2017,Pre-Merger,2017-04-01,4.83%,2.53%,58.18%,1.11%,44.24%,13.38%,641.09,874.42
210,BR-1234,State Bank of Mysore,Delhi NCR,Metro,2016,Pre-Merger,01/04/2017,5.42%,3.51%,55.53%,1.20%,42.19%,11.50%,423.48,602.75
211,BR-8011,State Bank of India (Consolidated),Kolkata,Semi-Urban,2019,Post-Merger,01/04/2017,5.49%,1.81%,37.17%,1.60%,48.25%,14.08%,"1,448.17","1,890.89"
212,BR-5214,State Bank of India (Parent)   ,Hyderabad,Urban,2017,Pre-Merger,01/04/2017,8.96%,,,0.43%,34.90%,10.71%,338.07,432.95
213,BR-7198,State Bank of India (Parent),Ahmedabad,Semi-Urban,2015,Pre-Merger,2017-04-01,12.86%,7.74%,63.14%,0.70%,48.97%,12.59%,856.69,"1,198.45"
214,BR-9835,State Bank of India (Consolidated),Thiruvananthapuram,Rural,2021,Post-Merger,2017-04-01,7.36%,1.94%,44.38%,0.50%,51.35%,13.97%,752.81,878.80
215,BR-1630,State Bank of India (Consolidated)   ,Chandigarh,Semi-Urban,2018,Post-Merger,01/04/2017,9.94%,3.77%,48.85%,1.29%,46.64%,14.89%,960.02,"1,362.10"
216,BR-8468,State Bank of India (Parent),Jaipur,Semi-Urban,2016,Pre-Merger,2017-04-01,7.03%,4.54%,48.66%,1.20%,36.32%,13.13%,570.17,812.63
217,BR-3606,State Bank of India (Consolidated),Hyderabad,Rural,2020,Post-Merger,2017-04-01,5.29%,1.48%,47.78%,0.40%,44.95%,14.15%,423.49,550.61
218,BR-8557,State Bank of India (Consolidated),Jaipur,Metro,2019,Post-Merger,01/04/2017,7.01%,3.05%,48.27%,1.33%,44.90%,12.52%,876.44,"1,235.07"
219,BR-9811,State Bank of India (Parent),Chandigarh,Metro,2014,Pre-Merger,01/04/2017,9.83%,5.61%,55.33%,-0.11%,42.24%,12.17%,657.48,944.08
220,BR-9548,State Bank of Travancore,Jaipur,Metro,2014,Pre-Merger,01/04/2017,17.09%,9.09%,50.80%,1.14%,37.65%,13.94%,"1,433.11","2,063.84"
221,BR-9199,State Bank of India (Consolidated)   ,Thiruvananthapuram,Semi-Urban,2019,Post-Merger,01/04/2017,4.07%,1.54%,50.36%,0.45%,47.15%,15.88%,788.43,909.56
222,BR-9155,State Bank of India (Consolidated),Bengaluru,Rural,2021,Post-Merger,01/04/2017,6.58%,2.37%,45.34%,0.94%,50.36%,14.18%,440.43,538.97
223,BR-2196,State Bank of Travancore,Chennai,Urban,2015,Pre-Merger,01/04/2017,9.78%,5.79%,57.27%,1.20%,39.77%,12.11%,471.28,629.92
224,BR-1692,State Bank of Bikaner and Jaipur,Bhopal,Semi-Urban,2016,Pre-Merger,2017-04-01,7.65%,4.99%,56.69%,0.74%,42.77%,11.25%,399.34,510.92
225,BR-1660,State Bank of India (Parent),Ahmedabad,Metro,2016,Pre-Merger,2017-04-01,9.22%,5.32%,55.28%,1.20%,38.86%,10.64%,442.54,548.18
226,BR-5570,State Bank of India (Parent),Delhi NCR,Rural,2017,Pre-Merger,2017-04-01,10.48%,6.90%,50.43%,0.30%,44.60%,13.02%,580.70,811.49
227,BR-7614,State Bank of India (Consolidated),Kolkata,Metro,2018,Post-Merger,01/04/2017,4.81%,1.24%,40.87%,0.90%,43.79%,13.29%,"1,461.77","1,780.20"
228,BR-5307,State Bank of Travancore,Thiruvananthapuram,Urban,2016,Pre-Merger,01/04/2017,9.91%,5.05%,51.83%,-0.23%,44.25%,13.67%,670.64,923.95
229,BR-3749,State Bank of India (Consolidated),Bhopal,Urban,2018,Post-Merger,2017-04-01,7.54%,2.16%,49.40%,1.05%,44.62%,13.38%,918.71,"1,238.70"
230,BR-4273,State Bank of India (Consolidated)   ,Hyderabad,Semi-Urban,2021,Post-Merger,01/04/2017,8.60%,2.44%,48.79%,1.27%,47.78%,12.30%,501.12,683.69
231,BR-3800,State Bank of Mysore,Mumbai Metro,Semi-Urban,2014,Pre-Merger,2017-04-01,5.94%,3.16%,53.69%,0.10%,44.77%,11.79%,"1,024.51","1,226.54"
232,BR-2903,State Bank of India (Consolidated),Mumbai Metro,Metro,2020,Post-Merger,2017-04-01,5.03%,1.69%,40.05%,0.95%,50.02%,11.50%,629.88,895.67
233,BR-2907,State Bank of India (Parent),Bengaluru,Rural,2016,Pre-Merger,2017-04-01,4.94%,3.10%,52.89%,0.47%,46.28%,14.20%,"1,304.95","1,570.87"
234,BR-4663,State Bank of Travancore,Jaipur,Rural,2016,Pre-Merger,2017-04-01,9.93%,6.41%,59.24%,1.20%,44.87%,11.58%,792.15,927.82
235,BR-8951,State Bank of India (Consolidated),Hyderabad,Metro,2020,Post-Merger,2017-04-01,5.20%,1.87%,47.74%,0.43%,41.64%,15.60%,554.35,759.35
236,BR-4104,State Bank of India (Consolidated),Ahmedabad,Metro,2019,Post-Merger,2017-04-01,3.02%,0.81%,51.90%,0.37%,46.08%,14.05%,"1,194.50","1,636.52"
237,BR-9319,State Bank of India (Consolidated),Chennai,Urban,2019,Post-Merger,2017-04-01,6.71%,2.90%,46.56%,0.77%,44.56%,14.57%,868.80,"1,048.59"
238,BR-4802,State Bank of India (Parent),Bhopal,Semi-Urban,2014,Pre-Merger,2017-04-01,9.92%,5.43%,54.12%,-0.52%,37.31%,11.10%,"1,012.59","1,458.70"
239,BR-2518,State Bank of India (Consolidated),Bhopal,Semi-Urban,2019,Post-Merger,01/04/2017,5.68%,2.21%,44.45%,0.47%,45.18%,16.55%,"1,079.39","1,362.17"
240,BR-8519,State Bank of India (Consolidated),Bengaluru,Rural,2021,Post-Merger,01/04/2017,7.36%,2.70%,40.94%,0.84%,45.03%,12.89%,949.41,"1,152.51"
241,BR-2271,State Bank of India (Consolidated)   ,Chandigarh,Rural,2019,Post-Merger,01/04/2017,3.16%,0.82%,52.64%,0.30%,50.89%,14.18%,"1,414.31","1,720.01"
242,BR-8071,State Bank of India (Consolidated),Chandigarh,Urban,2021,Post-Merger,2017-04-01,7.27%,2.13%,47.10%,1.52%,42.58%,15.51%,"1,343.88","1,579.45"
243,BR-4676,State Bank of Mysore,Chennai,Metro,2016,Pre-Merger,2017-04-01,9.85%,6.01%,54.11%,-0.43%,43.76%,11.65%,362.96,512.95
244,BR-6694,State Bank of India (Parent),Thiruvananthapuram,Rural,2014,Pre-Merger,2017-04-01,10.64%,5.84%,62.17%,0.17%,47.46%,13.30%,195.23,280.24
245,BR-5370,State Bank of Travancore,Kolkata,Semi-Urban,2017,Pre-Merger,2017-04-01,5.32%,3.25%,55.43%,0.87%,44.55%,11.36%,606.98,865.69
246,BR-1294,State Bank of Travancore,Delhi NCR,Semi-Urban,2014,Pre-Merger,2017-04-01,9.92%,6.60%,52.61%,1.17%,42.32%,13.18%,"1,263.77","1,642.69"
247,BR-6668,State Bank of India (Consolidated),Ahmedabad,Semi-Urban,2020,Post-Merger,01/04/2017,4.99%,1.27%,40.46%,0.79%,38.78%,14.08%,"1,396.50","1,650.13"
248,BR-9312,State Bank of Travancore,Mumbai Metro,Urban,2014,Pre-Merger,01/04/2017,7.59%,3.95%,61.19%,0.40%,44.24%,12.80%,713.61,993.17
249,BR-3330,State Bank of India (Consolidated),Thiruvananthapuram,Rural,2021,Post-Merger,2017-04-01,2.82%,1.12%,48.54%,0.61%,47.49%,14.77%,977.75,"1,233.98"
250,BR-8024,State Bank of India (Consolidated),Chandigarh,Metro,2018,Post-Merger,2017-04-01,7.05%,3.04%,48.37%,0.10%,46.50%,14.36%,569.59,733.95
251,BR-2700,State Bank of India (Consolidated),Chennai,Metro,2020,Post-Merger,2017-04-01,6.96%,2.06%,43.71%,0.82%,51.61%,13.76%,583.07,688.96
252,BR-8178,State Bank of India (Consolidated),Chandigarh,Urban,2019,Post-Merger,01/04/2017,6.71%,1.90%,44.10%,0.47%,49.70%,13.15%,892.12,"1,289.89"
253,BR-4005,State Bank of Hyderabad,Mumbai Metro,Urban,2014,Pre-Merger,2017-04-01,13.27%,7.05%,59.25%,-1.23%,41.01%,12.56%,836.16,990.53
254,BR-5390,State Bank of India (Consolidated),Mumbai Metro,Metro,2021,Post-Merger,2017-04-01,7.66%,3.42%,43.33%,0.79%,48.12%,15.43%,"1,177.64","1,690.42"
255,BR-7314,State Bank of Mysore,Kolkata,Rural,2014,Pre-Merger,01/04/2017,12.80%,6.91%,53.49%,0.73%,42.43%,13.21%,"1,148.75","1,481.33"
256,BR-7773,State Bank of Hyderabad,Delhi NCR,Rural,2014,Pre-Merger,2017-04-01,13.23%,7.83%,52.87%,1.08%,39.70%,12.19%,661.83,889.72
257,BR-3607,State Bank of India (Parent),Bhopal,Metro,2015,Pre-Merger,01/04/2017,8.92%,5.33%,58.73%,-0.01%,41.85%,13.52%,695.53,"1,007.93"
258,BR-1002,State Bank of India (Consolidated),Bhopal,Urban,2019,Post-Merger,01/04/2017,4.97%,1.97%,53.08%,1.06%,40.42%,12.42%,144.35,181.16
259,BR-1897,State Bank of India (Consolidated),Thiruvananthapuram,Semi-Urban,2019,Post-Merger,01/04/2017,5.16%,1.94%,51.20%,0.82%,43.47%,15.82%,819.92,"1,029.05"
260,BR-6330,State Bank of India (Consolidated),Bengaluru,Urban,2021,Post-Merger,01/04/2017,1.70%,0.67%,53.20%,0.39%,41.48%,12.17%,305.32,374.77
261,BR-9995,State Bank of Hyderabad,Lucknow,Semi-Urban,2015,Pre-Merger,2017-04-01,6.50%,3.80%,56.29%,-0.24%,44.73%,11.51%,422.93,513.64
262,BR-4278,State Bank of India (Consolidated),Kolkata,Urban,2021,Post-Merger,2017-04-01,3.98%,1.06%,43.75%,1.31%,47.29%,15.34%,"1,210.66","1,491.03"
263,BR-5290,State Bank of India (Consolidated),Hyderabad,Rural,2019,Post-Merger,2017-04-01,4.36%,1.55%,49.99%,0.73%,50.02%,15.18%,"1,249.75","1,460.89"
264,BR-8647,State Bank of India (Consolidated),Kolkata,Metro,2020,Post-Merger,01/04/2017,3.46%,1.54%,49.73%,1.02%,43.25%,14.65%,388.47,500.81
265,BR-5500,State Bank of India (Consolidated),Delhi NCR,Semi-Urban,2021,Post-Merger,2017-04-01,6.56%,1.69%,41.25%,0.35%,49.58%,14.90%,"1,494.54","2,088.81"
266,BR-2205,State Bank of India (Consolidated),Mumbai Metro,Rural,2018,Post-Merger,2017-04-01,5.34%,1.41%,51.61%,0.50%,46.79%,14.48%,"1,496.63","1,829.55"
267,BR-3964,State Bank of Bikaner and Jaipur,Chennai,Rural,2016,Pre-Merger,01/04/2017,6.50%,3.40%,59.51%,0.23%,41.02%,12.06%,651.32,825.34
268,BR-5478,State Bank of Bikaner and Jaipur,Hyderabad,Semi-Urban,2016,Pre-Merger,2017-04-01,11.91%,7.47%,48.41%,0.02%,43.81%,12.38%,"1,399.38","1,752.82"
269,BR-5996,State Bank of Bikaner and Jaipur,Lucknow,Urban,2016,Pre-Merger,2017-04-01,13.45%,7.84%,54.42%,0.35%,43.86%,13.23%,236.29,337.31
270,BR-2448,State Bank of Mysore,Kolkata,Semi-Urban,2016,Pre-Merger,2017-04-01,8.66%,5.34%,51.16%,0.06%,45.92%,14.05%,334.69,455.69
271,BR-5749,State Bank of India (Parent)   ,Delhi NCR,Semi-Urban,2015,Pre-Merger,01/04/2017,11.47%,7.18%,60.49%,0.60%,42.85%,12.25%,773.66,982.99
272,BR-3789,State Bank of Travancore,Bhopal,Metro,2015,Pre-Merger,2017-04-01,11.59%,7.01%,46.67%,1.02%,37.77%,12.04%,941.72,"1,331.87"
273,BR-8212,State Bank of Travancore,Ahmedabad,Urban,2016,Pre-Merger,2017-04-01,11.81%,6.52%,50.88%,0.52%,41.30%,13.51%,168.60,210.85
274,BR-4856,State Bank of India (Consolidated),Delhi NCR,Urban,2021,Post-Merger,2017-04-01,5.67%,2.43%,49.08%,0.13%,44.11%,15.74%,318.73,411.95
275,BR-7628,Bharatiya Mahila Bank,Chennai,Metro,2017,Pre-Merger,01/04/2017,4.35%,2.80%,52.42%,-0.37%,36.83%,11.66%,444.18,558.15
276,BR-6457,State Bank of India (Consolidated),Jaipur,Semi-Urban,2021,Post-Merger,2017-04-01,5.23%,1.39%,50.43%,1.31%,45.23%,12.64%,"1,188.39","1,474.90"
277,BR-4183,State Bank of Bikaner and Jaipur,Thiruvananthapuram,Urban,2017,Pre-Merger,2017-04-01,9.54%,5.30%,50.75%,-0.36%,31.71%,12.80%,"1,027.44","1,421.07"
278,BR-7974,State Bank of India (Consolidated),Bengaluru,Semi-Urban,2020,Post-Merger,2017-04-01,9.02%,3.77%,42.70%,0.61%,51.46%,14.01%,779.45,"1,009.35"
279,BR-1226,State Bank of India (Consolidated),Kolkata,Metro,2021,Post-Merger,01/04/2017,2.66%,0.91%,43.69%,0.61%,46.71%,14.41%,902.63,"1,170.61"
280,BR-2574,State Bank of India (Consolidated),Kolkata,Rural,2021,Post-Merger,01/04/2017,3.52%,1.14%,43.81%,0.92%,40.98%,14.45%,475.67,578.23
281,BR-9597,State Bank of India (Consolidated),Chennai,Semi-Urban,2021,Post-Merger,2017-04-01,3.80%,1.23%,48.04%,0.59%,49.68%,14.24%,"1,280.07","1,777.73"
282,BR-5820,State Bank of Hyderabad,Chennai,Urban,2015,Pre-Merger,2017-04-01,7.10%,4.30%,57.52%,1.17%,38.68%,12.34%,614.67,749.66
283,BR-1910,State Bank of India (Consolidated),Ahmedabad,Urban,2018,Post-Merger,2017-04-01,5.84%,2.54%,43.74%,0.55%,42.93%,14.02%,742.15,"1,022.81"
284,BR-1721,State Bank of India (Consolidated),Chandigarh,Urban,2020,Post-Merger,01/04/2017,7.59%,2.80%,51.65%,0.65%,43.40%,12.77%,805.02,"1,074.33"
285,BR-4435,State Bank of India (Consolidated),Jaipur,Urban,2020,Post-Merger,2017-04-01,6.48%,1.98%,43.74%,0.51%,47.93%,13.59%,"1,178.20","1,678.33"
286,BR-4303,State Bank of India (Parent),Kolkata,Urban,2015,Pre-Merger,2017-04-01,3.25%,2.06%,55.96%,0.08%,44.02%,10.97%,883.41,"1,262.17"
287,BR-9100,State Bank of India (Consolidated),Bengaluru,Metro,2018,Post-Merger,2017-04-01,6.09%,2.47%,52.12%,0.53%,41.28%,14.71%,457.00,609.38
288,BR-2051,State Bank of Hyderabad,Mumbai Metro,Semi-Urban,2015,Pre-Merger,2017-04-01,10.43%,6.34%,44.63%,0.41%,39.99%,12.91%,726.98,983.92
289,BR-6366,Bharatiya Mahila Bank,Delhi NCR,Rural,2017,Pre-Merger,01/04/2017,6.32%,3.25%,48.74%,-0.63%,39.43%,13.30%,"1,408.39","1,698.12"
290,BR-1183,State Bank of India (Parent),Bengaluru,Semi-Urban,2017,Pre-Merger,01/04/2017,8.31%,4.66%,58.32%,0.29%,35.75%,13.14%,331.61,410.63
291,BR-1270,State Bank of India (Parent),Thiruvananthapuram,Semi-Urban,2016,Pre-Merger,2017-04-01,6.76%,3.87%,62.36%,0.19%,43.38%,10.99%,350.67,422.69
292,BR-6552,State Bank of India (Parent),Hyderabad,Semi-Urban,2017,Pre-Merger,01/04/2017,12.76%,8.07%,46.31%,0.51%,33.35%,12.12%,926.44,"1,185.99"
293,BR-3672,State Bank of India (Parent),Mumbai Metro,Metro,2016,Pre-Merger,2017-04-01,12.53%,8.36%,60.13%,0.51%,46.09%,13.01%,647.32,807.88
294,BR-5298,State Bank of India (Consolidated),Jaipur,Metro,2018,Post-Merger,2017-04-01,6.45%,2.62%,44.42%,0.69%,40.51%,14.63%,"1,351.89","1,872.44"
295,BR-6898,State Bank of India (Parent),Jaipur,Urban,2017,Pre-Merger,2017-04-01,10.74%,6.81%,56.20%,-0.59%,42.51%,13.70%,125.13,173.26
296,BR-7686,State Bank of India (Parent),Bengaluru,Urban,2017,Pre-Merger,01/04/2017,8.66%,5.15%,49.66%,0.48%,43.58%,12.54%,"1,138.15","1,334.97"
297,BR-7845,State Bank of India (Consolidated),Kolkata,Semi-Urban,2020,Post-Merger,01/04/2017,6.05%,1.70%,44.80%,0.63%,49.14%,14.26%,339.39,404.51
298,BR-1268,State Bank of India (Parent),Bhopal,Semi-Urban,2014,Pre-Merger,2017-04-01,12.47%,6.70%,53.86%,-0.11%,43.56%,12.36%,522.76,640.35
299,BR-7289,State Bank of Hyderabad   ,Chennai,Semi-Urban,2017,Pre-Merger,01/04/2017,8.70%,5.01%,55.27%,0.51%,37.37%,12.40%,189.06,237.53
300,BR-7265,State Bank of India (Consolidated),Hyderabad,Metro,2021,Post-Merger,01/04/2017,6.83%,1.77%,44.78%,0.13%,51.09%,13.67%,834.96,"1,094.91"
301,BR-4907,State Bank of India (Consolidated),Bhopal,Urban,2021,Post-Merger,2017-04-01,6.50%,1.68%,45.94%,0.36%,44.48%,14.28%,408.56,531.43
302,BR-4558,State Bank of India (Consolidated),Kolkata,Urban,2018,Post-Merger,2017-04-01,7.83%,3.27%,47.01%,0.56%,40.19%,12.90%,485.69,571.86
303,BR-6316,State Bank of India (Consolidated),Ahmedabad,Urban,2018,Post-Merger,2017-04-01,8.99%,3.73%,45.29%,0.86%,44.63%,15.54%,692.45,875.06
304,BR-6737,State Bank of India (Parent),Bhopal,Rural,2015,Pre-Merger,2017-04-01,10.25%,6.13%,56.75%,0.18%,42.35%,11.92%,874.36,"1,222.83"
305,BR-6054,State Bank of India (Parent),Chandigarh,Semi-Urban,2017,Pre-Merger,2017-04-01,11.25%,7.28%,52.86%,-0.29%,40.31%,13.84%,725.25,"1,003.79"
306,BR-9790,State Bank of India (Consolidated)   ,Lucknow,Metro,2019,Post-Merger,01/04/2017,3.11%,1.21%,48.89%,0.38%,43.00%,12.87%,855.97,"1,091.50"
307,BR-8415,State Bank of India (Consolidated),Hyderabad,Rural,2021,Post-Merger,2017-04-01,8.54%,3.37%,46.17%,0.40%,49.99%,13.55%,189.07,230.76
308,BR-5780,State Bank of India (Consolidated),Mumbai Metro,Metro,2020,Post-Merger,2017-04-01,4.09%,1.13%,49.07%,0.65%,45.01%,14.99%,151.88,176.46
309,BR-2012,State Bank of Hyderabad,Ahmedabad,Metro,2016,Pre-Merger,01/04/2017,9.51%,5.76%,54.33%,0.56%,40.70%,10.29%,"1,087.40","1,339.08"
310,BR-5670,State Bank of India (Consolidated),Thiruvananthapuram,Metro,2021,Post-Merger,01/04/2017,6.55%,1.76%,42.78%,0.67%,43.05%,12.82%,448.33,527.36
311,BR-3843,State Bank of India (Consolidated),Chennai,Semi-Urban,2019,Post-Merger,2017-04-01,7.50%,2.00%,45.80%,1.02%,42.79%,14.09%,707.79,884.96
312,BR-6555,State Bank of India (Parent),Delhi NCR,Metro,2016,Pre-Merger,2017-04-01,7.70%,4.14%,56.87%,0.19%,47.74%,12.58%,572.11,727.90
313,BR-4939,State Bank of India (Consolidated),Chandigarh,Metro,2019,Post-Merger,2017-04-01,8.88%,2.56%,43.93%,0.32%,48.22%,12.90%,664.05,811.57
314,BR-2311,State Bank of India (Parent),Bengaluru,Semi-Urban,2017,Pre-Merger,2017-04-01,7.39%,3.76%,56.61%,1.20%,41.98%,9.50%,246.54,296.03
315,BR-6308,State Bank of India (Consolidated)   ,Hyderabad,Urban,2020,Post-Merger,01/04/2017,5.37%,,,0.24%,38.92%,14.96%,"1,287.82","1,558.85"
316,BR-3176,State Bank of Hyderabad   ,Jaipur,Metro,2016,Pre-Merger,01/04/2017,3.77%,2.42%,57.49%,-0.08%,43.35%,11.76%,226.04,268.49
317,BR-8498,State Bank of India (Consolidated),Delhi NCR,Metro,2018,Post-Merger,2017-04-01,7.20%,2.27%,46.99%,1.21%,50.09%,15.01%,381.51,452.70
318,BR-6672,State Bank of India (Consolidated),Delhi NCR,Rural,2021,Post-Merger,2017-04-01,3.51%,1.12%,50.16%,0.77%,44.04%,11.67%,99.43,116.78
319,BR-8206,State Bank of Patiala   ,Ahmedabad,Urban,2017,Pre-Merger,01/04/2017,13.62%,8.02%,58.64%,1.05%,43.04%,13.58%,920.66,"1,104.58"
320,BR-4977,State Bank of India (Consolidated),Chennai,Semi-Urban,2019,Post-Merger,2017-04-01,5.10%,1.37%,40.86%,1.15%,44.90%,15.03%,283.46,386.76
321,BR-5535,State Bank of India (Parent),Lucknow,Urban,2014,Pre-Merger,2017-04-01,11.00%,6.65%,59.46%,0.86%,37.76%,11.32%,708.16,823.41
322,BR-8148,State Bank of India (Consolidated)   ,Jaipur,Urban,2020,Post-Merger,01/04/2017,5.19%,,,0.65%,46.31%,14.88%,226.88,288.28
323,BR-3253,State Bank of India (Consolidated),Bhopal,Metro,2020,Post-Merger,01/04/2017,7.01%,1.96%,39.96%,0.82%,48.74%,13.57%,"1,026.10","1,484.41"
324,BR-9832,State Bank of India (Parent),Delhi NCR,Semi-Urban,2017,Pre-Merger,2017-04-01,13.62%,7.01%,50.92%,0.24%,33.15%,11.77%,756.58,942.31
325,BR-8493,State Bank of India (Consolidated),Kolkata,Rural,2021,Post-Merger,01/04/2017,4.39%,1.65%,45.68%,0.86%,41.91%,15.42%,"1,149.93","1,623.54"
326,BR-8130,State Bank of India (Consolidated)   ,Jaipur,Metro,2018,Post-Merger,01/04/2017,7.92%,3.21%,51.47%,1.04%,45.22%,11.76%,"1,211.04","1,477.18"
327,BR-8977,State Bank of India (Parent),Kolkata,Urban,2015,Pre-Merger,2017-04-01,17.97%,10.74%,51.61%,0.47%,37.38%,10.50%,985.64,"1,375.97"
328,BR-4346,State Bank of India (Consolidated),Ahmedabad,Urban,2021,Post-Merger,2017-04-01,6.39%,2.11%,53.62%,1.16%,41.64%,14.26%,"1,348.96","1,581.51"
329,BR-8833,State Bank of India (Consolidated),Bhopal,Urban,2019,Post-Merger,2017-04-01,2.05%,0.89%,50.27%,0.42%,49.81%,12.94%,"1,153.88","1,484.18"
330,BR-8382,State Bank of India (Consolidated),Bengaluru,Semi-Urban,2018,Post-Merger,2017-04-01,8.99%,2.47%,48.83%,0.81%,43.42%,13.90%,561.81,731.35
331,BR-1272,State Bank of Bikaner and Jaipur,Kolkata,Urban,2016,Pre-Merger,2017-04-01,6.11%,3.18%,46.91%,0.22%,44.84%,13.94%,707.69,951.47
332,BR-7360,State Bank of Mysore,Mumbai Metro,Metro,2015,Pre-Merger,01/04/2017,6.22%,3.26%,52.16%,0.05%,41.73%,10.32%,237.92,335.57
333,BR-2211,State Bank of India (Parent),Chandigarh,Urban,2015,Pre-Merger,01/04/2017,14.60%,7.87%,58.59%,0.28%,39.37%,11.26%,832.56,"1,126.88"
334,BR-1507,State Bank of India (Consolidated),Ahmedabad,Urban,2018,Post-Merger,2017-04-01,3.95%,1.10%,46.36%,0.38%,42.85%,14.31%,"1,414.19","1,946.69"
335,BR-8837,State Bank of India (Consolidated),Hyderabad,Urban,2019,Post-Merger,2017-04-01,10.22%,4.25%,45.66%,0.53%,48.65%,14.77%,137.21,174.48
336,BR-8933,State Bank of India (Consolidated),Bhopal,Metro,2018,Post-Merger,2017-04-01,4.35%,1.10%,49.21%,1.23%,48.44%,13.67%,98.33,119.77
337,BR-9462,State Bank of Mysore,Chennai,Metro,2015,Pre-Merger,2017-04-01,8.04%,4.89%,53.84%,0.21%,44.23%,11.88%,148.68,207.58
338,BR-7748,State Bank of India (Consolidated),Ahmedabad,Semi-Urban,2021,Post-Merger,2017-04-01,3.15%,1.14%,48.89%,1.17%,47.13%,15.72%,668.08,960.29
339,BR-9411,State Bank of Hyderabad,Bhopal,Metro,2016,Pre-Merger,2017-04-01,5.68%,2.90%,55.82%,1.19%,43.22%,10.50%,"1,026.46","1,205.10"
340,BR-3395,State Bank of India (Consolidated),Chennai,Urban,2018,Post-Merger,2017-04-01,6.15%,2.01%,46.71%,0.58%,35.25%,16.56%,623.55,874.06
341,BR-1556,State Bank of India (Consolidated),Jaipur,Urban,2021,Post-Merger,2017-04-01,9.12%,3.88%,54.41%,0.97%,45.74%,16.62%,144.73,207.51
342,BR-5056,State Bank of India (Parent),Bhopal,Metro,2015,Pre-Merger,2017-04-01,11.71%,6.12%,54.74%,-0.29%,38.13%,10.79%,"1,485.10","2,012.75"
343,BR-4261,State Bank of India (Consolidated),Chandigarh,Metro,2018,Post-Merger,2017-04-01,5.40%,2.08%,45.29%,1.18%,42.95%,16.24%,903.06,"1,044.54"
344,BR-9514,State Bank of Hyderabad,Delhi NCR,Semi-Urban,2015,Pre-Merger,01/04/2017,6.58%,4.15%,50.34%,-0.61%,39.69%,11.97%,334.22,464.32
345,BR-5270,State Bank of India (Consolidated),Jaipur,Urban,2020,Post-Merger,2017-04-01,5.29%,1.98%,52.70%,1.13%,46.99%,15.53%,"1,445.49","1,978.98"
346,BR-5658,Bharatiya Mahila Bank,Bhopal,Metro,2016,Pre-Merger,2017-04-01,6.23%,3.32%,51.81%,1.00%,38.78%,13.96%,901.27,"1,261.58"
347,BR-4197,State Bank of Travancore,Jaipur,Metro,2014,Pre-Merger,01/04/2017,10.78%,6.28%,58.03%,0.97%,47.14%,11.47%,978.58,"1,351.10"
348,BR-5086,State Bank of India (Consolidated),Bhopal,Urban,2019,Post-Merger,2017-04-01,6.10%,2.60%,44.99%,0.37%,44.81%,16.58%,674.11,847.59
349,BR-4534,State Bank of Mysore,Chandigarh,Semi-Urban,2014,Pre-Merger,2017-04-01,7.83%,4.23%,49.98%,0.24%,34.32%,12.25%,549.40,754.56
350,BR-8257,State Bank of India (Consolidated),Chandigarh,Urban,2021,Post-Merger,2017-04-01,5.70%,2.12%,42.98%,0.77%,43.64%,12.22%,931.00,"1,214.13"
351,BR-9488,State Bank of India (Consolidated),Mumbai Metro,Urban,2019,Post-Merger,2017-04-01,5.52%,1.48%,48.42%,0.54%,44.41%,14.35%,166.48,193.00
352,BR-7487,State Bank of India (Consolidated),Bengaluru,Rural,2018,Post-Merger,01/04/2017,3.94%,1.18%,42.09%,1.08%,41.80%,14.08%,915.09,"1,139.13"
353,BR-8192,State Bank of India (Consolidated),Hyderabad,Urban,2021,Post-Merger,2017-04-01,3.94%,1.24%,43.92%,0.65%,44.09%,13.49%,699.11,928.57
354,BR-8016,State Bank of India (Consolidated),Chennai,Semi-Urban,2021,Post-Merger,2017-04-01,8.32%,2.38%,50.68%,1.04%,47.63%,16.09%,100.74,126.74
355,BR-7297,State Bank of India (Parent)   ,Chandigarh,Rural,2017,Pre-Merger,01/04/2017,11.92%,7.48%,45.82%,0.99%,43.25%,12.27%,106.90,146.54
356,BR-8533,State Bank of India (Consolidated),Chennai,Urban,2021,Post-Merger,2017-04-01,6.04%,2.59%,44.07%,0.53%,52.67%,14.10%,419.47,577.78
357,BR-1571,State Bank of India (Consolidated),Chandigarh,Semi-Urban,2020,Post-Merger,2017-04-01,8.20%,2.19%,49.03%,0.24%,40.62%,13.57%,157.34,189.55
358,BR-1731,State Bank of Mysore,Jaipur,Rural,2015,Pre-Merger,2017-04-01,6.91%,3.91%,52.81%,0.08%,45.14%,10.64%,645.56,743.71
359,BR-5312,State Bank of Travancore,Lucknow,Semi-Urban,2017,Pre-Merger,01/04/2017,8.71%,5.86%,56.17%,-0.55%,36.37%,12.17%,234.80,287.53
360,BR-7738,State Bank of Hyderabad,Chandigarh,Metro,2015,Pre-Merger,2017-04-01,7.47%,4.98%,55.91%,0.59%,42.75%,11.94%,218.46,307.15
361,BR-8037,State Bank of India (Parent),Jaipur,Semi-Urban,2015,Pre-Merger,2017-04-01,7.14%,4.45%,54.01%,0.11%,43.77%,12.89%,"1,480.92","1,968.66"
362,BR-1378,State Bank of India (Parent),Hyderabad,Semi-Urban,2016,Pre-Merger,2017-04-01,11.69%,5.96%,53.58%,1.20%,39.60%,13.35%,318.96,446.84
363,BR-6603,State Bank of India (Consolidated),Mumbai Metro,Urban,2018,Post-Merger,2017-04-01,10.62%,3.63%,48.21%,0.91%,46.82%,13.39%,"1,271.17","1,717.74"
364,BR-6969,State Bank of India (Parent),Chandigarh,Metro,2015,Pre-Merger,2017-04-01,10.81%,6.04%,53.58%,0.00%,39.46%,12.77%,"1,067.17","1,428.82"
365,BR-6607,State Bank of India (Consolidated),Chandigarh,Metro,2021,Post-Merger,2017-04-01,5.73%,1.50%,47.70%,0.85%,39.64%,13.66%,736.88,854.77
366,BR-5487,State Bank of India (Parent),Delhi NCR,Semi-Urban,2016,Pre-Merger,2017-04-01,8.63%,4.43%,58.98%,1.20%,34.45%,10.23%,"1,194.79","1,444.16"
367,BR-7768,State Bank of Bikaner and Jaipur,Chandigarh,Semi-Urban,2016,Pre-Merger,01/04/2017,12.55%,7.43%,50.77%,0.89%,34.31%,12.20%,"1,387.38","1,739.09"
368,BR-7852,State Bank of India (Parent),Chennai,Metro,2015,Pre-Merger,2017-04-01,9.87%,4.93%,51.28%,0.66%,42.29%,12.38%,691.36,819.77
369,BR-8450,State Bank of Patiala,Mumbai Metro,Urban,2016,Pre-Merger,01/04/2017,6.68%,4.24%,57.99%,0.81%,37.74%,13.07%,195.25,251.03
370,BR-1294,State Bank of India (Consolidated),Mumbai Metro,Rural,2018,Post-Merger,2017-04-01,3.19%,1.12%,48.25%,0.77%,46.63%,14.09%,"1,151.49","1,410.09"
371,BR-9243,State Bank of India (Parent),Mumbai Metro,Rural,2015,Pre-Merger,01/04/2017,6.68%,3.35%,60.37%,-0.50%,38.93%,11.62%,"1,255.08","1,443.57"
372,BR-4440,State Bank of India (Consolidated),Bengaluru,Urban,2021,Post-Merger,01/04/2017,7.86%,2.81%,46.08%,0.33%,42.35%,11.70%,"1,468.04","2,044.04"
373,BR-3657,State Bank of Travancore,Lucknow,Metro,2014,Pre-Merger,2017-04-01,9.32%,5.16%,53.03%,-0.20%,39.03%,11.78%,981.57,"1,165.27"
374,BR-2916,State Bank of Patiala,Mumbai Metro,Rural,2014,Pre-Merger,2017-04-01,10.72%,6.41%,57.14%,0.10%,42.03%,11.94%,98.78,128.76
375,BR-6823,State Bank of India (Parent),Kolkata,Semi-Urban,2016,Pre-Merger,2017-04-01,10.08%,6.63%,65.70%,1.20%,35.95%,11.17%,715.03,"1,000.29"
376,BR-9320,State Bank of India (Consolidated),Lucknow,Rural,2019,Post-Merger,2017-04-01,7.07%,1.93%,52.19%,0.63%,43.32%,13.44%,"1,430.16","1,734.74"
377,BR-8264,State Bank of India (Consolidated),Thiruvananthapuram,Semi-Urban,2020,Post-Merger,01/04/2017,7.41%,2.03%,48.91%,0.79%,52.09%,14.14%,960.74,"1,242.55"
378,BR-3460,State Bank of Bikaner and Jaipur,Chennai,Semi-Urban,2015,Pre-Merger,2017-04-01,13.94%,8.30%,57.74%,0.68%,42.88%,12.44%,"1,244.86","1,641.42"
379,BR-4174,State Bank of India (Parent),Chandigarh,Urban,2015,Pre-Merger,2017-04-01,13.76%,7.83%,56.21%,0.18%,39.65%,11.34%,992.77,"1,320.67"
380,BR-1666,State Bank of India (Parent),Mumbai Metro,Rural,2017,Pre-Merger,2017-04-01,6.52%,3.81%,52.14%,0.65%,46.18%,10.98%,116.00,157.41
381,BR-3223,State Bank of India (Parent),Chennai,Rural,2016,Pre-Merger,2017-04-01,10.49%,5.63%,48.17%,-0.57%,42.01%,11.85%,428.68,597.45
382,BR-5212,Bharatiya Mahila Bank,Chennai,Rural,2015,Pre-Merger,2017-04-01,13.26%,7.12%,55.94%,1.20%,41.56%,13.30%,839.07,"1,014.13"
383,BR-2552,State Bank of Travancore,Thiruvananthapuram,Urban,2014,Pre-Merger,01/04/2017,18.37%,11.10%,54.79%,0.26%,39.62%,10.54%,"1,319.13","1,551.47"
384,BR-1153,State Bank of India (Consolidated),Mumbai Metro,Urban,2019,Post-Merger,2017-04-01,5.89%,2.61%,45.01%,0.10%,47.94%,13.80%,887.92,"1,224.13"
385,BR-9834,State Bank of Patiala,Thiruvananthapuram,Semi-Urban,2016,Pre-Merger,2017-04-01,11.26%,6.32%,60.41%,0.01%,41.22%,11.81%,108.43,126.73
386,BR-5582,State Bank of Hyderabad,Chennai,Metro,2017,Pre-Merger,2017-04-01,14.99%,8.79%,49.36%,0.74%,41.92%,11.19%,768.26,889.69
387,BR-6555,State Bank of Mysore,Lucknow,Urban,2017,Pre-Merger,01/04/2017,9.52%,5.57%,56.97%,0.39%,44.80%,11.08%,714.35,847.96
388,BR-2601,Bharatiya Mahila Bank,Lucknow,Semi-Urban,2015,Pre-Merger,01/04/2017,12.51%,6.80%,58.82%,0.63%,36.28%,12.39%,"1,113.93","1,481.61"
389,BR-9269,State Bank of India (Consolidated),Bengaluru,Urban,2021,Post-Merger,2017-04-01,6.66%,2.35%,46.53%,0.31%,45.46%,12.22%,352.27,463.82
390,BR-8322,State Bank of India (Consolidated),Hyderabad,Metro,2018,Post-Merger,2017-04-01,7.85%,2.10%,49.24%,0.93%,44.52%,12.57%,315.01,429.04
391,BR-7085,State Bank of Bikaner and Jaipur,Ahmedabad,Urban,2014,Pre-Merger,2017-04-01,11.98%,7.51%,56.76%,0.43%,41.96%,11.00%,"1,068.59","1,290.71"
392,BR-4240,State Bank of Mysore,Kolkata,Rural,2015,Pre-Merger,2017-04-01,6.93%,3.62%,55.90%,-0.78%,49.06%,13.62%,316.08,399.50
393,BR-3244,State Bank of Travancore,Hyderabad,Semi-Urban,2016,Pre-Merger,2017-04-01,11.42%,6.10%,61.01%,1.02%,47.03%,11.93%,830.69,"1,038.64"
394,BR-6127,State Bank of India (Parent)   ,Jaipur,Urban,2017,Pre-Merger,01/04/2017,17.81%,,,1.20%,42.77%,10.33%,572.74,818.94
395,BR-6413,State Bank of India (Consolidated),Chandigarh,Metro,2019,Post-Merger,2017-04-01,5.12%,2.15%,50.28%,0.57%,46.09%,15.52%,558.92,672.87
396,BR-3007,State Bank of Bikaner and Jaipur,Bhopal,Semi-Urban,2014,Pre-Merger,2017-04-01,5.96%,3.06%,51.28%,-0.02%,47.30%,12.23%,167.96,222.22
397,BR-7200,State Bank of Bikaner and Jaipur,Jaipur,Semi-Urban,2017,Pre-Merger,2017-04-01,14.52%,8.69%,50.95%,0.21%,37.63%,13.30%,571.60,769.45
398,BR-2565,State Bank of India (Parent),Bengaluru,Metro,2017,Pre-Merger,2017-04-01,10.84%,6.21%,57.68%,1.20%,41.58%,10.19%,"1,284.42","1,741.10"
399,BR-4381,State Bank of India (Consolidated),Thiruvananthapuram,Urban,2021,Post-Merger,2017-04-01,6.88%,1.80%,46.36%,1.09%,45.39%,15.21%,434.64,544.60
400,BR-4326,State Bank of Travancore,Lucknow,Rural,2017,Pre-Merger,2017-04-01,16.85%,10.68%,59.59%,0.41%,45.27%,11.85%,571.12,662.82
401,BR-4044,State Bank of India (Consolidated),Hyderabad,Urban,2018,Post-Merger,2017-04-01,7.32%,2.74%,48.26%,0.64%,42.81%,15.02%,507.37,611.49
402,BR-7154,State Bank of Hyderabad,Chennai,Rural,2017,Pre-Merger,2017-04-01,13.41%,6.80%,52.87%,-0.85%,39.45%,11.86%,369.02,509.51
403,BR-7964,State Bank of India (Parent)   ,Delhi NCR,Semi-Urban,2015,Pre-Merger,01/04/2017,14.00%,9.23%,53.49%,0.40%,37.56%,11.97%,"1,257.98","1,497.13"
404,BR-3665,State Bank of India (Consolidated),Bengaluru,Metro,2018,Post-Merger,2017-04-01,7.34%,2.83%,49.32%,0.72%,42.31%,12.64%,"1,075.15","1,483.27"
405,BR-7520,State Bank of India (Consolidated),Delhi NCR,Semi-Urban,2020,Post-Merger,2017-04-01,5.65%,1.85%,47.47%,0.44%,41.69%,15.55%,697.03,983.41
406,BR-6629,State Bank of India (Consolidated),Lucknow,Metro,2020,Post-Merger,2017-04-01,4.96%,1.89%,49.65%,0.23%,41.61%,14.06%,424.41,525.21
407,BR-3793,State Bank of India (Parent),Mumbai Metro,Urban,2014,Pre-Merger,2017-04-01,6.09%,3.11%,46.93%,0.92%,41.83%,12.54%,"1,023.93","1,306.33"
408,BR-1835,State Bank of India (Consolidated),Mumbai Metro,Semi-Urban,2020,Post-Merger,2017-04-01,3.82%,1.15%,47.35%,1.28%,42.62%,15.41%,810.58,"1,140.53"
409,BR-4151,State Bank of Patiala   ,Mumbai Metro,Metro,2014,Pre-Merger,01/04/2017,9.38%,5.49%,59.47%,0.58%,40.62%,11.63%,"1,305.40","1,689.41"
410,BR-6588,State Bank of India (Consolidated),Hyderabad,Rural,2021,Post-Merger,2017-04-01,6.36%,2.52%,46.01%,0.93%,43.59%,15.22%,650.41,846.07
411,BR-9605,State Bank of India (Consolidated),Hyderabad,Metro,2018,Post-Merger,01/04/2017,5.33%,1.65%,46.26%,0.73%,50.78%,13.38%,552.48,791.14
412,BR-4039,State Bank of India (Parent),Mumbai Metro,Urban,2015,Pre-Merger,01/04/2017,8.24%,4.20%,47.16%,0.15%,46.35%,11.14%,820.60,974.38
413,BR-9276,State Bank of India (Consolidated),Thiruvananthapuram,Urban,2019,Post-Merger,2017-04-01,4.99%,1.71%,48.57%,0.32%,52.27%,13.91%,840.47,"1,086.81"
414,BR-5992,State Bank of India (Consolidated),Lucknow,Urban,2020,Post-Merger,2017-04-01,7.68%,2.44%,49.77%,0.84%,45.54%,14.77%,723.01,891.91
415,BR-2812,State Bank of India (Parent)   ,Lucknow,Metro,2015,Pre-Merger,01/04/2017,12.00%,7.77%,,-0.28%,32.40%,11.29%,170.74,200.16
416,BR-5052,State Bank of India (Consolidated),Bengaluru,Semi-Urban,2021,Post-Merger,01/04/2017,8.43%,3.74%,46.59%,0.93%,48.46%,14.28%,88.78,123.69
417,BR-9894,Bharatiya Mahila Bank,Chennai,Rural,2015,Pre-Merger,01/04/2017,8.77%,4.79%,54.61%,1.20%,39.07%,12.56%,837.32,"1,064.81"
418,BR-8837,State Bank of Patiala,Jaipur,Rural,2017,Pre-Merger,2017-04-01,4.03%,2.06%,52.17%,0.17%,38.87%,11.91%,"1,028.56","1,223.98"
419,BR-6398,State Bank of Travancore,Bhopal,Metro,2014,Pre-Merger,2017-04-01,9.60%,5.69%,53.70%,-0.01%,45.39%,11.21%,"1,145.85","1,398.85"
420,BR-6053,State Bank of India (Consolidated),Lucknow,Urban,2020,Post-Merger,2017-04-01,7.02%,2.47%,49.07%,0.76%,49.26%,14.35%,278.02,367.20
421,BR-2502,State Bank of India (Consolidated),Lucknow,Semi-Urban,2019,Post-Merger,2017-04-01,3.79%,1.05%,53.26%,0.97%,40.00%,13.32%,931.43,"1,224.93"
422,BR-7310,State Bank of India (Parent),Jaipur,Metro,2017,Pre-Merger,2017-04-01,11.01%,7.26%,52.98%,0.14%,38.70%,11.81%,407.05,481.10
423,BR-6816,State Bank of India (Consolidated),Bengaluru,Semi-Urban,2020,Post-Merger,01/04/2017,2.06%,0.59%,46.82%,0.32%,38.07%,14.45%,423.07,573.00
424,BR-5598,State Bank of India (Consolidated),Delhi NCR,Urban,2020,Post-Merger,01/04/2017,5.99%,2.31%,47.75%,0.55%,42.62%,14.92%,"1,275.10","1,477.98"
425,BR-7082,State Bank of India (Parent),Thiruvananthapuram,Metro,2016,Pre-Merger,2017-04-01,7.99%,4.89%,49.46%,-0.28%,41.51%,11.12%,383.23,487.98
426,BR-4557,State Bank of Travancore,Chennai,Semi-Urban,2017,Pre-Merger,2017-04-01,7.26%,4.18%,46.31%,0.04%,37.45%,13.70%,460.27,588.99
427,BR-2164,State Bank of Mysore,Lucknow,Urban,2016,Pre-Merger,2017-04-01,8.02%,4.93%,51.53%,-0.02%,38.91%,12.02%,274.61,386.83
428,BR-9919,State Bank of India (Consolidated),Hyderabad,Urban,2018,Post-Merger,2017-04-01,7.96%,3.09%,51.32%,1.34%,46.98%,15.97%,470.03,607.43
429,BR-3886,State Bank of India (Consolidated),Chandigarh,Semi-Urban,2018,Post-Merger,2017-04-01,9.60%,3.40%,51.10%,0.10%,45.21%,14.12%,538.39,660.84
430,BR-2574,State Bank of Bikaner and Jaipur,Mumbai Metro,Rural,2014,Pre-Merger,01/04/2017,5.50%,2.91%,58.67%,-0.55%,43.42%,11.87%,972.34,"1,246.15"
431,BR-9240,State Bank of India (Parent),Kolkata,Semi-Urban,2017,Pre-Merger,01/04/2017,7.84%,5.08%,57.90%,-0.79%,40.97%,11.68%,"1,498.65","1,822.51"
432,BR-8777,State Bank of Hyderabad,Thiruvananthapuram,Semi-Urban,2017,Pre-Merger,2017-04-01,4.60%,2.85%,56.38%,0.21%,36.80%,12.00%,"1,134.06","1,522.96"
433,BR-9089,State Bank of India (Consolidated),Kolkata,Semi-Urban,2021,Post-Merger,01/04/2017,7.65%,2.12%,46.72%,1.19%,44.06%,14.04%,799.94,"1,057.24"
434,BR-3226,State Bank of India (Consolidated),Delhi NCR,Metro,2020,Post-Merger,01/04/2017,6.81%,3.06%,43.78%,0.44%,49.28%,15.23%,"1,267.66","1,828.39"
435,BR-5042,State Bank of India (Consolidated),Thiruvananthapuram,Metro,2020,Post-Merger,2017-04-01,8.43%,2.32%,52.22%,0.74%,48.46%,13.96%,"1,253.47","1,705.28"
436,BR-2211,State Bank of India (Consolidated),Thiruvananthapuram,Semi-Urban,2019,Post-Merger,2017-04-01,5.17%,2.25%,41.92%,1.14%,42.89%,14.15%,"1,461.05","1,838.03"
437,BR-6820,State Bank of India (Consolidated),Jaipur,Rural,2018,Post-Merger,01/04/2017,8.29%,2.52%,50.79%,0.51%,44.19%,13.71%,928.71,"1,310.33"
438,BR-1148,State Bank of Mysore,Bengaluru,Semi-Urban,2015,Pre-Merger,2017-04-01,10.15%,6.57%,52.40%,-0.56%,42.24%,10.46%,353.34,417.14
439,BR-7996,State Bank of India (Consolidated)   ,Chennai,Metro,2021,Post-Merger,01/04/2017,6.12%,2.27%,54.05%,0.94%,53.35%,16.19%,"1,149.43","1,572.69"
440,BR-9740,State Bank of India (Consolidated),Chandigarh,Urban,2019,Post-Merger,01/04/2017,7.38%,3.25%,43.53%,0.69%,42.04%,14.18%,368.05,533.49
441,BR-5698,State Bank of India (Consolidated),Thiruvananthapuram,Metro,2021,Post-Merger,2017-04-01,5.78%,1.75%,49.07%,0.96%,48.27%,14.91%,"1,058.97","1,307.98"
442,BR-3970,State Bank of India (Parent),Delhi NCR,Rural,2014,Pre-Merger,2017-04-01,10.82%,6.41%,48.68%,-0.36%,34.45%,13.24%,"1,183.19","1,385.80"
443,BR-3251,State Bank of India (Consolidated),Kolkata,Semi-Urban,2019,Post-Merger,01/04/2017,7.11%,2.18%,48.91%,0.29%,49.19%,12.67%,"1,091.35","1,312.64"
444,BR-9089,State Bank of India (Consolidated),Kolkata,Rural,2018,Post-Merger,01/04/2017,6.44%,1.88%,48.80%,0.58%,48.58%,14.10%,288.19,387.26
445,BR-2294,State Bank of India (Parent),Delhi NCR,Rural,2014,Pre-Merger,2017-04-01,9.72%,6.45%,60.24%,0.25%,46.01%,12.81%,359.27,515.26
446,BR-2667,State Bank of Bikaner and Jaipur,Chandigarh,Urban,2017,Pre-Merger,2017-04-01,8.67%,5.81%,49.16%,0.98%,38.64%,11.17%,212.08,253.05
447,BR-3642,State Bank of India (Parent),Delhi NCR,Urban,2014,Pre-Merger,2017-04-01,5.37%,3.40%,44.50%,0.45%,45.87%,12.03%,314.21,373.09
448,BR-2044,State Bank of Mysore,Chennai,Metro,2017,Pre-Merger,2017-04-01,9.03%,5.54%,58.88%,0.28%,45.87%,12.48%,"1,488.11","1,784.37"
449,BR-8226,Bharatiya Mahila Bank,Ahmedabad,Metro,2014,Pre-Merger,2017-04-01,6.31%,4.06%,58.07%,0.48%,39.79%,11.96%,975.50,"1,247.71"
450,BR-9697,State Bank of Bikaner and Jaipur,Chandigarh,Urban,2015,Pre-Merger,01/04/2017,12.25%,8.20%,52.34%,1.20%,39.51%,12.87%,85.26,102.21
451,BR-5727,State Bank of India (Parent),Thiruvananthapuram,Rural,2015,Pre-Merger,01/04/2017,14.44%,7.60%,48.08%,0.03%,43.62%,11.02%,926.38,"1,095.20"
452,BR-7713,State Bank of India (Consolidated),Lucknow,Semi-Urban,2021,Post-Merger,2017-04-01,9.17%,4.12%,44.59%,0.48%,46.28%,14.19%,"1,380.46","1,795.79"
453,BR-5652,State Bank of India (Parent),Chennai,Urban,2014,Pre-Merger,2017-04-01,10.31%,5.55%,62.28%,-0.04%,43.47%,11.75%,647.19,825.61
454,BR-2164,State Bank of India (Consolidated),Hyderabad,Urban,2020,Post-Merger,2017-04-01,5.44%,2.43%,45.05%,1.07%,46.23%,12.92%,"1,398.84","1,817.13"
455,BR-2353,State Bank of India (Consolidated),Lucknow,Semi-Urban,2021,Post-Merger,2017-04-01,5.90%,1.63%,53.48%,0.19%,47.94%,14.22%,"1,299.68","1,629.06"
456,BR-3032,State Bank of Hyderabad,Lucknow,Semi-Urban,2017,Pre-Merger,2017-04-01,8.72%,5.35%,49.59%,0.20%,39.62%,12.74%,380.34,521.37
457,BR-5920,State Bank of India (Consolidated),Chandigarh,Metro,2020,Post-Merger,2017-04-01,5.40%,2.17%,51.14%,0.80%,44.42%,15.48%,90.60,115.68
458,BR-8776,State Bank of India (Consolidated),Hyderabad,Urban,2020,Post-Merger,01/04/2017,1.50%,0.67%,42.81%,0.63%,42.70%,11.72%,178.42,236.13
459,BR-6738,State Bank of India (Consolidated),Kolkata,Rural,2020,Post-Merger,2017-04-01,6.12%,1.60%,46.23%,0.87%,47.35%,11.50%,265.56,328.58
460,BR-1677,State Bank of Mysore,Kolkata,Urban,2015,Pre-Merger,2017-04-01,10.97%,6.64%,48.23%,0.33%,34.53%,11.95%,"1,379.08","1,724.71"
461,BR-4981,State Bank of India (Consolidated),Chandigarh,Rural,2019,Post-Merger,2017-04-01,5.71%,1.60%,50.75%,0.75%,48.17%,13.42%,152.14,196.34
462,BR-2209,State Bank of India (Parent)   ,Bengaluru,Metro,2015,Pre-Merger,01/04/2017,6.88%,3.91%,60.48%,-0.51%,38.79%,14.06%,515.15,741.13
463,BR-7749,State Bank of Patiala,Bengaluru,Semi-Urban,2017,Pre-Merger,2017-04-01,13.10%,8.66%,61.54%,0.21%,38.69%,13.82%,"1,052.31","1,277.11"
464,BR-3024,State Bank of India (Parent)   ,Chandigarh,Metro,2016,Pre-Merger,01/04/2017,7.56%,3.92%,,0.99%,39.91%,13.37%,"1,471.97","1,979.85"
465,BR-2460,State Bank of Hyderabad,Ahmedabad,Semi-Urban,2016,Pre-Merger,2017-04-01,10.60%,5.56%,58.14%,0.39%,36.45%,13.53%,564.89,686.16
466,BR-3349,State Bank of India (Consolidated)   ,Bengaluru,Rural,2019,Post-Merger,01/04/2017,7.99%,3.55%,48.24%,0.33%,46.83%,13.98%,468.43,594.86
467,BR-9222,State Bank of India (Parent),Kolkata,Semi-Urban,2016,Pre-Merger,2017-04-01,9.92%,6.62%,53.27%,0.95%,43.07%,12.23%,732.58,952.13
468,BR-4457,State Bank of Patiala,Bengaluru,Semi-Urban,2014,Pre-Merger,2017-04-01,8.83%,5.19%,56.33%,-0.23%,41.54%,12.07%,950.63,"1,138.06"
469,BR-3017,State Bank of India (Consolidated),Chennai,Urban,2019,Post-Merger,01/04/2017,6.45%,2.82%,43.78%,1.01%,42.58%,14.18%,"1,030.36","1,436.84"
470,BR-9044,State Bank of Patiala,Delhi NCR,Semi-Urban,2015,Pre-Merger,2017-04-01,13.35%,6.91%,53.44%,0.11%,38.86%,12.52%,964.86,"1,212.66"
471,BR-8492,State Bank of India (Consolidated),Mumbai Metro,Metro,2019,Post-Merger,2017-04-01,8.00%,3.29%,44.32%,0.32%,39.10%,12.89%,723.64,"1,017.40"
472,BR-8956,State Bank of Bikaner and Jaipur   ,Mumbai Metro,Rural,2014,Pre-Merger,01/04/2017,9.39%,,,-0.96%,46.35%,12.62%,564.17,785.12
473,BR-6649,State Bank of India (Parent),Bhopal,Semi-Urban,2014,Pre-Merger,2017-04-01,18.62%,10.11%,53.12%,0.31%,46.82%,11.39%,419.16,601.40
474,BR-9636,State Bank of India (Consolidated),Hyderabad,Rural,2018,Post-Merger,2017-04-01,5.31%,1.80%,49.73%,0.42%,44.20%,14.90%,196.46,243.52
475,BR-8151,State Bank of India (Parent),Hyderabad,Metro,2014,Pre-Merger,2017-04-01,4.07%,2.57%,54.41%,0.48%,38.68%,12.13%,486.25,664.62
476,BR-9428,State Bank of Patiala,Jaipur,Metro,2015,Pre-Merger,2017-04-01,4.67%,2.91%,56.57%,0.08%,35.77%,11.87%,480.15,590.71
477,BR-4513,State Bank of India (Consolidated),Kolkata,Metro,2021,Post-Merger,2017-04-01,6.32%,2.51%,43.41%,0.74%,45.36%,11.50%,134.03,183.43
478,BR-3907,State Bank of India (Parent),Hyderabad,Semi-Urban,2016,Pre-Merger,2017-04-01,8.44%,5.49%,55.78%,0.96%,38.70%,12.57%,915.14,"1,235.52"
479,BR-2649,State Bank of India (Parent),Ahmedabad,Metro,2016,Pre-Merger,01/04/2017,11.99%,7.37%,53.86%,0.26%,46.61%,11.31%,"1,323.82","1,833.42"
480,BR-4981,State Bank of India (Consolidated),Thiruvananthapuram,Semi-Urban,2019,Post-Merger,01/04/2017,5.35%,1.77%,43.50%,0.96%,45.65%,16.24%,"1,045.56","1,266.03"
481,BR-6330,State Bank of India (Consolidated),Hyderabad,Semi-Urban,2021,Post-Merger,2017-04-01,5.38%,1.67%,48.22%,0.54%,40.77%,14.01%,658.52,952.20
482,BR-8111,State Bank of India (Parent),Lucknow,Metro,2016,Pre-Merger,2017-04-01,4.41%,2.50%,46.20%,0.82%,41.25%,14.17%,788.73,933.10
483,BR-6463,State Bank of India (Consolidated),Delhi NCR,Semi-Urban,2019,Post-Merger,2017-04-01,5.15%,1.39%,46.31%,0.80%,48.90%,15.14%,"1,395.87","1,807.80"
484,BR-9809,State Bank of India (Consolidated),Thiruvananthapuram,Metro,2019,Post-Merger,2017-04-01,4.44%,1.22%,40.78%,0.39%,47.85%,14.82%,297.85,375.28
485,BR-4078,State Bank of India (Consolidated),Thiruvananthapuram,Rural,2020,Post-Merger,2017-04-01,8.30%,2.71%,45.75%,0.80%,37.72%,13.89%,791.65,"1,001.54"
486,BR-7523,State Bank of Bikaner and Jaipur,Chandigarh,Metro,2016,Pre-Merger,01/04/2017,9.79%,5.58%,49.47%,0.74%,43.90%,11.23%,790.41,"1,007.41"
487,BR-1233,State Bank of Mysore   ,Thiruvananthapuram,Urban,2014,Pre-Merger,01/04/2017,9.56%,5.08%,50.64%,1.01%,32.23%,13.89%,"1,267.53","1,539.59"
488,BR-6141,State Bank of India (Parent),Lucknow,Semi-Urban,2016,Pre-Merger,2017-04-01,13.39%,7.81%,52.77%,0.88%,45.79%,13.57%,722.91,"1,012.55"
489,BR-6988,State Bank of India (Consolidated),Hyderabad,Metro,2019,Post-Merger,2017-04-01,7.85%,2.27%,45.67%,0.86%,49.89%,15.05%,374.67,494.81
490,BR-8777,State Bank of India (Parent),Bhopal,Semi-Urban,2014,Pre-Merger,2017-04-01,12.90%,7.36%,53.94%,0.54%,38.38%,11.94%,"1,108.87","1,378.83"
491,BR-9998,State Bank of Hyderabad   ,Mumbai Metro,Rural,2016,Pre-Merger,01/04/2017,10.55%,6.23%,49.07%,1.00%,42.26%,12.15%,"1,114.36","1,387.31"
492,BR-5060,State Bank of India (Consolidated),Jaipur,Metro,2018,Post-Merger,01/04/2017,7.80%,2.85%,46.36%,0.80%,46.17%,16.97%,854.96,"1,075.39"
493,BR-1368,State Bank of Bikaner and Jaipur,Jaipur,Semi-Urban,2014,Pre-Merger,2017-04-01,7.70%,3.90%,54.28%,0.54%,48.13%,10.41%,"1,137.55","1,365.60"
494,BR-8420,State Bank of India (Consolidated),Bhopal,Semi-Urban,2019,Post-Merger,2017-04-01,6.00%,2.30%,48.37%,0.53%,49.56%,14.72%,"1,251.85","1,765.69"
495,BR-4641,State Bank of India (Consolidated),Jaipur,Urban,2018,Post-Merger,2017-04-01,5.35%,1.82%,52.87%,0.42%,43.20%,16.71%,444.82,618.41
496,BR-2736,State Bank of India (Consolidated)   ,Kolkata,Urban,2020,Post-Merger,01/04/2017,7.23%,3.16%,48.08%,1.10%,43.86%,14.14%,430.25,554.11
497,BR-4620,State Bank of India (Consolidated),Mumbai Metro,Urban,2020,Post-Merger,2017-04-01,4.30%,1.43%,47.70%,1.07%,49.25%,11.61%,705.66,992.92
498,BR-9445,State Bank of India (Consolidated),Chennai,Metro,2018,Post-Merger,2017-04-01,5.86%,2.15%,47.60%,0.89%,43.98%,14.12%,667.50,827.55
499,BR-4883,State Bank of Patiala,Bengaluru,Urban,2017,Pre-Merger,2017-04-01,5.73%,3.31%,52.52%,0.80%,40.18%,12.23%,"1,483.49","1,913.08"
500,BR-9183,State Bank of India (Consolidated),Thiruvananthapuram,Rural,2019,Post-Merger,2017-04-01,8.95%,2.42%,44.47%,1.29%,45.37%,15.90%,336.84,461.62
501,BR-9795,State Bank of India (Consolidated),Bhopal,Semi-Urban,2019,Post-Merger,01/04/2017,9.21%,2.51%,55.01%,0.81%,41.76%,15.25%,"1,455.72","1,885.54"
502,BR-6153,Bharatiya Mahila Bank,Delhi NCR,Rural,2015,Pre-Merger,01/04/2017,17.24%,9.95%,57.32%,0.18%,42.81%,10.87%,656.11,762.61
503,BR-5223,State Bank of Travancore,Chandigarh,Semi-Urban,2017,Pre-Merger,2017-04-01,9.74%,6.10%,57.47%,0.11%,44.88%,11.22%,717.70,996.84
504,BR-1356,State Bank of India (Parent),Jaipur,Urban,2014,Pre-Merger,2017-04-01,12.10%,7.20%,55.61%,-0.25%,50.36%,11.83%,94.27,113.92
505,BR-3739,State Bank of India (Consolidated),Ahmedabad,Metro,2021,Post-Merger,2017-04-01,5.30%,1.62%,48.39%,0.84%,44.24%,13.39%,710.06,"1,006.43"
506,BR-3686,State Bank of Patiala,Thiruvananthapuram,Rural,2015,Pre-Merger,01/04/2017,5.38%,2.88%,54.27%,-0.15%,43.35%,12.93%,"1,379.50","1,940.07"
507,BR-5439,State Bank of India (Consolidated),Hyderabad,Rural,2021,Post-Merger,01/04/2017,8.46%,2.47%,49.91%,1.37%,46.43%,13.50%,"1,442.89","1,952.01"
508,BR-6755,State Bank of India (Parent),Bengaluru,Semi-Urban,2016,Pre-Merger,01/04/2017,17.04%,9.62%,52.70%,0.67%,39.64%,11.37%,393.02,561.07
509,BR-4740,State Bank of Bikaner and Jaipur,Mumbai Metro,Urban,2016,Pre-Merger,2017-04-01,5.89%,3.80%,56.39%,-0.17%,40.96%,12.35%,285.10,365.67
510,BR-9128,State Bank of India (Parent),Kolkata,Metro,2017,Pre-Merger,2017-04-01,19.14%,9.66%,56.48%,-0.70%,41.94%,13.25%,943.17,"1,198.78"
511,BR-2699,State Bank of India (Consolidated),Jaipur,Urban,2019,Post-Merger,2017-04-01,6.94%,2.27%,54.05%,1.32%,38.52%,14.65%,464.37,585.64
512,BR-8233,State Bank of India (Consolidated)   ,Chandigarh,Urban,2020,Post-Merger,01/04/2017,6.33%,2.69%,37.00%,0.81%,49.92%,12.99%,487.52,597.20
513,BR-9002,State Bank of India (Consolidated),Chandigarh,Urban,2020,Post-Merger,2017-04-01,5.23%,1.72%,56.25%,0.89%,46.21%,16.38%,"1,421.14","1,724.81"
514,BR-2353,State Bank of Patiala,Delhi NCR,Semi-Urban,2016,Pre-Merger,2017-04-01,3.37%,2.23%,51.65%,0.70%,41.79%,11.35%,161.07,217.74
515,BR-4671,State Bank of India (Parent),Bhopal,Urban,2014,Pre-Merger,2017-04-01,15.51%,8.07%,54.56%,0.11%,30.81%,13.65%,323.78,450.81
516,BR-4057,State Bank of India (Consolidated),Thiruvananthapuram,Urban,2020,Post-Merger,2017-04-01,6.22%,2.10%,47.97%,1.24%,45.23%,13.19%,945.76,"1,160.22"
517,BR-4301,State Bank of India (Consolidated),Chennai,Urban,2020,Post-Merger,2017-04-01,5.85%,2.51%,52.73%,0.57%,40.04%,15.08%,206.06,290.44
518,BR-9705,State Bank of India (Consolidated),Bengaluru,Urban,2021,Post-Merger,2017-04-01,6.71%,2.46%,42.69%,0.81%,45.93%,13.82%,874.80,"1,100.24"
519,BR-8740,State Bank of India (Consolidated),Lucknow,Metro,2020,Post-Merger,2017-04-01,5.03%,2.20%,46.41%,1.23%,43.87%,15.16%,"1,320.10","1,534.61"
520,BR-2231,State Bank of India (Consolidated),Bhopal,Metro,2021,Post-Merger,2017-04-01,3.38%,1.20%,49.38%,0.65%,55.44%,16.06%,649.25,804.56
521,BR-4258,State Bank of India (Parent),Ahmedabad,Metro,2015,Pre-Merger,2017-04-01,13.09%,7.87%,57.20%,0.84%,45.90%,13.43%,498.48,658.67
522,BR-3138,State Bank of Bikaner and Jaipur,Kolkata,Metro,2014,Pre-Merger,2017-04-01,8.12%,5.31%,51.58%,0.85%,37.85%,11.39%,561.72,729.93
523,BR-1873,State Bank of India (Parent),Delhi NCR,Rural,2016,Pre-Merger,2017-04-01,11.32%,6.16%,50.89%,1.20%,37.66%,13.74%,104.55,137.47
524,BR-7843,State Bank of India (Parent),Mumbai Metro,Semi-Urban,2015,Pre-Merger,2017-04-01,10.97%,6.31%,56.51%,-0.21%,37.55%,12.82%,"1,341.72","1,720.85"
525,BR-2224,State Bank of Hyderabad,Lucknow,Urban,2017,Pre-Merger,2017-04-01,11.23%,7.40%,57.50%,1.20%,39.31%,12.25%,914.03,"1,098.90"
526,BR-4262,State Bank of India (Parent),Chennai,Semi-Urban,2014,Pre-Merger,2017-04-01,6.55%,3.61%,53.16%,0.17%,44.65%,11.46%,"1,366.17","1,970.74"
527,BR-2689,State Bank of India (Parent),Delhi NCR,Urban,2017,Pre-Merger,2017-04-01,10.88%,5.76%,58.62%,-0.67%,38.75%,11.84%,"1,484.78","1,731.88"
528,BR-8232,State Bank of India (Consolidated)   ,Mumbai Metro,Metro,2020,Post-Merger,01/04/2017,9.08%,,,0.91%,46.09%,15.49%,"1,252.76","1,554.74"
529,BR-9974,State Bank of India (Parent),Mumbai Metro,Semi-Urban,2014,Pre-Merger,01/04/2017,15.75%,8.91%,59.72%,1.20%,41.72%,12.48%,335.11,395.41
530,BR-1968,State Bank of India (Parent),Delhi NCR,Metro,2015,Pre-Merger,2017-04-01,13.84%,7.50%,53.79%,1.20%,42.78%,12.22%,"1,451.39","1,762.83"
531,BR-1583,State Bank of India (Consolidated),Chennai,Rural,2021,Post-Merger,2017-04-01,5.27%,1.66%,51.17%,0.72%,47.52%,13.06%,"1,032.03","1,276.26"
532,BR-3889,State Bank of India (Parent),Ahmedabad,Rural,2015,Pre-Merger,2017-04-01,9.03%,5.99%,52.90%,-0.43%,49.71%,10.96%,181.86,221.51
533,BR-6298,State Bank of India (Parent),Chennai,Urban,2014,Pre-Merger,01/04/2017,15.35%,10.41%,54.77%,-0.50%,46.66%,12.69%,"1,236.68","1,508.97"
534,BR-7668,State Bank of India (Parent),Chandigarh,Urban,2014,Pre-Merger,2017-04-01,8.74%,5.28%,54.52%,0.71%,41.83%,11.40%,563.12,792.18
535,BR-4167,State Bank of India (Consolidated),Mumbai Metro,Metro,2019,Post-Merger,01/04/2017,4.45%,1.79%,50.53%,0.56%,41.84%,14.92%,"1,403.06","1,700.60"
536,BR-9641,State Bank of Bikaner and Jaipur,Delhi NCR,Urban,2016,Pre-Merger,01/04/2017,9.63%,6.38%,53.70%,0.74%,44.86%,12.18%,"1,225.53","1,410.70"
537,BR-9444,State Bank of Patiala,Bhopal,Rural,2016,Pre-Merger,2017-04-01,14.00%,8.93%,57.40%,-0.45%,37.61%,11.66%,"1,362.74","1,595.64"
538,BR-4758,State Bank of India (Consolidated),Hyderabad,Rural,2019,Post-Merger,2017-04-01,8.21%,2.34%,50.07%,0.70%,40.78%,16.22%,"1,406.86","1,638.34"
539,BR-7651,State Bank of Hyderabad   ,Mumbai Metro,Urban,2017,Pre-Merger,01/04/2017,6.07%,3.34%,,0.76%,42.69%,12.38%,305.67,356.42
540,BR-1244,State Bank of Bikaner and Jaipur,Bhopal,Rural,2015,Pre-Merger,2017-04-01,16.72%,9.29%,55.82%,0.50%,39.69%,12.34%,884.18,"1,219.27"
541,BR-9847,State Bank of India (Parent),Lucknow,Semi-Urban,2015,Pre-Merger,2017-04-01,13.00%,8.00%,54.13%,-0.64%,38.25%,12.38%,533.04,767.95
542,BR-6374,State Bank of India (Parent),Jaipur,Rural,2017,Pre-Merger,2017-04-01,2.29%,1.49%,60.83%,-0.38%,35.35%,12.05%,934.39,"1,091.56"
543,BR-1939,State Bank of India (Parent),Hyderabad,Urban,2016,Pre-Merger,2017-04-01,4.95%,2.59%,48.86%,0.41%,49.24%,11.23%,542.50,700.79
544,BR-2543,State Bank of India (Consolidated),Chandigarh,Urban,2021,Post-Merger,01/04/2017,8.41%,2.72%,48.51%,0.92%,50.15%,12.86%,306.68,435.14
545,BR-9201,State Bank of Patiala,Chennai,Metro,2014,Pre-Merger,01/04/2017,12.12%,6.91%,49.18%,1.20%,37.00%,10.46%,"1,266.96","1,495.50"
546,BR-7265,State Bank of India (Parent),Kolkata,Semi-Urban,2014,Pre-Merger,2017-04-01,6.09%,3.25%,59.53%,0.36%,40.28%,12.08%,586.09,805.46
547,BR-6310,State Bank of Patiala,Chandigarh,Urban,2016,Pre-Merger,2017-04-01,9.29%,4.71%,65.75%,0.33%,41.47%,12.68%,483.69,641.24
548,BR-8819,State Bank of India (Consolidated),Delhi NCR,Rural,2019,Post-Merger,01/04/2017,4.15%,1.26%,53.65%,0.10%,49.44%,14.88%,640.63,860.89
549,BR-8522,State Bank of Patiala,Delhi NCR,Metro,2017,Pre-Merger,2017-04-01,8.54%,4.96%,55.93%,0.03%,44.53%,10.28%,738.24,"1,045.61"
550,BR-1256,State Bank of Travancore,Delhi NCR,Metro,2015,Pre-Merger,01/04/2017,9.01%,6.03%,63.58%,0.49%,39.21%,12.57%,933.36,"1,082.97"
551,BR-3402,State Bank of India (Consolidated),Mumbai Metro,Metro,2020,Post-Merger,2017-04-01,4.04%,1.51%,39.76%,0.78%,42.69%,14.46%,985.11,"1,297.40"
552,BR-2695,State Bank of Bikaner and Jaipur   ,Lucknow,Urban,2017,Pre-Merger,01/04/2017,5.72%,3.36%,59.84%,1.20%,38.79%,11.92%,209.13,298.42
553,BR-2789,State Bank of India (Consolidated),Chennai,Semi-Urban,2018,Post-Merger,2017-04-01,3.16%,0.83%,49.81%,0.71%,48.90%,14.60%,659.42,796.17
554,BR-7475,State Bank of India (Parent),Thiruvananthapuram,Urban,2017,Pre-Merger,2017-04-01,10.51%,5.27%,51.54%,0.56%,40.81%,13.91%,"1,193.68","1,581.84"
555,BR-9469,State Bank of Bikaner and Jaipur,Delhi NCR,Rural,2014,Pre-Merger,01/04/2017,11.50%,7.64%,51.39%,1.13%,51.39%,12.94%,749.76,990.80
556,BR-2186,State Bank of India (Consolidated)   ,Kolkata,Rural,2020,Post-Merger,01/04/2017,8.14%,,,0.27%,50.17%,14.80%,227.62,327.48
557,BR-7802,State Bank of India (Parent),Thiruvananthapuram,Metro,2016,Pre-Merger,2017-04-01,6.84%,4.33%,59.02%,-1.39%,40.92%,13.92%,267.49,368.30
558,BR-5108,State Bank of Travancore,Thiruvananthapuram,Urban,2016,Pre-Merger,01/04/2017,14.27%,8.11%,52.74%,0.50%,42.00%,12.19%,"1,174.02","1,424.27"
559,BR-4052,State Bank of India (Consolidated),Delhi NCR,Urban,2018,Post-Merger,2017-04-01,5.60%,1.94%,39.66%,0.32%,45.10%,13.58%,"1,378.63","1,632.18"
560,BR-6308,State Bank of India (Consolidated),Mumbai Metro,Rural,2021,Post-Merger,2017-04-01,4.70%,1.94%,43.08%,0.82%,44.98%,14.71%,272.43,355.66
561,BR-5893,State Bank of India (Consolidated),Chennai,Metro,2018,Post-Merger,2017-04-01,4.83%,1.58%,41.52%,0.71%,50.48%,13.46%,802.94,958.90
562,BR-1324,State Bank of India (Parent),Chandigarh,Urban,2014,Pre-Merger,01/04/2017,7.38%,3.70%,56.49%,0.38%,47.13%,9.66%,"1,454.52","1,784.05"
563,BR-4081,State Bank of Travancore,Bhopal,Urban,2014,Pre-Merger,2017-04-01,6.67%,4.17%,52.87%,0.65%,38.35%,12.27%,"1,067.48","1,491.95"
564,BR-5302,State Bank of India (Parent),Jaipur,Metro,2015,Pre-Merger,2017-04-01,8.82%,4.92%,60.03%,0.22%,41.76%,12.90%,640.82,785.78
565,BR-9431,State Bank of India (Consolidated)   ,Delhi NCR,Metro,2018,Post-Merger,01/04/2017,2.81%,0.81%,45.79%,0.62%,41.25%,11.50%,535.41,770.55
566,BR-3985,State Bank of India (Consolidated),Hyderabad,Metro,2021,Post-Merger,2017-04-01,5.46%,1.44%,44.13%,1.44%,44.06%,14.27%,228.48,323.14
567,BR-8600,State Bank of India (Consolidated),Mumbai Metro,Semi-Urban,2021,Post-Merger,2017-04-01,6.12%,2.56%,46.99%,0.65%,46.21%,14.08%,308.21,444.89
568,BR-3460,State Bank of Hyderabad   ,Mumbai Metro,Urban,2015,Pre-Merger,01/04/2017,6.68%,,,0.04%,44.87%,11.46%,124.32,179.03
569,BR-1246,State Bank of India (Parent),Thiruvananthapuram,Semi-Urban,2017,Pre-Merger,01/04/2017,7.46%,5.01%,63.38%,0.47%,34.51%,14.28%,176.57,213.32
570,BR-4614,State Bank of India (Parent),Bhopal,Urban,2016,Pre-Merger,2017-04-01,9.27%,5.60%,48.50%,0.49%,46.16%,12.24%,576.72,736.73
571,BR-2509,State Bank of India (Consolidated),Lucknow,Urban,2019,Post-Merger,01/04/2017,7.98%,2.88%,49.84%,0.86%,43.64%,14.77%,"1,082.51","1,320.94"
572,BR-9080,State Bank of India (Consolidated),Chandigarh,Urban,2021,Post-Merger,2017-04-01,4.32%,1.40%,57.47%,0.70%,49.36%,15.83%,221.28,294.58
573,BR-7338,State Bank of India (Consolidated),Mumbai Metro,Rural,2019,Post-Merger,01/04/2017,8.86%,2.37%,40.72%,0.34%,44.57%,14.14%,"1,056.16","1,317.69"
574,BR-8690,State Bank of India (Parent),Bhopal,Metro,2014,Pre-Merger,01/04/2017,10.66%,6.71%,60.72%,1.20%,44.11%,12.85%,262.58,303.41
575,BR-6899,State Bank of India (Consolidated),Lucknow,Urban,2020,Post-Merger,2017-04-01,6.80%,2.49%,37.00%,0.37%,56.00%,13.46%,207.12,265.14
576,BR-9146,State Bank of India (Consolidated),Chennai,Urban,2018,Post-Merger,2017-04-01,5.50%,2.13%,45.62%,1.04%,44.78%,13.90%,955.08,"1,225.52"
577,BR-2074,State Bank of India (Consolidated),Lucknow,Rural,2018,Post-Merger,01/04/2017,4.40%,1.37%,46.21%,1.22%,49.80%,13.70%,354.70,430.29
578,BR-8234,State Bank of India (Consolidated),Ahmedabad,Semi-Urban,2018,Post-Merger,2017-04-01,2.49%,1.05%,47.61%,0.84%,51.08%,13.73%,"1,437.01","1,985.41"
579,BR-7806,State Bank of Mysore,Mumbai Metro,Rural,2017,Pre-Merger,01/04/2017,10.11%,5.85%,49.93%,0.75%,35.00%,10.57%,399.79,490.59
580,BR-7000,State Bank of India (Parent),Hyderabad,Metro,2014,Pre-Merger,2017-04-01,15.15%,10.03%,59.32%,0.45%,42.36%,12.57%,"1,071.41","1,325.79"
581,BR-5175,State Bank of India (Consolidated),Mumbai Metro,Rural,2020,Post-Merger,2017-04-01,1.50%,0.52%,48.39%,0.73%,49.21%,13.03%,704.04,914.48
582,BR-7391,State Bank of India (Consolidated),Mumbai Metro,Rural,2018,Post-Merger,01/04/2017,5.16%,2.28%,48.83%,1.06%,43.63%,13.17%,382.07,508.56
583,BR-7107,State Bank of India (Consolidated),Chennai,Metro,2018,Post-Merger,01/04/2017,6.86%,2.86%,54.77%,1.01%,45.79%,12.00%,941.50,"1,345.53"
584,BR-4574,State Bank of India (Consolidated),Bengaluru,Semi-Urban,2021,Post-Merger,2017-04-01,4.26%,1.16%,51.69%,0.92%,42.12%,13.14%,"1,197.51","1,397.39"
585,BR-7249,State Bank of Travancore,Hyderabad,Semi-Urban,2016,Pre-Merger,2017-04-01,6.74%,4.39%,58.76%,-0.63%,38.92%,13.42%,291.06,374.55
586,BR-3515,State Bank of India (Consolidated),Kolkata,Urban,2021,Post-Merger,2017-04-01,5.18%,1.71%,42.50%,0.63%,45.97%,13.32%,"1,484.69","1,781.70"
587,BR-5184,State Bank of India (Consolidated),Bhopal,Urban,2019,Post-Merger,2017-04-01,6.17%,1.67%,49.50%,0.79%,55.22%,14.22%,442.43,598.47
588,BR-3901,State Bank of India (Consolidated),Jaipur,Rural,2021,Post-Merger,2017-04-01,8.10%,3.34%,50.43%,1.21%,46.68%,13.39%,790.43,"1,121.01"
589,BR-5261,State Bank of India (Parent),Hyderabad,Semi-Urban,2017,Pre-Merger,2017-04-01,11.99%,6.32%,44.81%,0.53%,36.19%,12.70%,"1,081.81","1,462.10"
590,BR-7152,State Bank of Mysore,Hyderabad,Semi-Urban,2014,Pre-Merger,2017-04-01,10.55%,6.20%,48.60%,0.02%,42.56%,13.48%,710.98,"1,018.98"
591,BR-8953,State Bank of India (Parent),Kolkata,Rural,2014,Pre-Merger,2017-04-01,12.80%,6.81%,49.00%,0.87%,41.69%,13.47%,346.82,463.85
592,BR-3484,State Bank of India (Consolidated),Bhopal,Urban,2020,Post-Merger,2017-04-01,3.59%,1.53%,46.83%,1.21%,45.89%,13.65%,151.85,216.82
593,BR-7839,State Bank of India (Consolidated),Mumbai Metro,Urban,2018,Post-Merger,2017-04-01,6.38%,2.04%,45.49%,0.42%,50.67%,13.76%,240.00,317.54
594,BR-4629,State Bank of Patiala,Mumbai Metro,Urban,2016,Pre-Merger,2017-04-01,6.35%,4.19%,55.23%,-0.28%,40.46%,11.74%,382.31,526.36
595,BR-4683,State Bank of India (Parent)   ,Ahmedabad,Semi-Urban,2014,Pre-Merger,01/04/2017,7.51%,,,0.84%,44.27%,13.25%,757.33,"1,016.85"
596,BR-8678,State Bank of India (Consolidated),Jaipur,Urban,2018,Post-Merger,2017-04-01,8.22%,2.55%,51.51%,0.36%,44.46%,15.51%,"1,166.13","1,402.14"
597,BR-6539,State Bank of Travancore,Lucknow,Urban,2015,Pre-Merger,01/04/2017,3.87%,2.12%,55.41%,1.20%,49.40%,12.19%,466.65,560.36
598,BR-2472,State Bank of India (Consolidated),Thiruvananthapuram,Rural,2018,Post-Merger,2017-04-01,9.16%,2.42%,45.90%,0.97%,47.82%,14.27%,"1,042.93","1,329.04"
599,BR-5576,State Bank of Mysore   ,Thiruvananthapuram,Metro,2017,Pre-Merger,01/04/2017,15.59%,10.03%,57.02%,0.14%,40.94%,11.90%,700.78,864.65
600,BR-2050,State Bank of India (Consolidated)   ,Delhi NCR,Metro,2019,Post-Merger,01/04/2017,4.69%,2.04%,48.20%,0.77%,48.11%,14.21%,87.60,120.40
601,BR-3634,State Bank of Travancore,Thiruvananthapuram,Rural,2014,Pre-Merger,2017-04-01,15.07%,7.92%,65.94%,0.49%,38.13%,11.55%,937.33,"1,124.03"
602,BR-9370,State Bank of India (Consolidated),Kolkata,Metro,2021,Post-Merger,2017-04-01,6.34%,2.06%,44.94%,0.75%,44.96%,12.83%,"1,237.80","1,753.71"
603,BR-2340,State Bank of India (Consolidated),Mumbai Metro,Urban,2019,Post-Merger,01/04/2017,6.95%,2.98%,45.89%,0.94%,41.19%,13.86%,"1,092.92","1,473.07"
604,BR-7037,State Bank of India (Consolidated),Bengaluru,Metro,2020,Post-Merger,2017-04-01,4.43%,1.85%,42.11%,1.21%,49.51%,13.98%,503.94,719.18
605,BR-6220,State Bank of India (Consolidated),Kolkata,Urban,2020,Post-Merger,2017-04-01,5.15%,2.25%,53.21%,0.29%,48.59%,12.44%,496.96,631.08
606,BR-1768,State Bank of Hyderabad   ,Chandigarh,Semi-Urban,2016,Pre-Merger,01/04/2017,12.67%,,,-0.18%,37.91%,11.24%,133.70,158.69
607,BR-2198,State Bank of India (Parent),Delhi NCR,Rural,2017,Pre-Merger,2017-04-01,13.71%,7.44%,54.60%,1.20%,35.69%,9.50%,594.76,788.65
608,BR-3015,State Bank of India (Parent),Delhi NCR,Rural,2015,Pre-Merger,2017-04-01,5.61%,3.22%,52.86%,1.20%,43.84%,10.09%,214.98,260.16
609,BR-2189,State Bank of India (Consolidated),Delhi NCR,Semi-Urban,2018,Post-Merger,2017-04-01,5.60%,2.08%,42.60%,0.45%,50.85%,14.33%,704.10,823.92
610,BR-1716,State Bank of India (Consolidated),Ahmedabad,Metro,2021,Post-Merger,2017-04-01,7.90%,2.34%,42.34%,1.04%,45.66%,15.61%,272.04,359.45
611,BR-1889,State Bank of India (Consolidated),Chennai,Urban,2020,Post-Merger,01/04/2017,3.10%,1.38%,51.09%,0.59%,41.66%,16.85%,"1,008.36","1,276.70"
612,BR-3949,State Bank of India (Consolidated),Delhi NCR,Urban,2019,Post-Merger,01/04/2017,9.45%,3.77%,47.31%,0.46%,44.59%,17.50%,"1,119.26","1,416.02"
613,BR-5975,State Bank of India (Consolidated),Chennai,Urban,2019,Post-Merger,01/04/2017,5.92%,2.43%,42.65%,0.62%,35.40%,14.66%,776.45,952.94
614,BR-9498,State Bank of India (Parent),Bengaluru,Urban,2016,Pre-Merger,2017-04-01,12.33%,7.95%,55.81%,0.13%,40.26%,9.50%,"1,330.52","1,694.91"
615,BR-1646,State Bank of Hyderabad,Mumbai Metro,Urban,2014,Pre-Merger,2017-04-01,8.84%,5.17%,61.34%,-0.13%,42.17%,12.68%,133.32,165.96
616,BR-2690,State Bank of India (Consolidated),Ahmedabad,Metro,2018,Post-Merger,2017-04-01,5.79%,2.34%,48.69%,0.64%,47.27%,15.79%,558.83,686.66
617,BR-1444,State Bank of India (Consolidated),Kolkata,Rural,2019,Post-Merger,2017-04-01,9.62%,2.81%,50.38%,1.00%,49.39%,12.87%,192.15,260.94
618,BR-5350,State Bank of India (Consolidated),Hyderabad,Metro,2021,Post-Merger,2017-04-01,4.99%,1.91%,46.14%,0.87%,42.79%,13.64%,745.21,990.75
619,BR-5765,State Bank of India (Consolidated),Hyderabad,Metro,2018,Post-Merger,2017-04-01,7.63%,3.41%,46.50%,0.42%,46.97%,14.14%,298.32,425.56
620,BR-8630,State Bank of India (Consolidated),Bengaluru,Urban,2019,Post-Merger,2017-04-01,7.63%,2.21%,49.73%,0.42%,44.38%,12.35%,"1,190.44","1,648.98"
621,BR-2287,State Bank of India (Consolidated),Delhi NCR,Metro,2018,Post-Merger,2017-04-01,6.68%,2.89%,44.16%,1.18%,52.74%,14.23%,448.56,555.19
622,BR-2897,State Bank of India (Parent),Chandigarh,Semi-Urban,2016,Pre-Merger,01/04/2017,11.10%,7.39%,45.74%,0.94%,37.76%,13.14%,"1,064.78","1,237.18"
623,BR-2264,State Bank of India (Consolidated),Chennai,Semi-Urban,2018,Post-Merger,2017-04-01,6.92%,2.29%,37.88%,1.11%,43.32%,15.23%,372.80,456.66
624,BR-2384,State Bank of Patiala,Jaipur,Rural,2017,Pre-Merger,2017-04-01,6.73%,3.62%,47.49%,1.20%,42.40%,12.50%,"1,288.43","1,782.11"
625,BR-3970,State Bank of India (Parent),Kolkata,Metro,2017,Pre-Merger,2017-04-01,11.99%,7.91%,54.20%,0.51%,39.21%,11.52%,749.68,"1,022.04"
626,BR-8192,Bharatiya Mahila Bank,Ahmedabad,Metro,2014,Pre-Merger,2017-04-01,12.46%,7.79%,52.55%,1.11%,36.32%,11.41%,762.52,"1,003.13"
627,BR-3810,State Bank of India (Consolidated),Kolkata,Semi-Urban,2018,Post-Merger,2017-04-01,1.95%,0.66%,46.31%,0.17%,52.15%,15.99%,"1,053.94","1,475.50"
628,BR-4963,State Bank of India (Consolidated),Ahmedabad,Semi-Urban,2020,Post-Merger,2017-04-01,4.81%,1.71%,51.90%,0.56%,47.23%,14.46%,716.08,937.45
629,BR-9265,State Bank of India (Consolidated),Chandigarh,Metro,2021,Post-Merger,2017-04-01,9.89%,4.40%,41.94%,1.10%,45.75%,16.57%,"1,239.04","1,792.24"
630,BR-5931,State Bank of Hyderabad,Mumbai Metro,Urban,2017,Pre-Merger,2017-04-01,5.20%,2.78%,62.16%,0.33%,40.99%,13.92%,513.40,740.39
631,BR-1065,State Bank of India (Consolidated),Delhi NCR,Semi-Urban,2020,Post-Merger,2017-04-01,7.65%,2.82%,45.19%,0.77%,45.10%,13.73%,"1,271.22","1,474.23"
632,BR-7401,State Bank of India (Consolidated),Thiruvananthapuram,Rural,2019,Post-Merger,01/04/2017,4.94%,2.20%,52.83%,0.42%,44.97%,13.33%,"1,448.62","1,900.15"
633,BR-2660,State Bank of Bikaner and Jaipur,Chennai,Metro,2015,Pre-Merger,2017-04-01,9.98%,6.27%,52.15%,0.14%,38.27%,11.55%,423.08,571.86
634,BR-4631,State Bank of India (Consolidated),Delhi NCR,Urban,2021,Post-Merger,2017-04-01,8.26%,3.38%,49.38%,0.48%,40.54%,12.10%,"1,192.27","1,715.48"
635,BR-6712,State Bank of India (Consolidated),Mumbai Metro,Metro,2020,Post-Merger,2017-04-01,5.67%,2.53%,47.56%,1.32%,49.74%,13.35%,"1,016.28","1,446.08"
636,BR-1562,State Bank of India (Parent),Hyderabad,Metro,2016,Pre-Merger,2017-04-01,7.48%,3.87%,51.05%,0.07%,31.99%,12.57%,"1,320.22","1,674.70"
637,BR-3800,State Bank of India (Consolidated),Hyderabad,Semi-Urban,2019,Post-Merger,2017-04-01,8.07%,2.48%,42.72%,0.54%,45.93%,13.64%,"1,410.47","1,781.67"
638,BR-3000,State Bank of India (Consolidated),Lucknow,Semi-Urban,2021,Post-Merger,01/04/2017,3.49%,1.53%,51.24%,0.75%,42.74%,15.75%,230.70,312.97
639,BR-1569,State Bank of India (Consolidated),Chandigarh,Urban,2018,Post-Merger,2017-04-01,5.36%,1.93%,50.06%,0.47%,44.34%,14.94%,368.25,473.41
640,BR-3303,State Bank of India (Consolidated),Bengaluru,Metro,2019,Post-Merger,2017-04-01,10.65%,3.60%,48.58%,0.70%,49.86%,15.14%,723.63,980.73
641,BR-9676,State Bank of Travancore,Kolkata,Rural,2016,Pre-Merger,2017-04-01,5.74%,3.76%,62.54%,1.11%,42.97%,10.85%,948.32,"1,288.59"
642,BR-5038,State Bank of India (Consolidated),Jaipur,Rural,2018,Post-Merger,2017-04-01,8.61%,3.17%,53.63%,0.83%,36.04%,14.51%,645.28,747.19
643,BR-6775,State Bank of India (Parent)   ,Lucknow,Rural,2016,Pre-Merger,01/04/2017,13.38%,7.75%,55.77%,0.65%,41.04%,11.71%,348.89,481.96
644,BR-9060,State Bank of India (Consolidated),Bengaluru,Urban,2021,Post-Merger,2017-04-01,6.28%,2.45%,54.50%,0.10%,43.76%,13.69%,912.42,"1,258.48"
645,BR-1414,State Bank of Bikaner and Jaipur,Bhopal,Metro,2016,Pre-Merger,01/04/2017,4.20%,2.12%,53.70%,-0.58%,47.27%,13.01%,"1,140.38","1,604.89"
646,BR-4544,State Bank of India (Consolidated),Jaipur,Urban,2019,Post-Merger,2017-04-01,5.13%,1.63%,54.02%,0.91%,47.76%,12.80%,"1,080.05","1,423.06"
647,BR-6373,State Bank of India (Consolidated),Lucknow,Metro,2019,Post-Merger,2017-04-01,3.95%,1.43%,46.45%,0.23%,42.93%,13.51%,943.30,"1,247.74"
648,BR-3511,State Bank of India (Consolidated),Thiruvananthapuram,Urban,2020,Post-Merger,2017-04-01,4.02%,1.02%,49.55%,0.91%,45.00%,13.02%,"1,446.47","2,025.41"
649,BR-3962,State Bank of Travancore,Ahmedabad,Metro,2016,Pre-Merger,2017-04-01,16.75%,11.39%,44.12%,0.10%,45.07%,13.28%,"1,454.36","2,049.04"
650,BR-6696,State Bank of India (Consolidated),Bengaluru,Metro,2018,Post-Merger,2017-04-01,8.42%,2.84%,52.79%,0.56%,39.06%,15.69%,322.48,392.80
651,BR-3577,State Bank of India (Consolidated),Bengaluru,Semi-Urban,2018,Post-Merger,01/04/2017,6.84%,2.87%,43.42%,0.76%,39.54%,13.13%,940.54,"1,106.91"
652,BR-9562,State Bank of India (Parent),Thiruvananthapuram,Urban,2014,Pre-Merger,2017-04-01,10.40%,6.28%,48.46%,-0.16%,38.99%,13.48%,530.14,744.84
653,BR-9860,State Bank of Patiala,Hyderabad,Urban,2017,Pre-Merger,2017-04-01,7.55%,3.78%,53.94%,-0.93%,42.27%,11.83%,315.70,433.70
654,BR-1607,State Bank of India (Parent),Jaipur,Urban,2015,Pre-Merger,2017-04-01,12.08%,6.32%,51.32%,0.14%,39.90%,11.83%,914.54,"1,069.29"
655,BR-7683,State Bank of India (Consolidated),Jaipur,Urban,2019,Post-Merger,01/04/2017,4.82%,1.91%,43.21%,0.59%,46.24%,12.10%,914.52,"1,123.40"
656,BR-9640,State Bank of India (Consolidated),Thiruvananthapuram,Urban,2021,Post-Merger,01/04/2017,6.47%,1.98%,48.24%,1.06%,46.82%,14.35%,"1,374.86","1,885.87"
657,BR-4680,State Bank of India (Consolidated),Mumbai Metro,Metro,2021,Post-Merger,2017-04-01,6.34%,2.73%,46.88%,1.07%,43.29%,15.14%,498.80,575.90
658,BR-7927,State Bank of India (Parent)   ,Lucknow,Rural,2017,Pre-Merger,01/04/2017,2.10%,1.39%,58.74%,1.06%,47.02%,12.33%,301.02,381.57
659,BR-6134,State Bank of Mysore,Bhopal,Urban,2017,Pre-Merger,2017-04-01,8.94%,5.30%,55.29%,-0.04%,38.80%,11.85%,745.49,"1,067.22"
660,BR-7487,State Bank of India (Consolidated),Mumbai Metro,Semi-Urban,2018,Post-Merger,2017-04-01,6.41%,1.78%,55.29%,1.15%,46.25%,14.76%,"1,061.01","1,470.66"
661,BR-4196,State Bank of India (Parent),Hyderabad,Semi-Urban,2014,Pre-Merger,2017-04-01,14.00%,8.73%,58.71%,-0.33%,37.70%,13.51%,722.30,922.61
662,BR-2478,State Bank of Bikaner and Jaipur,Bhopal,Semi-Urban,2015,Pre-Merger,2017-04-01,9.33%,5.84%,43.90%,0.74%,42.39%,12.30%,214.77,272.11
663,BR-5526,State Bank of India (Parent),Chennai,Rural,2017,Pre-Merger,2017-04-01,9.56%,6.29%,59.00%,1.20%,44.44%,12.83%,645.24,841.45
664,BR-8062,State Bank of India (Parent),Ahmedabad,Rural,2017,Pre-Merger,2017-04-01,13.28%,8.95%,53.98%,0.57%,41.08%,12.37%,586.40,725.06
665,BR-9500,State Bank of Travancore,Kolkata,Metro,2017,Pre-Merger,2017-04-01,12.40%,7.28%,55.99%,0.84%,41.33%,12.07%,469.67,595.52
666,BR-2278,State Bank of India (Parent),Bengaluru,Rural,2015,Pre-Merger,01/04/2017,12.74%,8.66%,50.53%,-0.37%,35.89%,13.29%,386.44,462.80
667,BR-1255,State Bank of India (Consolidated),Bhopal,Metro,2020,Post-Merger,2017-04-01,2.21%,0.94%,38.14%,0.81%,51.10%,15.19%,93.55,118.89
668,BR-1330,State Bank of India (Consolidated),Jaipur,Urban,2018,Post-Merger,2017-04-01,6.75%,1.78%,42.48%,0.18%,45.50%,13.98%,"1,148.99","1,605.12"
669,BR-1319,State Bank of India (Consolidated),Bhopal,Urban,2019,Post-Merger,2017-04-01,3.82%,1.44%,50.32%,0.70%,48.98%,13.80%,"1,429.54","2,054.96"
670,BR-7644,State Bank of India (Consolidated),Bengaluru,Urban,2018,Post-Merger,2017-04-01,5.20%,2.34%,47.24%,0.31%,40.17%,14.96%,"1,304.52","1,611.13"
671,BR-4349,State Bank of India (Consolidated)   ,Hyderabad,Urban,2018,Post-Merger,01/04/2017,5.73%,1.76%,,0.97%,47.44%,16.80%,938.05,"1,311.53"
672,BR-3504,State Bank of Bikaner and Jaipur,Lucknow,Semi-Urban,2014,Pre-Merger,2017-04-01,6.90%,3.83%,55.17%,0.78%,47.96%,11.03%,"1,170.51","1,683.45"
673,BR-2816,State Bank of India (Consolidated),Thiruvananthapuram,Metro,2018,Post-Merger,2017-04-01,7.72%,2.54%,47.01%,0.77%,47.68%,14.68%,116.17,135.81
674,BR-2334,State Bank of India (Parent),Bhopal,Metro,2015,Pre-Merger,2017-04-01,6.51%,3.46%,66.14%,0.35%,39.76%,11.02%,"1,364.25","1,977.71"
675,BR-1910,State Bank of India (Parent),Thiruvananthapuram,Metro,2014,Pre-Merger,2017-04-01,4.29%,2.21%,58.09%,-0.03%,38.74%,14.26%,454.60,524.44
676,BR-3502,State Bank of Travancore,Bhopal,Rural,2017,Pre-Merger,2017-04-01,7.08%,4.07%,45.11%,0.01%,46.02%,12.82%,"1,000.37","1,374.97"
677,BR-7229,State Bank of India (Consolidated)   ,Lucknow,Rural,2019,Post-Merger,01/04/2017,7.02%,2.46%,42.58%,1.06%,47.33%,14.90%,170.69,197.91
678,BR-4928,State Bank of India (Parent),Jaipur,Semi-Urban,2017,Pre-Merger,2017-04-01,11.30%,7.18%,52.13%,-0.44%,42.64%,12.93%,653.41,793.52
679,BR-1906,State Bank of India (Consolidated),Delhi NCR,Semi-Urban,2018,Post-Merger,01/04/2017,6.60%,2.32%,45.62%,0.10%,41.88%,13.87%,488.33,585.07
680,BR-9651,State Bank of India (Consolidated),Mumbai Metro,Metro,2021,Post-Merger,01/04/2017,4.01%,1.50%,46.75%,1.34%,46.13%,14.55%,"1,142.05","1,380.83"
681,BR-9823,State Bank of India (Consolidated),Mumbai Metro,Rural,2020,Post-Merger,01/04/2017,5.82%,1.48%,41.60%,0.88%,52.65%,14.79%,260.60,330.85
682,BR-7630,State Bank of Hyderabad,Hyderabad,Metro,2016,Pre-Merger,2017-04-01,11.71%,6.72%,51.41%,1.05%,45.28%,10.79%,884.35,"1,142.16"
683,BR-5062,State Bank of India (Consolidated),Delhi NCR,Metro,2018,Post-Merger,01/04/2017,5.29%,2.34%,44.22%,1.60%,46.09%,12.45%,112.87,146.74
684,BR-4164,State Bank of India (Consolidated),Lucknow,Semi-Urban,2018,Post-Merger,2017-04-01,3.77%,1.52%,46.69%,0.19%,44.50%,15.48%,"1,170.36","1,360.14"
685,BR-4270,State Bank of India (Consolidated),Jaipur,Metro,2021,Post-Merger,2017-04-01,3.08%,0.82%,50.50%,0.51%,49.31%,12.22%,970.79,"1,204.21"
686,BR-3377,State Bank of India (Consolidated),Delhi NCR,Rural,2021,Post-Merger,2017-04-01,5.44%,2.07%,43.33%,0.22%,42.61%,12.60%,663.19,906.00
687,BR-6055,State Bank of India (Consolidated),Hyderabad,Rural,2020,Post-Merger,2017-04-01,7.66%,3.12%,44.75%,0.31%,42.04%,13.87%,197.39,234.47
688,BR-7929,State Bank of India (Consolidated),Bengaluru,Semi-Urban,2019,Post-Merger,2017-04-01,5.94%,2.01%,45.38%,0.77%,44.85%,16.45%,256.57,311.55
689,BR-5840,State Bank of India (Consolidated),Lucknow,Semi-Urban,2019,Post-Merger,2017-04-01,8.46%,3.57%,47.29%,0.53%,51.48%,16.43%,577.34,822.78
690,BR-6606,State Bank of Hyderabad,Kolkata,Semi-Urban,2016,Pre-Merger,2017-04-01,12.53%,6.61%,56.34%,0.09%,41.38%,13.13%,585.82,674.97
691,BR-5919,State Bank of India (Consolidated),Ahmedabad,Urban,2021,Post-Merger,2017-04-01,7.36%,3.28%,45.20%,0.68%,45.49%,13.60%,901.59,"1,057.14"
692,BR-8820,State Bank of India (Consolidated),Thiruvananthapuram,Urban,2019,Post-Merger,01/04/2017,4.30%,1.75%,49.45%,1.28%,50.61%,15.71%,972.78,"1,280.29"
693,BR-5861,State Bank of India (Consolidated),Kolkata,Rural,2020,Post-Merger,2017-04-01,8.74%,2.38%,49.71%,0.82%,45.95%,14.14%,"1,104.51","1,272.15"
694,BR-3685,State Bank of India (Parent),Jaipur,Urban,2017,Pre-Merger,01/04/2017,16.76%,9.65%,52.07%,0.54%,39.20%,11.79%,"1,211.67","1,416.28"
695,BR-3283,State Bank of India (Consolidated),Ahmedabad,Metro,2020,Post-Merger,2017-04-01,7.76%,2.35%,44.98%,0.98%,43.74%,14.14%,474.83,602.83
696,BR-3340,State Bank of India (Consolidated),Chandigarh,Semi-Urban,2018,Post-Merger,2017-04-01,6.43%,2.02%,50.88%,0.92%,49.18%,14.49%,455.73,595.12
697,BR-3160,State Bank of India (Consolidated),Lucknow,Urban,2018,Post-Merger,2017-04-01,3.33%,1.12%,47.72%,1.45%,47.36%,12.26%,456.74,548.30
698,BR-7101,State Bank of India (Consolidated),Lucknow,Semi-Urban,2018,Post-Merger,2017-04-01,8.86%,3.36%,51.67%,0.51%,50.02%,15.78%,865.87,998.71
699,BR-7578,State Bank of Mysore,Jaipur,Metro,2017,Pre-Merger,2017-04-01,2.10%,1.29%,58.60%,0.72%,48.50%,11.34%,"1,431.51","1,985.84"
700,BR-2614,State Bank of Mysore,Kolkata,Rural,2017,Pre-Merger,2017-04-01,10.58%,6.12%,47.93%,1.06%,43.70%,10.31%,787.34,"1,042.33"
701,BR-4216,State Bank of Mysore,Bhopal,Urban,2014,Pre-Merger,01/04/2017,11.65%,7.08%,60.51%,0.96%,36.40%,11.91%,837.60,988.69
702,BR-3243,State Bank of India (Consolidated),Kolkata,Rural,2021,Post-Merger,2017-04-01,6.28%,1.71%,52.19%,0.45%,49.21%,13.58%,725.06,990.34
703,BR-1908,State Bank of India (Parent),Delhi NCR,Rural,2017,Pre-Merger,2017-04-01,8.41%,5.68%,50.71%,0.17%,34.39%,12.11%,891.27,"1,279.81"
704,BR-1815,State Bank of India (Consolidated),Hyderabad,Rural,2020,Post-Merger,2017-04-01,5.17%,1.41%,43.64%,0.30%,45.94%,14.42%,499.81,661.91
705,BR-3523,State Bank of India (Consolidated),Ahmedabad,Semi-Urban,2021,Post-Merger,2017-04-01,1.50%,0.45%,48.70%,0.60%,45.52%,13.54%,814.35,"1,026.90"
706,BR-2291,State Bank of India (Consolidated)   ,Hyderabad,Semi-Urban,2020,Post-Merger,01/04/2017,8.81%,,,0.91%,48.26%,14.89%,"1,141.80","1,464.17"
707,BR-5213,State Bank of India (Consolidated),Kolkata,Urban,2018,Post-Merger,2017-04-01,5.17%,1.40%,46.82%,1.12%,46.43%,13.94%,"1,373.45","1,914.99"
708,BR-5215,State Bank of India (Consolidated),Hyderabad,Urban,2019,Post-Merger,2017-04-01,3.96%,1.62%,51.71%,0.44%,44.05%,13.23%,285.49,397.79
709,BR-1246,State Bank of Hyderabad,Bhopal,Urban,2015,Pre-Merger,2017-04-01,3.19%,1.78%,64.05%,1.20%,38.70%,14.50%,"1,350.99","1,712.90"
710,BR-4514,State Bank of Mysore,Thiruvananthapuram,Urban,2015,Pre-Merger,2017-04-01,8.44%,5.66%,58.16%,-0.16%,34.03%,12.37%,"1,182.78","1,556.14"
711,BR-6423,State Bank of India (Consolidated),Hyderabad,Urban,2018,Post-Merger,2017-04-01,6.94%,2.48%,46.54%,0.64%,45.80%,14.62%,676.22,880.74
712,BR-8142,State Bank of India (Parent),Lucknow,Urban,2014,Pre-Merger,2017-04-01,6.33%,3.89%,56.69%,1.01%,45.29%,10.77%,378.86,471.86
713,BR-5370,State Bank of India (Consolidated),Lucknow,Semi-Urban,2019,Post-Merger,01/04/2017,6.67%,2.76%,46.76%,0.69%,46.47%,12.98%,464.69,653.64
714,BR-3276,State Bank of India (Parent),Mumbai Metro,Semi-Urban,2017,Pre-Merger,2017-04-01,6.61%,3.58%,55.81%,1.18%,40.96%,12.12%,659.20,780.61
715,BR-5722,State Bank of India (Consolidated),Bengaluru,Urban,2018,Post-Merger,2017-04-01,6.73%,1.81%,48.72%,1.03%,51.87%,14.00%,931.00,"1,203.69"
716,BR-9561,State Bank of Mysore,Bengaluru,Metro,2016,Pre-Merger,2017-04-01,11.88%,7.63%,58.25%,0.45%,39.70%,12.13%,547.77,718.16
717,BR-5716,State Bank of India (Parent),Lucknow,Metro,2017,Pre-Merger,2017-04-01,12.59%,6.90%,65.42%,0.89%,40.10%,13.78%,755.84,897.01
718,BR-5802,State Bank of Patiala,Kolkata,Metro,2015,Pre-Merger,2017-04-01,7.55%,3.98%,47.77%,1.05%,40.08%,11.09%,101.03,141.68
719,BR-1158,State Bank of India (Parent)   ,Kolkata,Metro,2017,Pre-Merger,01/04/2017,10.62%,6.90%,46.74%,1.20%,38.16%,11.88%,"1,226.21","1,688.76"
720,BR-8896,State Bank of India (Consolidated),Bhopal,Semi-Urban,2021,Post-Merger,2017-04-01,6.63%,1.83%,48.93%,0.10%,49.08%,15.82%,"1,231.22","1,432.43"
721,BR-1324,State Bank of India (Consolidated),Chennai,Rural,2021,Post-Merger,01/04/2017,3.88%,1.49%,44.58%,0.51%,48.04%,14.14%,474.57,687.65
722,BR-8485,State Bank of Travancore   ,Delhi NCR,Semi-Urban,2014,Pre-Merger,01/04/2017,10.19%,6.64%,,1.20%,49.97%,11.56%,"1,209.21","1,742.12"
723,BR-2487,State Bank of India (Consolidated),Thiruvananthapuram,Urban,2020,Post-Merger,2017-04-01,8.04%,2.04%,52.76%,0.48%,45.80%,13.12%,171.00,205.86
724,BR-1528,State Bank of India (Consolidated),Jaipur,Semi-Urban,2020,Post-Merger,2017-04-01,3.55%,1.14%,44.08%,0.33%,42.35%,15.80%,868.47,"1,024.78"
725,BR-6127,State Bank of India (Parent),Mumbai Metro,Urban,2016,Pre-Merger,2017-04-01,11.88%,7.01%,48.20%,0.34%,42.10%,11.83%,"1,364.54","1,708.68"
726,BR-1184,State Bank of India (Consolidated),Chandigarh,Urban,2018,Post-Merger,2017-04-01,6.58%,1.92%,47.99%,0.80%,44.12%,11.81%,"1,037.08","1,361.12"
727,BR-7274,State Bank of India (Parent),Hyderabad,Semi-Urban,2015,Pre-Merger,2017-04-01,12.81%,7.16%,55.66%,-0.56%,34.28%,10.56%,"1,247.54","1,545.30"
728,BR-9890,State Bank of India (Parent),Delhi NCR,Urban,2017,Pre-Merger,01/04/2017,10.87%,6.87%,53.90%,0.29%,48.18%,12.64%,151.05,176.85
729,BR-3957,State Bank of India (Consolidated),Bhopal,Rural,2018,Post-Merger,2017-04-01,6.62%,2.69%,52.39%,1.07%,41.80%,15.28%,503.13,580.39
730,BR-8878,State Bank of India (Parent),Chandigarh,Semi-Urban,2015,Pre-Merger,01/04/2017,9.04%,5.95%,56.97%,0.98%,38.80%,11.97%,903.65,"1,234.30"
731,BR-3406,State Bank of Patiala,Lucknow,Metro,2014,Pre-Merger,2017-04-01,6.36%,3.78%,55.02%,-0.37%,39.44%,11.89%,157.07,208.74
732,BR-4952,State Bank of India (Parent),Ahmedabad,Semi-Urban,2014,Pre-Merger,01/04/2017,7.98%,4.66%,55.22%,-0.07%,41.80%,10.31%,814.79,"1,162.95"
733,BR-7412,State Bank of India (Consolidated),Kolkata,Semi-Urban,2019,Post-Merger,2017-04-01,7.76%,2.03%,55.01%,0.90%,44.86%,15.73%,"1,499.28","1,842.50"
734,BR-9495,State Bank of India (Parent),Hyderabad,Metro,2017,Pre-Merger,01/04/2017,5.89%,3.70%,51.72%,-0.46%,38.58%,12.16%,"1,458.21","1,990.19"
735,BR-3823,State Bank of India (Consolidated),Thiruvananthapuram,Metro,2021,Post-Merger,01/04/2017,4.97%,1.59%,40.68%,0.85%,43.66%,13.45%,"1,486.05","1,742.77"
736,BR-6056,State Bank of Bikaner and Jaipur,Ahmedabad,Urban,2017,Pre-Merger,2017-04-01,12.69%,8.20%,54.62%,0.89%,38.84%,9.82%,"1,059.65","1,499.62"
737,BR-8274,State Bank of India (Consolidated),Kolkata,Semi-Urban,2021,Post-Merger,01/04/2017,3.66%,0.97%,53.48%,1.30%,42.04%,12.98%,91.05,125.28
738,BR-4536,State Bank of India (Consolidated),Bhopal,Semi-Urban,2019,Post-Merger,2017-04-01,6.79%,1.95%,46.20%,0.51%,43.39%,14.10%,574.84,691.97
739,BR-4504,State Bank of India (Consolidated),Delhi NCR,Semi-Urban,2020,Post-Merger,2017-04-01,10.23%,2.75%,44.56%,1.00%,45.72%,14.21%,167.53,240.84
740,BR-3256,State Bank of India (Consolidated),Ahmedabad,Rural,2018,Post-Merger,2017-04-01,4.95%,1.43%,53.98%,0.69%,37.17%,14.90%,537.72,716.84
741,BR-4124,State Bank of Bikaner and Jaipur,Lucknow,Metro,2015,Pre-Merger,2017-04-01,13.05%,7.51%,52.68%,1.20%,37.43%,10.82%,571.25,716.57
742,BR-9379,State Bank of India (Consolidated),Hyderabad,Rural,2020,Post-Merger,2017-04-01,6.61%,2.17%,42.27%,0.10%,41.98%,15.62%,520.17,743.72
743,BR-7569,State Bank of Bikaner and Jaipur,Thiruvananthapuram,Rural,2017,Pre-Merger,01/04/2017,12.17%,7.91%,62.06%,0.48%,39.13%,9.71%,563.19,752.56
744,BR-8360,State Bank of India (Parent),Thiruvananthapuram,Metro,2016,Pre-Merger,2017-04-01,11.84%,7.78%,52.65%,0.06%,36.74%,13.69%,"1,092.48","1,308.04"
745,BR-2620,State Bank of India (Consolidated),Delhi NCR,Urban,2021,Post-Merger,01/04/2017,3.73%,1.03%,47.78%,0.65%,41.21%,15.51%,804.50,956.03
746,BR-1236,State Bank of India (Consolidated),Kolkata,Metro,2020,Post-Merger,2017-04-01,4.79%,1.56%,39.02%,0.77%,43.53%,12.39%,107.23,148.16
747,BR-4132,State Bank of Patiala,Mumbai Metro,Semi-Urban,2014,Pre-Merger,01/04/2017,9.71%,5.21%,60.64%,0.88%,45.23%,12.61%,228.21,329.72
748,BR-6181,State Bank of India (Consolidated),Bengaluru,Rural,2019,Post-Merger,2017-04-01,5.46%,1.54%,46.66%,1.05%,44.68%,11.96%,"1,383.34","1,751.47"
749,BR-4759,State Bank of India (Consolidated),Jaipur,Urban,2019,Post-Merger,2017-04-01,3.76%,1.63%,51.13%,1.08%,43.26%,14.32%,"1,220.34","1,693.23"
750,BR-1961,State Bank of Bikaner and Jaipur,Hyderabad,Rural,2017,Pre-Merger,2017-04-01,12.20%,6.46%,59.85%,0.17%,45.37%,14.50%,"1,435.25","1,856.60"
751,BR-5841,State Bank of India (Consolidated),Lucknow,Urban,2018,Post-Merger,2017-04-01,6.91%,2.86%,42.85%,0.22%,46.88%,15.39%,147.48,179.30
752,BR-5549,State Bank of India (Consolidated)   ,Chennai,Urban,2018,Post-Merger,01/04/2017,4.28%,1.66%,43.61%,1.43%,41.69%,13.83%,808.80,"1,072.59"
753,BR-1336,State Bank of India (Parent)   ,Delhi NCR,Semi-Urban,2017,Pre-Merger,01/04/2017,10.50%,6.10%,60.34%,-0.25%,36.76%,13.41%,"1,453.44","1,862.72"
754,BR-5098,State Bank of India (Parent),Kolkata,Rural,2016,Pre-Merger,2017-04-01,8.57%,5.43%,60.68%,0.44%,38.31%,12.93%,"1,096.20","1,523.74"
755,BR-3057,State Bank of India (Consolidated),Chennai,Semi-Urban,2021,Post-Merger,2017-04-01,3.37%,1.42%,48.09%,0.49%,42.90%,13.84%,385.42,474.67
756,BR-4597,State Bank of India (Consolidated),Lucknow,Urban,2018,Post-Merger,01/04/2017,1.50%,0.51%,50.98%,1.10%,43.75%,14.75%,344.35,408.98
757,BR-1747,State Bank of India (Consolidated),Kolkata,Semi-Urban,2021,Post-Merger,01/04/2017,7.24%,2.68%,50.27%,1.14%,40.57%,14.63%,456.83,619.64
758,BR-5478,State Bank of India (Consolidated),Bengaluru,Metro,2018,Post-Merger,2017-04-01,7.52%,3.28%,48.84%,1.13%,49.55%,13.31%,896.80,"1,296.40"
759,BR-3304,State Bank of India (Parent),Delhi NCR,Rural,2014,Pre-Merger,2017-04-01,12.21%,6.43%,55.10%,0.20%,42.33%,13.63%,"1,480.16","1,782.30"
760,BR-3337,State Bank of India (Parent),Chennai,Rural,2014,Pre-Merger,01/04/2017,11.94%,7.43%,60.27%,1.20%,37.39%,11.97%,"1,366.50","1,588.39"
761,BR-3395,State Bank of Patiala,Chandigarh,Urban,2015,Pre-Merger,2017-04-01,8.51%,4.64%,54.51%,0.14%,41.05%,12.31%,893.87,"1,276.20"
762,BR-6965,State Bank of India (Parent),Bhopal,Urban,2014,Pre-Merger,01/04/2017,4.26%,2.23%,57.39%,1.20%,43.72%,13.11%,967.80,"1,399.36"
763,BR-6623,State Bank of India (Consolidated),Kolkata,Metro,2019,Post-Merger,2017-04-01,7.19%,2.90%,45.79%,0.78%,44.01%,15.14%,"1,104.61","1,556.24"
764,BR-8836,State Bank of Travancore,Mumbai Metro,Semi-Urban,2017,Pre-Merger,2017-04-01,5.61%,3.38%,47.02%,-0.40%,43.92%,13.89%,"1,381.32","1,609.25"
765,BR-7229,State Bank of India (Consolidated),Bengaluru,Metro,2021,Post-Merger,01/04/2017,6.55%,2.94%,48.33%,1.14%,41.93%,13.83%,"1,284.12","1,618.37"
766,BR-6190,Bharatiya Mahila Bank,Kolkata,Urban,2014,Pre-Merger,01/04/2017,6.79%,3.46%,59.33%,0.48%,37.71%,12.16%,875.97,"1,094.63"
767,BR-2528,State Bank of Hyderabad,Ahmedabad,Metro,2014,Pre-Merger,2017-04-01,12.48%,6.99%,60.48%,-0.07%,43.56%,12.89%,324.04,398.08
768,BR-5289,State Bank of India (Consolidated),Ahmedabad,Metro,2019,Post-Merger,2017-04-01,9.06%,3.03%,39.70%,1.12%,48.02%,14.48%,"1,221.52","1,472.19"
769,BR-1333,State Bank of India (Consolidated),Bengaluru,Urban,2021,Post-Merger,2017-04-01,7.04%,2.79%,50.44%,0.88%,43.62%,15.22%,139.07,160.89
770,BR-9376,State Bank of India (Consolidated),Kolkata,Rural,2021,Post-Merger,2017-04-01,6.87%,2.25%,49.64%,0.69%,46.26%,13.11%,721.12,"1,032.31"
771,BR-5090,State Bank of India (Consolidated),Chandigarh,Semi-Urban,2020,Post-Merger,2017-04-01,2.71%,1.15%,45.30%,1.34%,50.63%,13.03%,711.93,"1,032.19"
772,BR-6280,Bharatiya Mahila Bank,Mumbai Metro,Metro,2014,Pre-Merger,2017-04-01,10.02%,6.63%,53.92%,0.66%,43.13%,13.60%,197.48,275.92
773,BR-6399,State Bank of India (Parent),Thiruvananthapuram,Metro,2017,Pre-Merger,2017-04-01,9.32%,4.88%,50.68%,0.31%,44.45%,13.02%,832.97,"1,046.27"
774,BR-9915,State Bank of Patiala,Kolkata,Urban,2016,Pre-Merger,2017-04-01,10.19%,6.48%,49.30%,0.79%,47.11%,14.29%,767.66,"1,009.47"
775,BR-4700,State Bank of India (Consolidated),Kolkata,Rural,2018,Post-Merger,2017-04-01,3.62%,1.13%,48.61%,1.05%,38.91%,14.88%,747.54,947.08
776,BR-9662,State Bank of India (Parent),Ahmedabad,Urban,2016,Pre-Merger,2017-04-01,11.33%,6.89%,57.13%,0.19%,41.67%,13.37%,541.21,670.03
777,BR-8824,State Bank of Bikaner and Jaipur,Bengaluru,Rural,2015,Pre-Merger,01/04/2017,11.25%,6.51%,51.04%,0.84%,36.60%,11.38%,"1,378.51","1,895.93"
778,BR-6448,State Bank of India (Consolidated),Bhopal,Semi-Urban,2019,Post-Merger,2017-04-01,6.97%,2.64%,50.14%,1.05%,46.67%,14.78%,"1,397.49","1,746.58"
779,BR-9759,State Bank of India (Consolidated),Mumbai Metro,Rural,2019,Post-Merger,2017-04-01,6.81%,2.53%,46.92%,0.72%,45.61%,14.81%,367.23,452.09
780,BR-9772,State Bank of Patiala,Ahmedabad,Semi-Urban,2014,Pre-Merger,2017-04-01,4.56%,2.99%,55.52%,0.36%,38.73%,14.50%,245.58,309.51
781,BR-4075,State Bank of Patiala,Chandigarh,Semi-Urban,2014,Pre-Merger,2017-04-01,12.71%,7.29%,54.10%,-0.98%,50.68%,13.85%,828.01,"1,030.88"
782,BR-5278,State Bank of India (Consolidated),Ahmedabad,Rural,2018,Post-Merger,01/04/2017,5.36%,1.99%,45.59%,1.42%,47.25%,13.69%,"1,134.93","1,611.55"
783,BR-8332,State Bank of Hyderabad,Mumbai Metro,Urban,2015,Pre-Merger,2017-04-01,7.05%,4.08%,51.56%,1.16%,49.40%,12.15%,125.53,167.42
784,BR-9050,State Bank of India (Consolidated),Thiruvananthapuram,Urban,2019,Post-Merger,2017-04-01,10.00%,2.95%,45.08%,0.62%,49.11%,13.64%,"1,255.64","1,588.19"
785,BR-7627,State Bank of Hyderabad,Mumbai Metro,Semi-Urban,2014,Pre-Merger,2017-04-01,8.97%,5.14%,65.60%,0.30%,35.09%,12.79%,"1,038.77","1,391.95"
786,BR-6341,State Bank of India (Consolidated),Lucknow,Metro,2020,Post-Merger,01/04/2017,2.02%,0.52%,41.99%,1.02%,49.64%,15.07%,"1,380.62","1,984.55"
787,BR-6984,State Bank of India (Consolidated),Jaipur,Semi-Urban,2021,Post-Merger,2017-04-01,6.52%,1.72%,49.41%,0.77%,50.16%,14.48%,"1,048.20","1,517.85"
788,BR-9035,State Bank of India (Parent)   ,Ahmedabad,Rural,2014,Pre-Merger,01/04/2017,13.31%,6.69%,,-0.15%,47.61%,14.49%,125.24,161.66
789,BR-1908,State Bank of India (Consolidated),Bengaluru,Rural,2018,Post-Merger,2017-04-01,5.77%,1.65%,51.81%,0.49%,35.00%,17.50%,445.87,561.74
790,BR-4832,State Bank of Hyderabad,Delhi NCR,Metro,2016,Pre-Merger,2017-04-01,7.24%,4.43%,43.77%,0.01%,33.75%,11.15%,787.37,"1,013.57"
791,BR-7088,State Bank of Bikaner and Jaipur,Mumbai Metro,Urban,2014,Pre-Merger,01/04/2017,13.26%,7.93%,53.48%,0.16%,48.72%,10.23%,663.51,870.24
792,BR-7182,State Bank of India (Parent),Chennai,Semi-Urban,2017,Pre-Merger,2017-04-01,3.35%,1.73%,54.33%,0.21%,49.01%,12.45%,201.77,259.94
793,BR-1596,State Bank of India (Parent),Jaipur,Urban,2016,Pre-Merger,2017-04-01,10.20%,5.42%,47.39%,-0.30%,36.29%,11.73%,"1,199.74","1,439.88"
794,BR-2459,State Bank of India (Consolidated),Ahmedabad,Urban,2020,Post-Merger,2017-04-01,4.97%,2.09%,49.75%,0.89%,45.58%,16.40%,316.16,430.49
795,BR-5087,State Bank of India (Consolidated),Kolkata,Rural,2018,Post-Merger,01/04/2017,9.34%,3.81%,48.72%,0.56%,42.72%,11.61%,"1,301.93","1,682.26"
796,BR-5860,State Bank of Bikaner and Jaipur,Chandigarh,Metro,2015,Pre-Merger,2017-04-01,10.29%,5.18%,48.31%,-0.14%,32.55%,12.29%,"1,111.18","1,447.85"
797,BR-5250,State Bank of India (Consolidated),Mumbai Metro,Semi-Urban,2018,Post-Merger,2017-04-01,6.89%,2.82%,46.37%,0.86%,47.52%,14.55%,341.66,414.75
798,BR-6088,State Bank of India (Consolidated),Hyderabad,Semi-Urban,2018,Post-Merger,2017-04-01,5.42%,2.38%,38.09%,0.54%,43.82%,11.85%,625.56,800.53
799,BR-5968,State Bank of India (Parent)   ,Mumbai Metro,Metro,2016,Pre-Merger,01/04/2017,7.97%,4.85%,,0.57%,46.28%,12.19%,"1,143.33","1,543.68"
800,BR-7980,State Bank of India (Consolidated),Delhi NCR,Rural,2019,Post-Merger,2017-04-01,6.07%,1.64%,43.35%,0.90%,44.69%,14.11%,529.57,716.59
801,BR-2059,State Bank of India (Parent),Lucknow,Metro,2014,Pre-Merger,2017-04-01,12.61%,8.37%,50.24%,0.52%,40.28%,12.31%,835.60,"1,080.73"
802,BR-7176,State Bank of India (Consolidated),Mumbai Metro,Metro,2020,Post-Merger,2017-04-01,5.49%,1.84%,44.78%,1.05%,50.38%,13.65%,"1,462.91","1,708.51"
803,BR-4534,State Bank of Travancore   ,Kolkata,Semi-Urban,2017,Pre-Merger,01/04/2017,11.81%,6.09%,61.99%,-0.18%,43.05%,11.44%,672.21,843.72
804,BR-1296,State Bank of India (Consolidated)   ,Chennai,Metro,2019,Post-Merger,01/04/2017,7.40%,,,0.94%,45.49%,13.80%,834.53,"1,010.09"
805,BR-4239,State Bank of Bikaner and Jaipur,Chandigarh,Metro,2014,Pre-Merger,2017-04-01,7.21%,4.43%,53.38%,0.07%,45.48%,13.96%,598.34,850.45
806,BR-6739,State Bank of Hyderabad,Hyderabad,Rural,2016,Pre-Merger,01/04/2017,14.69%,9.02%,56.34%,0.90%,33.30%,11.30%,107.33,150.00
807,BR-9159,State Bank of India (Consolidated),Jaipur,Metro,2020,Post-Merger,2017-04-01,6.10%,2.32%,50.99%,0.56%,45.73%,14.14%,999.75,"1,300.47"
808,BR-3091,State Bank of India (Parent)   ,Mumbai Metro,Urban,2014,Pre-Merger,01/04/2017,15.20%,8.13%,,-0.59%,36.69%,12.58%,"1,207.08","1,672.48"
809,BR-4811,State Bank of Hyderabad,Chennai,Semi-Urban,2017,Pre-Merger,2017-04-01,6.36%,3.92%,52.85%,-0.70%,42.13%,14.04%,371.49,459.86
810,BR-7211,State Bank of Travancore,Thiruvananthapuram,Semi-Urban,2017,Pre-Merger,01/04/2017,9.36%,6.36%,60.10%,0.86%,36.21%,10.01%,284.67,397.63
811,BR-2285,State Bank of India (Parent),Kolkata,Metro,2015,Pre-Merger,01/04/2017,6.92%,4.23%,50.62%,0.73%,39.56%,10.87%,462.71,552.22
812,BR-9382,State Bank of India (Consolidated),Bengaluru,Urban,2018,Post-Merger,01/04/2017,4.02%,1.38%,54.49%,0.85%,52.53%,12.85%,"1,273.59","1,725.45"
813,BR-8248,State Bank of India (Consolidated),Thiruvananthapuram,Rural,2019,Post-Merger,01/04/2017,5.87%,1.88%,44.74%,1.07%,41.76%,13.20%,150.22,211.00
814,BR-7347,State Bank of Hyderabad,Ahmedabad,Metro,2015,Pre-Merger,2017-04-01,12.34%,6.48%,61.59%,0.80%,41.37%,10.08%,"1,140.99","1,470.47"
815,BR-2592,State Bank of India (Parent),Chandigarh,Semi-Urban,2014,Pre-Merger,2017-04-01,8.79%,5.11%,60.69%,1.20%,41.45%,11.53%,869.60,"1,085.34"
816,BR-2600,State Bank of India (Consolidated),Bhopal,Metro,2018,Post-Merger,2017-04-01,5.21%,1.95%,53.53%,0.89%,46.57%,16.31%,"1,044.04","1,474.26"
817,BR-4101,State Bank of Travancore,Hyderabad,Urban,2015,Pre-Merger,01/04/2017,15.41%,10.11%,52.49%,0.40%,38.80%,11.86%,509.38,707.38
818,BR-8666,State Bank of Hyderabad,Hyderabad,Rural,2015,Pre-Merger,01/04/2017,13.21%,7.74%,55.59%,-0.16%,44.46%,13.05%,"1,365.63","1,738.23"
819,BR-2781,State Bank of India (Parent),Delhi NCR,Metro,2016,Pre-Merger,01/04/2017,3.37%,2.03%,48.54%,1.20%,43.03%,11.13%,"1,298.77","1,614.28"
820,BR-4257,State Bank of India (Consolidated),Delhi NCR,Urban,2020,Post-Merger,2017-04-01,5.95%,1.76%,47.41%,0.74%,44.75%,15.47%,"1,398.50","1,855.93"
821,BR-4322,State Bank of India (Consolidated),Jaipur,Urban,2019,Post-Merger,2017-04-01,4.79%,1.46%,44.72%,1.49%,43.15%,13.57%,340.89,430.77
822,BR-4123,State Bank of India (Consolidated),Hyderabad,Urban,2018,Post-Merger,2017-04-01,7.31%,2.52%,45.37%,0.46%,46.97%,13.73%,764.26,"1,008.00"
823,BR-2976,State Bank of Patiala,Delhi NCR,Urban,2014,Pre-Merger,2017-04-01,11.20%,6.83%,62.75%,0.32%,37.44%,11.58%,"1,019.05","1,450.49"
824,BR-8501,State Bank of India (Consolidated),Chennai,Urban,2019,Post-Merger,2017-04-01,4.77%,1.91%,47.61%,1.16%,43.44%,14.59%,574.55,727.88
825,BR-1831,State Bank of India (Parent),Hyderabad,Urban,2015,Pre-Merger,2017-04-01,5.43%,3.32%,50.32%,0.95%,42.80%,10.60%,825.06,"1,086.21"
826,BR-8425,State Bank of India (Consolidated),Mumbai Metro,Urban,2021,Post-Merger,2017-04-01,6.14%,2.58%,48.82%,0.85%,48.83%,15.04%,318.42,406.26
827,BR-6973,State Bank of Mysore,Lucknow,Urban,2015,Pre-Merger,2017-04-01,2.10%,1.42%,46.54%,-0.62%,35.95%,12.95%,785.35,"1,044.52"
828,BR-5329,State Bank of India (Consolidated),Jaipur,Metro,2021,Post-Merger,2017-04-01,5.31%,1.80%,42.81%,1.60%,52.92%,12.51%,277.65,319.58
829,BR-9789,State Bank of India (Consolidated),Chandigarh,Rural,2020,Post-Merger,2017-04-01,2.74%,1.09%,46.21%,0.64%,51.05%,14.79%,"1,430.01","1,900.97"
830,BR-9167,State Bank of India (Consolidated)   ,Lucknow,Metro,2019,Post-Merger,01/04/2017,9.21%,4.00%,46.29%,0.48%,47.43%,13.58%,518.16,750.07
831,BR-6825,State Bank of India (Parent),Ahmedabad,Metro,2016,Pre-Merger,2017-04-01,10.30%,6.95%,55.38%,1.20%,40.31%,10.94%,709.17,850.81
832,BR-8229,State Bank of India (Consolidated),Delhi NCR,Semi-Urban,2018,Post-Merger,01/04/2017,5.01%,2.09%,51.71%,0.46%,46.44%,13.27%,529.78,728.41
833,BR-3615,State Bank of India (Consolidated),Jaipur,Urban,2019,Post-Merger,2017-04-01,6.74%,2.47%,46.65%,0.95%,45.00%,13.31%,"1,495.53","1,840.03"
834,BR-9155,State Bank of Bikaner and Jaipur,Bengaluru,Urban,2016,Pre-Merger,2017-04-01,8.91%,4.74%,48.21%,1.18%,42.74%,12.86%,946.93,"1,192.43"
835,BR-4722,State Bank of India (Parent),Chandigarh,Urban,2017,Pre-Merger,2017-04-01,8.31%,5.32%,52.59%,0.44%,34.79%,14.50%,"1,325.56","1,869.47"
836,BR-5297,State Bank of Mysore,Hyderabad,Urban,2015,Pre-Merger,2017-04-01,5.49%,3.03%,54.45%,-0.75%,37.49%,13.13%,449.93,604.59
837,BR-6761,Bharatiya Mahila Bank,Delhi NCR,Urban,2016,Pre-Merger,2017-04-01,14.80%,7.41%,54.39%,0.16%,43.19%,13.36%,313.09,401.62
838,BR-8810,State Bank of Mysore,Mumbai Metro,Semi-Urban,2014,Pre-Merger,2017-04-01,11.64%,7.33%,59.67%,-0.02%,45.13%,11.63%,265.59,319.24
839,BR-6301,State Bank of India (Consolidated),Bengaluru,Semi-Urban,2020,Post-Merger,01/04/2017,3.83%,1.36%,53.92%,0.82%,47.55%,13.48%,315.71,391.57
840,BR-7026,State Bank of India (Parent),Bengaluru,Rural,2015,Pre-Merger,01/04/2017,10.40%,5.68%,49.90%,0.59%,44.85%,13.26%,"1,026.39","1,221.83"
841,BR-3696,State Bank of India (Consolidated),Jaipur,Rural,2021,Post-Merger,01/04/2017,6.09%,1.94%,55.41%,1.27%,46.31%,14.20%,645.46,891.76
842,BR-6248,State Bank of India (Consolidated),Delhi NCR,Urban,2021,Post-Merger,2017-04-01,4.83%,2.05%,44.54%,0.64%,46.43%,15.40%,"1,342.51","1,921.60"
843,BR-6645,State Bank of India (Consolidated),Lucknow,Metro,2018,Post-Merger,01/04/2017,5.67%,1.74%,43.61%,0.87%,44.18%,17.50%,663.98,855.27
844,BR-5112,State Bank of India (Parent),Thiruvananthapuram,Semi-Urban,2015,Pre-Merger,2017-04-01,11.56%,7.79%,44.35%,0.61%,41.70%,11.52%,911.01,"1,124.43"
845,BR-7764,State Bank of Bikaner and Jaipur,Thiruvananthapuram,Rural,2017,Pre-Merger,2017-04-01,15.39%,8.82%,45.46%,0.61%,35.63%,12.99%,412.92,565.49
846,BR-1157,State Bank of Patiala,Ahmedabad,Semi-Urban,2015,Pre-Merger,2017-04-01,13.86%,7.83%,49.69%,0.56%,39.46%,11.36%,810.42,"1,075.13"
847,BR-6605,State Bank of Bikaner and Jaipur,Delhi NCR,Metro,2017,Pre-Merger,2017-04-01,2.10%,1.37%,51.04%,-0.33%,43.31%,14.50%,470.37,642.07
848,BR-4055,State Bank of India (Consolidated),Delhi NCR,Rural,2018,Post-Merger,01/04/2017,5.69%,1.90%,44.92%,1.02%,47.94%,12.09%,677.60,976.27
849,BR-4177,State Bank of India (Parent),Bhopal,Urban,2017,Pre-Merger,2017-04-01,14.65%,8.14%,59.66%,-0.33%,35.90%,11.76%,"1,399.35","1,702.67"
850,BR-4005,State Bank of Hyderabad,Bhopal,Rural,2017,Pre-Merger,2017-04-01,10.32%,5.51%,59.81%,0.15%,36.72%,14.00%,"1,136.72","1,613.14"
851,BR-4761,State Bank of India (Consolidated),Chandigarh,Semi-Urban,2019,Post-Merger,2017-04-01,6.40%,1.78%,45.37%,0.29%,39.36%,13.68%,"1,080.08","1,324.01"
852,BR-5939,State Bank of India (Consolidated),Bengaluru,Semi-Urban,2018,Post-Merger,2017-04-01,7.28%,2.40%,49.47%,0.88%,46.21%,12.84%,440.30,612.20
853,BR-1782,State Bank of Hyderabad,Bhopal,Rural,2017,Pre-Merger,2017-04-01,11.40%,7.24%,57.46%,0.94%,41.18%,13.06%,856.06,"1,114.41"
854,BR-2110,State Bank of Mysore,Chennai,Metro,2016,Pre-Merger,2017-04-01,10.33%,7.01%,53.61%,0.16%,39.94%,13.25%,742.15,"1,045.09"
855,BR-6631,State Bank of India (Parent),Thiruvananthapuram,Semi-Urban,2015,Pre-Merger,2017-04-01,8.06%,5.06%,55.45%,-0.19%,40.70%,12.09%,351.15,405.47
856,BR-4989,State Bank of India (Consolidated),Delhi NCR,Urban,2018,Post-Merger,2017-04-01,9.46%,4.15%,41.72%,1.00%,51.61%,14.90%,"1,392.53","1,899.02"
857,BR-7820,State Bank of Patiala,Jaipur,Metro,2014,Pre-Merger,2017-04-01,11.41%,7.24%,51.70%,1.01%,41.47%,12.49%,718.07,916.75
858,BR-8959,State Bank of Patiala,Hyderabad,Rural,2014,Pre-Merger,01/04/2017,6.56%,3.38%,55.75%,0.54%,40.45%,11.78%,803.19,"1,051.94"
859,BR-5833,State Bank of India (Consolidated),Bengaluru,Urban,2019,Post-Merger,2017-04-01,9.02%,2.65%,48.43%,0.89%,35.31%,12.86%,747.73,"1,032.49"
860,BR-7247,State Bank of Travancore,Bengaluru,Rural,2014,Pre-Merger,2017-04-01,3.23%,2.08%,54.05%,0.19%,33.18%,11.86%,"1,074.27","1,501.70"
861,BR-6007,State Bank of India (Parent),Lucknow,Semi-Urban,2017,Pre-Merger,2017-04-01,10.59%,5.90%,54.15%,1.20%,36.26%,9.50%,"1,302.23","1,869.90"
862,BR-5759,State Bank of Bikaner and Jaipur,Chandigarh,Urban,2017,Pre-Merger,2017-04-01,14.98%,10.01%,53.94%,0.61%,39.80%,12.30%,"1,342.22","1,801.90"
863,BR-7841,State Bank of India (Consolidated),Jaipur,Urban,2019,Post-Merger,01/04/2017,6.69%,2.06%,49.21%,1.19%,41.42%,12.66%,520.10,738.54
864,BR-6083,State Bank of India (Parent),Delhi NCR,Metro,2014,Pre-Merger,2017-04-01,10.52%,5.42%,49.88%,0.56%,43.46%,12.81%,310.07,425.37
865,BR-5063,State Bank of India (Consolidated),Mumbai Metro,Metro,2020,Post-Merger,01/04/2017,6.95%,1.80%,44.58%,1.09%,46.10%,14.10%,577.01,764.02
866,BR-9191,State Bank of Patiala,Chandigarh,Metro,2015,Pre-Merger,01/04/2017,8.81%,5.54%,55.15%,0.55%,41.34%,12.95%,932.31,"1,345.41"
867,BR-2438,State Bank of Hyderabad,Chennai,Semi-Urban,2014,Pre-Merger,2017-04-01,3.51%,1.96%,59.70%,0.48%,34.68%,12.46%,"1,137.07","1,592.25"
868,BR-6083,State Bank of India (Consolidated),Mumbai Metro,Semi-Urban,2019,Post-Merger,01/04/2017,6.93%,2.52%,50.37%,1.03%,45.92%,11.80%,961.77,"1,342.48"
869,BR-1429,State Bank of India (Consolidated),Ahmedabad,Urban,2018,Post-Merger,2017-04-01,5.99%,1.77%,47.46%,0.76%,44.50%,14.62%,"1,018.81","1,185.07"
870,BR-7256,State Bank of India (Parent)   ,Ahmedabad,Urban,2014,Pre-Merger,01/04/2017,7.43%,,,0.56%,37.38%,12.02%,780.87,"1,061.17"
871,BR-8852,State Bank of India (Consolidated),Delhi NCR,Semi-Urban,2021,Post-Merger,2017-04-01,8.54%,3.18%,46.13%,0.88%,42.53%,14.15%,831.33,"1,174.55"
872,BR-4333,State Bank of Bikaner and Jaipur   ,Kolkata,Semi-Urban,2016,Pre-Merger,01/04/2017,5.43%,3.29%,60.31%,-0.37%,38.10%,11.01%,"1,447.11","1,815.29"
873,BR-6834,State Bank of India (Consolidated),Jaipur,Urban,2020,Post-Merger,2017-04-01,5.99%,1.50%,48.29%,0.83%,48.63%,15.40%,647.76,751.54
874,BR-5587,State Bank of Bikaner and Jaipur,Ahmedabad,Metro,2016,Pre-Merger,2017-04-01,8.39%,5.29%,55.89%,0.77%,38.27%,11.69%,207.75,274.03
875,BR-4116,State Bank of India (Consolidated),Hyderabad,Urban,2018,Post-Merger,01/04/2017,7.29%,3.02%,41.36%,0.50%,48.55%,13.21%,"1,084.11","1,437.86"
876,BR-2908,State Bank of Patiala,Chennai,Urban,2016,Pre-Merger,2017-04-01,3.56%,1.94%,58.46%,0.04%,37.84%,10.35%,573.69,679.78
877,BR-6311,State Bank of India (Consolidated),Mumbai Metro,Semi-Urban,2019,Post-Merger,2017-04-01,6.73%,1.77%,44.35%,0.79%,42.05%,14.85%,"1,421.67","1,967.42"
878,BR-2076,State Bank of Travancore,Kolkata,Rural,2016,Pre-Merger,2017-04-01,9.64%,5.87%,47.92%,0.61%,38.71%,10.16%,242.79,340.17
879,BR-7255,State Bank of India (Consolidated),Lucknow,Urban,2018,Post-Merger,2017-04-01,5.48%,1.92%,49.43%,0.36%,45.04%,15.92%,"1,381.96","1,941.99"
880,BR-3059,State Bank of India (Parent)   ,Bhopal,Rural,2016,Pre-Merger,01/04/2017,11.61%,,,0.21%,43.67%,10.50%,"1,214.96","1,445.82"
881,BR-1622,State Bank of India (Consolidated),Hyderabad,Metro,2021,Post-Merger,2017-04-01,8.61%,2.89%,49.01%,0.55%,50.15%,15.08%,675.93,976.32
882,BR-6767,State Bank of Hyderabad,Delhi NCR,Metro,2015,Pre-Merger,01/04/2017,6.88%,3.52%,49.65%,0.23%,37.69%,11.53%,"1,333.83","1,817.21"
883,BR-4841,State Bank of Patiala,Kolkata,Semi-Urban,2016,Pre-Merger,2017-04-01,14.92%,8.22%,58.51%,-0.01%,40.90%,12.06%,321.11,432.14
884,BR-6334,State Bank of India (Consolidated),Thiruvananthapuram,Metro,2020,Post-Merger,01/04/2017,5.85%,2.32%,45.77%,0.19%,49.69%,13.78%,155.76,218.73
885,BR-9445,State Bank of Bikaner and Jaipur,Hyderabad,Urban,2014,Pre-Merger,2017-04-01,6.78%,3.90%,53.37%,-0.67%,38.06%,11.99%,"1,156.16","1,513.50"
886,BR-9499,State Bank of India (Consolidated),Delhi NCR,Rural,2019,Post-Merger,2017-04-01,7.17%,2.98%,44.23%,0.69%,40.65%,13.97%,970.87,"1,401.77"
887,BR-9000,State Bank of India (Consolidated),Ahmedabad,Urban,2019,Post-Merger,2017-04-01,5.55%,1.76%,50.85%,0.66%,43.13%,14.24%,866.96,"1,180.46"
888,BR-2858,State Bank of India (Consolidated),Chennai,Metro,2020,Post-Merger,2017-04-01,6.66%,2.81%,48.80%,0.38%,45.25%,13.70%,"1,480.06","1,746.78"
889,BR-9107,State Bank of Hyderabad,Kolkata,Rural,2015,Pre-Merger,01/04/2017,10.37%,5.78%,49.45%,-0.56%,38.04%,12.42%,452.69,608.19
890,BR-5089,State Bank of India (Parent)   ,Lucknow,Metro,2017,Pre-Merger,01/04/2017,11.30%,,,0.00%,42.65%,10.89%,"1,111.07","1,382.55"
891,BR-5315,State Bank of India (Consolidated),Ahmedabad,Rural,2020,Post-Merger,2017-04-01,9.80%,2.78%,53.06%,0.19%,41.81%,15.81%,765.20,"1,095.84"
892,BR-1111,State Bank of Hyderabad,Kolkata,Urban,2016,Pre-Merger,2017-04-01,8.07%,4.83%,53.91%,0.00%,43.79%,11.82%,"1,040.25","1,302.68"
893,BR-5281,State Bank of India (Consolidated),Ahmedabad,Rural,2019,Post-Merger,2017-04-01,5.87%,2.06%,49.69%,0.71%,47.60%,12.69%,616.98,858.33
894,BR-4065,State Bank of Mysore,Mumbai Metro,Metro,2017,Pre-Merger,01/04/2017,8.61%,5.09%,57.32%,0.89%,35.21%,10.91%,438.47,580.08
895,BR-8699,State Bank of India (Consolidated),Lucknow,Urban,2019,Post-Merger,2017-04-01,7.92%,3.41%,45.97%,1.60%,46.11%,15.10%,252.55,351.81
896,BR-6458,State Bank of Hyderabad,Delhi NCR,Urban,2017,Pre-Merger,2017-04-01,11.47%,7.70%,57.07%,-0.14%,43.28%,13.29%,941.83,"1,242.69"
897,BR-7995,State Bank of India (Consolidated),Mumbai Metro,Metro,2021,Post-Merger,2017-04-01,3.76%,1.19%,42.44%,1.14%,39.47%,14.22%,"1,227.90","1,603.83"
898,BR-1038,State Bank of Patiala,Ahmedabad,Urban,2017,Pre-Merger,01/04/2017,9.53%,5.03%,57.46%,0.49%,44.98%,12.83%,234.74,287.61
899,BR-7212,State Bank of Bikaner and Jaipur,Chennai,Urban,2016,Pre-Merger,2017-04-01,7.36%,4.82%,49.17%,1.20%,49.59%,12.12%,760.95,"1,060.39"
900,BR-6360,State Bank of India (Consolidated),Kolkata,Metro,2019,Post-Merger,2017-04-01,6.25%,1.83%,42.82%,1.33%,43.82%,15.54%,"1,199.93","1,506.43"
901,BR-6268,State Bank of Travancore,Ahmedabad,Semi-Urban,2016,Pre-Merger,2017-04-01,7.45%,5.03%,51.56%,0.25%,40.74%,10.32%,172.57,201.04
902,BR-5383,State Bank of India (Parent),Thiruvananthapuram,Urban,2014,Pre-Merger,2017-04-01,11.05%,6.36%,57.28%,0.56%,36.97%,10.52%,951.47,"1,272.20"
903,BR-5127,State Bank of India (Consolidated),Thiruvananthapuram,Urban,2021,Post-Merger,2017-04-01,5.41%,2.14%,52.04%,0.61%,44.51%,12.75%,103.48,144.30
904,BR-2196,State Bank of India (Consolidated),Lucknow,Semi-Urban,2020,Post-Merger,01/04/2017,2.66%,1.17%,45.65%,1.31%,50.18%,13.87%,620.59,813.93
905,BR-7056,State Bank of India (Consolidated),Kolkata,Urban,2019,Post-Merger,2017-04-01,4.73%,1.72%,51.77%,0.96%,48.65%,13.61%,"1,365.80","1,585.79"
906,BR-8504,State Bank of Hyderabad,Thiruvananthapuram,Semi-Urban,2016,Pre-Merger,01/04/2017,8.05%,4.34%,52.29%,-0.03%,33.93%,12.22%,"1,425.60","1,837.83"
907,BR-5488,State Bank of India (Consolidated),Ahmedabad,Metro,2020,Post-Merger,2017-04-01,9.08%,2.58%,45.76%,1.03%,44.05%,12.27%,"1,477.94","1,946.58"
908,BR-3657,State Bank of India (Consolidated),Mumbai Metro,Semi-Urban,2018,Post-Merger,01/04/2017,10.60%,4.66%,51.22%,0.88%,46.74%,13.25%,660.56,800.50
909,BR-2473,State Bank of Bikaner and Jaipur,Hyderabad,Semi-Urban,2015,Pre-Merger,2017-04-01,7.85%,4.99%,56.69%,0.65%,39.11%,10.40%,264.56,343.66
910,BR-6905,State Bank of India (Consolidated),Chennai,Rural,2018,Post-Merger,2017-04-01,6.72%,2.76%,49.51%,0.65%,50.90%,13.81%,920.15,"1,143.89"
911,BR-4920,State Bank of India (Consolidated),Kolkata,Rural,2018,Post-Merger,01/04/2017,5.02%,1.79%,46.03%,0.93%,47.78%,13.53%,801.21,"1,116.14"
912,BR-7506,State Bank of India (Consolidated),Bhopal,Metro,2018,Post-Merger,2017-04-01,3.35%,1.42%,44.25%,1.50%,49.92%,15.29%,"1,348.10","1,936.89"
913,BR-7441,State Bank of India (Consolidated),Lucknow,Semi-Urban,2019,Post-Merger,01/04/2017,5.39%,1.39%,48.43%,0.65%,41.69%,13.26%,"1,464.92","1,994.23"
914,BR-4179,State Bank of Mysore,Mumbai Metro,Rural,2014,Pre-Merger,2017-04-01,6.56%,4.06%,52.64%,-0.52%,42.80%,13.21%,"1,120.53","1,486.06"
915,BR-6642,State Bank of Mysore,Kolkata,Rural,2015,Pre-Merger,2017-04-01,6.53%,4.05%,50.16%,0.46%,44.64%,10.84%,"1,095.95","1,491.25"
916,BR-1254,State Bank of India (Parent),Kolkata,Semi-Urban,2017,Pre-Merger,01/04/2017,10.12%,5.50%,66.75%,0.71%,43.86%,11.35%,519.57,741.24
917,BR-9303,State Bank of India (Consolidated),Delhi NCR,Rural,2020,Post-Merger,2017-04-01,6.88%,1.90%,45.20%,0.50%,42.70%,13.82%,"1,197.48","1,543.00"
918,BR-6798,State Bank of India (Consolidated),Jaipur,Semi-Urban,2019,Post-Merger,2017-04-01,6.46%,1.74%,52.51%,0.94%,45.61%,13.91%,"1,339.16","1,809.47"
919,BR-6134,Bharatiya Mahila Bank,Chandigarh,Rural,2016,Pre-Merger,2017-04-01,11.47%,7.70%,44.58%,0.41%,41.57%,13.73%,"1,205.94","1,485.60"
920,BR-1449,State Bank of India (Consolidated),Thiruvananthapuram,Rural,2019,Post-Merger,2017-04-01,2.09%,0.72%,47.88%,0.79%,50.16%,14.67%,"1,111.78","1,512.52"
921,BR-5016,State Bank of India (Consolidated),Bhopal,Rural,2018,Post-Merger,2017-04-01,4.92%,1.47%,47.07%,0.54%,44.02%,14.54%,88.64,114.47
922,BR-1160,State Bank of Travancore,Hyderabad,Urban,2014,Pre-Merger,01/04/2017,7.59%,4.40%,59.73%,1.20%,38.02%,10.00%,171.34,237.94
923,BR-1130,State Bank of Travancore,Lucknow,Rural,2017,Pre-Merger,2017-04-01,7.49%,3.83%,56.15%,1.20%,38.24%,13.05%,758.59,970.21
924,BR-7218,State Bank of Travancore,Chennai,Metro,2017,Pre-Merger,01/04/2017,12.07%,7.37%,54.90%,-0.01%,44.25%,11.22%,"1,054.47","1,313.27"
925,BR-1937,State Bank of India (Consolidated),Thiruvananthapuram,Semi-Urban,2020,Post-Merger,2017-04-01,2.88%,1.12%,46.41%,0.51%,45.92%,13.66%,343.56,476.75
926,BR-4865,State Bank of India (Consolidated),Lucknow,Metro,2019,Post-Merger,01/04/2017,3.79%,1.16%,44.93%,0.51%,43.07%,15.71%,326.21,384.77
927,BR-7613,State Bank of Mysore,Mumbai Metro,Metro,2015,Pre-Merger,01/04/2017,10.52%,5.89%,55.52%,0.50%,38.94%,11.73%,304.11,362.25
928,BR-7335,State Bank of India (Consolidated),Bhopal,Urban,2018,Post-Merger,01/04/2017,5.65%,1.92%,50.48%,0.49%,44.51%,13.34%,629.76,841.85
929,BR-9389,State Bank of Travancore,Hyderabad,Urban,2014,Pre-Merger,2017-04-01,4.17%,2.19%,53.37%,0.36%,40.41%,11.94%,916.77,"1,130.11"
930,BR-3954,State Bank of India (Consolidated)   ,Chennai,Metro,2018,Post-Merger,01/04/2017,4.24%,,,1.34%,45.61%,14.46%,180.35,236.67
931,BR-5996,State Bank of Patiala,Bhopal,Metro,2014,Pre-Merger,2017-04-01,12.30%,7.10%,54.74%,0.26%,45.28%,13.03%,"1,283.61","1,557.28"
932,BR-5268,State Bank of Travancore,Delhi NCR,Semi-Urban,2015,Pre-Merger,2017-04-01,8.73%,4.88%,59.09%,1.07%,38.55%,13.22%,804.40,"1,086.18"
933,BR-1458,State Bank of India (Consolidated),Ahmedabad,Metro,2019,Post-Merger,01/04/2017,5.95%,1.89%,39.74%,0.88%,51.07%,14.24%,418.33,587.89
934,BR-8711,State Bank of India (Consolidated),Thiruvananthapuram,Semi-Urban,2018,Post-Merger,2017-04-01,7.88%,2.69%,52.81%,1.03%,44.19%,13.79%,990.10,"1,294.02"
935,BR-7966,State Bank of India (Consolidated),Delhi NCR,Semi-Urban,2019,Post-Merger,2017-04-01,5.39%,1.48%,52.23%,0.99%,45.80%,14.54%,998.46,"1,426.97"
936,BR-1209,State Bank of India (Consolidated),Lucknow,Semi-Urban,2021,Post-Merger,2017-04-01,8.49%,3.59%,45.66%,0.10%,41.62%,13.78%,"1,440.10","1,830.79"
937,BR-2853,State Bank of Bikaner and Jaipur,Hyderabad,Semi-Urban,2015,Pre-Merger,2017-04-01,9.41%,5.70%,54.70%,-0.85%,43.81%,12.82%,156.48,183.22
938,BR-3021,State Bank of India (Consolidated)   ,Thiruvananthapuram,Semi-Urban,2019,Post-Merger,01/04/2017,4.86%,1.97%,51.62%,0.48%,44.16%,15.18%,562.65,798.95
939,BR-5625,State Bank of India (Parent),Chennai,Urban,2017,Pre-Merger,2017-04-01,9.25%,5.77%,50.16%,0.81%,39.14%,12.72%,"1,434.90","1,983.01"
940,BR-3737,State Bank of India (Consolidated),Delhi NCR,Rural,2018,Post-Merger,2017-04-01,5.78%,1.84%,45.46%,1.32%,48.61%,13.44%,299.06,373.90
941,BR-5925,Bharatiya Mahila Bank,Bengaluru,Metro,2016,Pre-Merger,01/04/2017,8.42%,5.14%,63.54%,-0.21%,37.21%,13.54%,943.32,"1,113.85"
942,BR-8017,State Bank of Bikaner and Jaipur,Ahmedabad,Metro,2015,Pre-Merger,2017-04-01,7.53%,4.82%,53.46%,-0.51%,43.90%,13.14%,"1,060.09","1,353.74"
943,BR-9949,State Bank of India (Parent),Chennai,Semi-Urban,2016,Pre-Merger,2017-04-01,10.52%,6.74%,45.38%,0.52%,45.66%,12.85%,430.06,598.18
944,BR-7276,State Bank of Hyderabad,Ahmedabad,Rural,2017,Pre-Merger,2017-04-01,9.39%,5.31%,58.44%,0.16%,46.01%,13.45%,133.96,178.39
945,BR-9276,State Bank of India (Consolidated),Chennai,Urban,2019,Post-Merger,2017-04-01,10.57%,3.57%,48.87%,1.16%,47.17%,13.38%,155.73,224.19
946,BR-8103,State Bank of India (Consolidated),Jaipur,Rural,2018,Post-Merger,2017-04-01,4.45%,1.26%,51.06%,0.37%,49.09%,13.32%,265.24,365.71
947,BR-4646,State Bank of India (Consolidated),Thiruvananthapuram,Metro,2021,Post-Merger,2017-04-01,7.30%,2.21%,50.73%,0.92%,53.66%,14.07%,261.39,300.99
948,BR-9632,State Bank of India (Consolidated),Chandigarh,Semi-Urban,2019,Post-Merger,2017-04-01,8.06%,2.14%,52.89%,0.75%,38.16%,13.88%,196.94,258.99
949,BR-9306,State Bank of India (Parent),Bengaluru,Rural,2017,Pre-Merger,01/04/2017,14.94%,8.89%,60.88%,-0.15%,42.57%,12.23%,196.86,262.81
950,BR-1064,State Bank of Patiala,Lucknow,Semi-Urban,2014,Pre-Merger,01/04/2017,13.15%,7.84%,56.39%,1.13%,43.43%,10.17%,837.58,"1,170.13"
951,BR-2486,State Bank of Bikaner and Jaipur,Chennai,Metro,2015,Pre-Merger,2017-04-01,8.63%,4.42%,61.89%,0.63%,38.88%,13.19%,318.02,445.65
952,BR-4597,State Bank of Patiala,Lucknow,Semi-Urban,2014,Pre-Merger,2017-04-01,15.91%,9.73%,55.22%,0.64%,43.82%,11.24%,996.91,"1,441.26"
953,BR-6321,State Bank of India (Consolidated),Mumbai Metro,Urban,2019,Post-Merger,01/04/2017,5.01%,1.26%,46.32%,0.12%,40.17%,14.08%,444.11,629.47
954,BR-4954,State Bank of Travancore,Chandigarh,Urban,2016,Pre-Merger,2017-04-01,10.74%,5.77%,49.44%,-0.31%,39.91%,10.19%,"1,484.63","2,103.18"
955,BR-6892,State Bank of India (Consolidated),Hyderabad,Metro,2018,Post-Merger,2017-04-01,4.62%,1.17%,38.78%,0.46%,37.44%,13.93%,901.20,"1,225.80"
956,BR-3144,State Bank of India (Parent),Chandigarh,Urban,2017,Pre-Merger,2017-04-01,8.92%,4.61%,56.96%,-0.21%,39.70%,13.50%,"1,063.75","1,287.14"
957,BR-2234,State Bank of Mysore,Chennai,Urban,2014,Pre-Merger,2017-04-01,14.14%,7.47%,53.85%,0.68%,36.63%,11.72%,544.61,714.06
958,BR-4359,State Bank of India (Parent),Jaipur,Rural,2015,Pre-Merger,2017-04-01,11.80%,6.88%,51.43%,1.04%,39.06%,12.36%,944.34,"1,129.24"
959,BR-5840,State Bank of India (Consolidated),Lucknow,Semi-Urban,2018,Post-Merger,2017-04-01,3.60%,1.57%,48.13%,1.11%,50.68%,13.82%,863.12,"1,109.56"
960,BR-1539,State Bank of Travancore,Jaipur,Metro,2017,Pre-Merger,2017-04-01,8.52%,4.66%,56.30%,0.45%,44.35%,12.61%,"1,255.02","1,578.86"
961,BR-3829,State Bank of Hyderabad,Chennai,Semi-Urban,2015,Pre-Merger,2017-04-01,16.79%,9.32%,56.85%,-0.46%,41.71%,12.55%,"1,053.37","1,249.42"
962,BR-2149,State Bank of India (Consolidated),Jaipur,Urban,2020,Post-Merger,2017-04-01,3.45%,1.14%,48.92%,1.04%,47.11%,16.36%,"1,075.38","1,538.55"
963,BR-9506,State Bank of India (Consolidated),Lucknow,Urban,2019,Post-Merger,2017-04-01,5.60%,2.07%,51.98%,1.07%,40.91%,14.29%,437.98,629.14
964,BR-9433,State Bank of India (Consolidated),Mumbai Metro,Rural,2019,Post-Merger,2017-04-01,7.76%,2.32%,48.66%,1.17%,45.03%,14.35%,252.02,290.28
965,BR-3487,State Bank of Bikaner and Jaipur,Bhopal,Semi-Urban,2015,Pre-Merger,01/04/2017,9.29%,5.59%,61.04%,0.52%,46.65%,11.44%,"1,116.48","1,575.73"
966,BR-6559,State Bank of India (Consolidated),Chandigarh,Metro,2020,Post-Merger,01/04/2017,5.45%,2.21%,43.33%,0.49%,43.91%,13.68%,862.89,"1,149.04"
967,BR-7940,State Bank of India (Consolidated),Delhi NCR,Metro,2020,Post-Merger,2017-04-01,8.22%,2.63%,42.86%,0.59%,41.12%,13.58%,"1,258.80","1,769.79"
968,BR-3959,State Bank of India (Parent),Delhi NCR,Urban,2016,Pre-Merger,2017-04-01,9.04%,5.16%,57.16%,0.69%,38.53%,10.99%,270.62,317.23
969,BR-1152,State Bank of India (Consolidated),Bhopal,Rural,2018,Post-Merger,2017-04-01,5.99%,2.36%,52.25%,0.39%,41.67%,15.58%,"1,410.55","1,717.28"
970,BR-3482,State Bank of India (Parent),Ahmedabad,Semi-Urban,2015,Pre-Merger,01/04/2017,13.02%,8.83%,54.76%,-0.39%,39.72%,13.73%,744.68,"1,076.74"
971,BR-5021,State Bank of India (Consolidated),Thiruvananthapuram,Semi-Urban,2018,Post-Merger,2017-04-01,6.72%,2.22%,50.98%,0.80%,44.65%,12.66%,352.48,474.43
972,BR-2693,State Bank of India (Consolidated),Kolkata,Urban,2018,Post-Merger,2017-04-01,6.75%,2.22%,47.83%,0.30%,46.62%,15.00%,955.77,"1,278.60"
973,BR-7436,State Bank of India (Consolidated),Kolkata,Semi-Urban,2018,Post-Merger,2017-04-01,8.96%,3.39%,50.80%,0.77%,49.49%,13.61%,"1,020.65","1,361.48"
974,BR-4048,State Bank of India (Consolidated),Chennai,Rural,2018,Post-Merger,2017-04-01,4.54%,1.94%,52.53%,0.93%,48.32%,12.74%,"1,361.12","1,722.80"
975,BR-8108,State Bank of Hyderabad,Hyderabad,Metro,2014,Pre-Merger,2017-04-01,9.61%,5.02%,54.71%,-0.68%,45.19%,12.25%,630.74,744.48
976,BR-5862,State Bank of Patiala,Bengaluru,Semi-Urban,2017,Pre-Merger,2017-04-01,8.13%,5.39%,55.39%,-0.03%,42.43%,14.34%,"1,027.12","1,253.20"
977,BR-7590,State Bank of Hyderabad,Chennai,Rural,2015,Pre-Merger,01/04/2017,4.08%,2.39%,54.33%,0.75%,43.43%,11.70%,897.56,"1,135.87"
978,BR-4680,State Bank of Travancore,Ahmedabad,Rural,2017,Pre-Merger,2017-04-01,16.61%,10.97%,50.50%,-0.23%,42.02%,12.97%,196.02,233.38
979,BR-6563,State Bank of Mysore,Chennai,Urban,2017,Pre-Merger,01/04/2017,15.18%,8.74%,56.71%,1.20%,38.91%,11.96%,537.29,708.60
980,BR-4819,State Bank of India (Consolidated),Jaipur,Metro,2018,Post-Merger,2017-04-01,5.09%,1.49%,50.41%,0.99%,50.80%,13.45%,653.72,884.81
981,BR-7669,State Bank of India (Parent),Chennai,Urban,2014,Pre-Merger,2017-04-01,7.98%,4.34%,55.64%,0.50%,45.37%,12.40%,"1,392.39","1,812.30"
982,BR-5077,State Bank of India (Consolidated),Mumbai Metro,Metro,2020,Post-Merger,2017-04-01,6.26%,2.40%,44.56%,1.48%,49.00%,13.55%,"1,156.99","1,442.05"
983,BR-2697,State Bank of India (Consolidated),Kolkata,Urban,2021,Post-Merger,2017-04-01,1.98%,0.84%,51.03%,1.22%,48.69%,13.52%,261.84,335.71
984,BR-4861,State Bank of India (Consolidated),Chandigarh,Semi-Urban,2021,Post-Merger,2017-04-01,4.79%,1.79%,44.22%,1.02%,42.20%,15.00%,"1,481.99","1,953.21"
985,BR-8101,State Bank of India (Consolidated),Kolkata,Urban,2018,Post-Merger,2017-04-01,5.83%,1.76%,42.91%,1.07%,48.81%,14.71%,728.91,910.03
986,BR-1414,State Bank of India (Consolidated),Chandigarh,Semi-Urban,2018,Post-Merger,01/04/2017,4.87%,1.34%,50.50%,1.13%,45.82%,13.29%,200.24,284.57
987,BR-9898,State Bank of Patiala,Jaipur,Rural,2015,Pre-Merger,2017-04-01,4.13%,2.23%,57.37%,1.01%,35.11%,11.61%,744.65,908.41
988,BR-3282,State Bank of Mysore,Kolkata,Metro,2016,Pre-Merger,2017-04-01,7.46%,4.51%,48.36%,0.32%,39.89%,12.68%,209.66,288.28
989,BR-9814,State Bank of India (Parent),Hyderabad,Semi-Urban,2014,Pre-Merger,2017-04-01,10.31%,6.71%,52.47%,0.90%,39.76%,11.48%,294.05,392.90
990,BR-9315,State Bank of Hyderabad,Kolkata,Urban,2017,Pre-Merger,2017-04-01,6.35%,3.89%,53.73%,0.57%,46.44%,11.23%,948.05,"1,141.03"
991,BR-9689,State Bank of India (Parent),Bengaluru,Semi-Urban,2015,Pre-Merger,01/04/2017,9.95%,5.84%,54.85%,0.75%,42.22%,11.76%,850.64,"1,182.14"
992,BR-1594,State Bank of India (Parent),Bhopal,Urban,2015,Pre-Merger,2017-04-01,7.93%,4.38%,56.70%,0.02%,40.59%,12.79%,"1,432.44","2,001.32"
993,BR-9066,State Bank of Hyderabad,Jaipur,Semi-Urban,2015,Pre-Merger,2017-04-01,10.27%,5.24%,53.00%,0.62%,42.74%,11.37%,763.46,"1,014.64"
994,BR-2566,State Bank of India (Parent),Ahmedabad,Metro,2017,Pre-Merger,2017-04-01,6.21%,3.11%,55.06%,0.25%,40.67%,12.77%,808.01,964.81
995,BR-1109,State Bank of Patiala,Bhopal,Metro,2017,Pre-Merger,2017-04-01,11.02%,6.70%,52.44%,0.47%,38.26%,13.89%,382.76,519.19
996,BR-6691,State Bank of India (Consolidated),Hyderabad,Urban,2019,Post-Merger,2017-04-01,1.97%,0.83%,41.81%,1.57%,44.92%,12.70%,475.46,681.31
997,BR-2803,State Bank of India (Consolidated),Mumbai Metro,Metro,2021,Post-Merger,2017-04-01,8.59%,3.30%,47.06%,0.66%,42.51%,15.03%,493.87,585.33
998,BR-8740,State Bank of India (Consolidated),Ahmedabad,Urban,2021,Post-Merger,01/04/2017,2.28%,1.01%,45.40%,0.91%,44.44%,15.38%,"1,116.47","1,461.88"
999,BR-2120,State Bank of India (Parent),Lucknow,Rural,2014,Pre-Merger,2017-04-01,9.55%,5.85%,56.97%,0.68%,48.94%,12.92%,"1,221.33","1,607.14"
1000,BR-9464,State Bank of India (Parent),Lucknow,Urban,2015,Pre-Merger,01/04/2017,7.39%,3.80%,51.82%,0.60%,41.56%,11.20%,664.31,906.47
1001,BR-7387,State Bank of Travancore,Jaipur,Rural,2015,Pre-Merger,2017-04-01,4.57%,2.56%,49.87%,0.57%,39.75%,12.80%,"1,202.97","1,593.45"
1002,BR-8000,State Bank of India (Consolidated),Kolkata,Semi-Urban,2021,Post-Merger,01/04/2017,5.34%,2.37%,47.20%,1.20%,50.81%,12.29%,159.47,207.62
1003,BR-7196,State Bank of India (Parent),Bhopal,Semi-Urban,2015,Pre-Merger,2017-04-01,5.17%,2.60%,61.90%,0.13%,37.84%,13.30%,"1,203.38","1,583.65"
1004,BR-8735,State Bank of Hyderabad   ,Lucknow,Urban,2016,Pre-Merger,01/04/2017,10.34%,5.29%,58.68%,0.39%,44.75%,12.91%,"1,047.98","1,270.13"
1005,BR-7452,State Bank of India (Parent),Jaipur,Metro,2015,Pre-Merger,2017-04-01,13.52%,8.26%,53.67%,-0.04%,34.27%,11.87%,"1,497.44","1,723.63"
1006,BR-6412,State Bank of Mysore,Chennai,Metro,2015,Pre-Merger,2017-04-01,12.22%,6.41%,61.15%,1.20%,46.58%,13.13%,308.41,413.21
1007,BR-1797,State Bank of India (Consolidated)   ,Bhopal,Rural,2020,Post-Merger,01/04/2017,5.99%,,,0.70%,47.66%,14.08%,115.01,163.61
1008,BR-2037,State Bank of Travancore,Jaipur,Metro,2016,Pre-Merger,2017-04-01,9.17%,6.13%,54.45%,0.52%,48.74%,13.52%,"1,201.33","1,674.17"
1009,BR-8097,State Bank of India (Consolidated),Hyderabad,Semi-Urban,2019,Post-Merger,2017-04-01,5.20%,1.89%,45.72%,1.25%,48.18%,15.30%,846.89,"1,079.18"
1010,BR-4729,State Bank of Hyderabad,Hyderabad,Urban,2016,Pre-Merger,2017-04-01,11.08%,6.80%,52.69%,-0.57%,43.06%,11.84%,239.83,324.71
1011,BR-8077,State Bank of India (Consolidated),Hyderabad,Rural,2020,Post-Merger,2017-04-01,6.71%,2.27%,54.75%,1.16%,47.06%,16.39%,"1,434.07","2,010.40"
1012,BR-2152,State Bank of India (Consolidated),Lucknow,Urban,2020,Post-Merger,01/04/2017,4.04%,1.69%,48.81%,0.45%,38.94%,14.96%,279.26,352.25
1013,BR-2658,State Bank of Hyderabad,Jaipur,Rural,2017,Pre-Merger,2017-04-01,6.00%,3.17%,53.19%,0.80%,38.10%,11.96%,799.50,983.88
1014,BR-7587,State Bank of Travancore,Bhopal,Urban,2015,Pre-Merger,2017-04-01,7.39%,4.53%,56.82%,0.99%,37.90%,11.61%,767.27,"1,043.92"
1015,BR-6681,State Bank of India (Consolidated),Bengaluru,Urban,2018,Post-Merger,2017-04-01,6.93%,2.11%,52.70%,0.88%,46.66%,14.54%,384.65,555.13
1016,BR-8537,State Bank of Patiala,Chennai,Urban,2015,Pre-Merger,2017-04-01,8.11%,5.17%,59.20%,-0.85%,38.34%,11.92%,760.57,"1,040.93"
1017,BR-9086,State Bank of Travancore,Hyderabad,Semi-Urban,2016,Pre-Merger,2017-04-01,11.23%,7.46%,50.81%,-1.01%,41.10%,12.40%,639.83,913.33
1018,BR-2241,State Bank of India (Consolidated)   ,Delhi NCR,Rural,2021,Post-Merger,01/04/2017,5.60%,2.09%,53.92%,0.43%,42.71%,12.33%,210.13,248.73
1019,BR-1888,State Bank of India (Consolidated),Thiruvananthapuram,Urban,2021,Post-Merger,01/04/2017,7.73%,2.34%,50.21%,0.34%,42.99%,14.24%,922.21,"1,210.90"
1020,BR-8615,State Bank of India (Consolidated),Jaipur,Urban,2018,Post-Merger,2017-04-01,3.75%,1.34%,52.60%,1.49%,48.96%,14.67%,"1,110.71","1,540.65"
1021,BR-9909,State Bank of India (Consolidated),Bhopal,Urban,2019,Post-Merger,2017-04-01,7.66%,3.24%,40.02%,0.71%,47.40%,13.95%,639.97,925.36
1022,BR-8973,State Bank of India (Consolidated),Ahmedabad,Urban,2021,Post-Merger,2017-04-01,4.56%,1.50%,48.98%,0.55%,49.14%,11.91%,221.36,274.91
1023,BR-6171,State Bank of India (Consolidated),Delhi NCR,Semi-Urban,2019,Post-Merger,01/04/2017,5.50%,2.32%,47.97%,0.45%,47.27%,14.05%,525.13,708.68
1024,BR-6129,State Bank of Travancore   ,Hyderabad,Urban,2015,Pre-Merger,01/04/2017,8.19%,4.11%,47.79%,-0.10%,34.76%,12.68%,521.91,733.29
1025,BR-3589,State Bank of India (Parent),Delhi NCR,Semi-Urban,2014,Pre-Merger,2017-04-01,15.99%,8.78%,50.52%,1.20%,38.14%,12.25%,94.16,117.84
1026,BR-2146,State Bank of India (Consolidated),Delhi NCR,Metro,2020,Post-Merger,01/04/2017,7.27%,2.31%,48.32%,0.36%,51.66%,13.95%,706.73,884.54
1027,BR-4598,State Bank of India (Parent),Lucknow,Semi-Urban,2017,Pre-Merger,2017-04-01,9.53%,5.10%,52.43%,0.00%,37.53%,13.09%,345.22,453.25
1028,BR-4528,State Bank of India (Consolidated),Bhopal,Urban,2020,Post-Merger,01/04/2017,3.80%,1.41%,43.42%,1.18%,52.15%,14.57%,678.30,953.83
1029,BR-3680,State Bank of Bikaner and Jaipur,Ahmedabad,Metro,2015,Pre-Merger,2017-04-01,11.74%,7.39%,57.12%,0.38%,39.49%,11.80%,"1,421.81","1,986.47"
1030,BR-4897,State Bank of India (Parent),Kolkata,Semi-Urban,2014,Pre-Merger,01/04/2017,14.95%,10.09%,50.63%,1.13%,41.15%,11.21%,383.10,502.22
1031,BR-5829,State Bank of Bikaner and Jaipur,Chandigarh,Urban,2015,Pre-Merger,2017-04-01,13.44%,7.00%,58.20%,0.18%,40.21%,11.06%,700.96,960.06
1032,BR-2112,State Bank of Bikaner and Jaipur,Ahmedabad,Semi-Urban,2015,Pre-Merger,2017-04-01,9.21%,5.70%,54.46%,-0.04%,36.90%,10.88%,"1,444.50","1,740.35"
1033,BR-6520,State Bank of Bikaner and Jaipur,Bengaluru,Urban,2014,Pre-Merger,01/04/2017,11.82%,6.57%,56.45%,-0.62%,36.15%,13.41%,882.93,"1,130.93"
1034,BR-6168,State Bank of India (Consolidated),Delhi NCR,Urban,2021,Post-Merger,2017-04-01,3.67%,1.19%,44.85%,1.46%,41.61%,14.97%,"1,203.26","1,597.22"
1035,BR-9036,State Bank of India (Consolidated),Chennai,Semi-Urban,2018,Post-Merger,01/04/2017,3.43%,1.08%,41.64%,0.40%,46.88%,14.53%,756.61,"1,063.66"
1036,BR-5456,State Bank of Patiala,Bhopal,Urban,2015,Pre-Merger,2017-04-01,11.06%,5.99%,52.24%,0.64%,42.50%,9.93%,"1,014.83","1,191.25"
1037,BR-1140,State Bank of Travancore,Mumbai Metro,Urban,2017,Pre-Merger,2017-04-01,13.03%,8.23%,60.35%,-0.38%,34.13%,12.97%,"1,108.08","1,457.45"
1038,BR-8592,State Bank of Bikaner and Jaipur,Kolkata,Metro,2015,Pre-Merger,2017-04-01,10.08%,5.54%,61.60%,0.91%,50.29%,10.61%,"1,065.57","1,470.82"
1039,BR-1891,State Bank of India (Consolidated),Hyderabad,Rural,2018,Post-Merger,2017-04-01,8.20%,3.20%,49.40%,0.81%,51.72%,13.84%,523.37,646.63
1040,BR-1835,State Bank of Travancore,Jaipur,Urban,2016,Pre-Merger,2017-04-01,15.83%,10.18%,59.85%,-0.05%,37.58%,10.90%,233.23,333.64
1041,BR-7496,State Bank of India (Consolidated),Jaipur,Semi-Urban,2018,Post-Merger,2017-04-01,8.06%,3.39%,44.65%,0.10%,41.79%,14.50%,"1,152.00","1,403.29"
1042,BR-8825,State Bank of India (Consolidated),Bhopal,Metro,2019,Post-Merger,01/04/2017,6.28%,2.14%,49.33%,1.18%,53.88%,13.95%,173.14,235.73
1043,BR-5999,State Bank of India (Parent),Bhopal,Semi-Urban,2016,Pre-Merger,01/04/2017,10.13%,5.65%,53.64%,-0.34%,38.60%,11.50%,506.52,662.60
1044,BR-6272,State Bank of India (Consolidated),Bengaluru,Semi-Urban,2020,Post-Merger,2017-04-01,5.75%,1.88%,41.94%,0.79%,46.18%,15.32%,352.79,489.68
1045,BR-7733,State Bank of Patiala   ,Chandigarh,Metro,2016,Pre-Merger,01/04/2017,9.85%,6.14%,55.60%,0.13%,34.89%,11.96%,457.06,586.70
1046,BR-8371,State Bank of India (Consolidated),Delhi NCR,Semi-Urban,2019,Post-Merger,2017-04-01,6.35%,1.71%,52.65%,0.47%,47.85%,12.69%,313.19,365.43
1047,BR-3113,State Bank of Travancore,Jaipur,Rural,2015,Pre-Merger,2017-04-01,6.21%,3.33%,59.76%,0.15%,42.55%,11.72%,802.55,952.83
1048,BR-6147,State Bank of India (Consolidated),Bengaluru,Metro,2021,Post-Merger,01/04/2017,4.95%,1.28%,47.83%,0.93%,43.06%,14.54%,"1,321.50","1,543.37"
1049,BR-1739,State Bank of India (Parent),Delhi NCR,Rural,2014,Pre-Merger,2017-04-01,8.61%,4.69%,46.08%,1.08%,38.98%,11.64%,746.00,"1,053.46"
1050,BR-2720,State Bank of India (Consolidated),Kolkata,Rural,2019,Post-Merger,2017-04-01,7.56%,3.23%,44.62%,0.92%,42.72%,13.73%,"1,079.90","1,477.85"
1051,BR-6435,State Bank of India (Consolidated),Ahmedabad,Urban,2018,Post-Merger,2017-04-01,5.18%,1.71%,47.57%,1.33%,47.43%,13.89%,"1,235.96","1,775.05"
1052,BR-1659,State Bank of India (Consolidated),Lucknow,Urban,2019,Post-Merger,2017-04-01,2.12%,0.89%,47.38%,1.04%,50.73%,14.34%,526.86,682.06
1053,BR-6527,State Bank of India (Consolidated)   ,Bhopal,Metro,2018,Post-Merger,01/04/2017,5.32%,2.15%,45.76%,0.63%,40.33%,11.50%,868.11,"1,061.73"
1054,BR-1293,State Bank of India (Parent),Chandigarh,Rural,2014,Pre-Merger,2017-04-01,6.25%,3.66%,52.76%,0.35%,39.58%,11.07%,"1,050.90","1,280.55"
1055,BR-6303,State Bank of India (Consolidated),Lucknow,Rural,2018,Post-Merger,2017-04-01,3.30%,0.90%,44.57%,1.13%,46.33%,14.87%,945.22,"1,100.71"
1056,BR-1862,State Bank of India (Consolidated)   ,Kolkata,Semi-Urban,2021,Post-Merger,01/04/2017,7.94%,,,1.23%,41.88%,15.18%,395.12,534.28
1057,BR-4283,State Bank of India (Parent)   ,Lucknow,Urban,2015,Pre-Merger,01/04/2017,5.44%,3.21%,49.04%,0.37%,41.06%,12.95%,856.37,"1,127.91"
1058,BR-3326,State Bank of Patiala,Hyderabad,Metro,2016,Pre-Merger,01/04/2017,4.67%,2.52%,54.92%,-0.53%,34.39%,12.48%,182.63,250.82
1059,BR-9582,State Bank of India (Parent),Jaipur,Metro,2014,Pre-Merger,2017-04-01,3.24%,2.14%,58.76%,-0.79%,39.07%,12.25%,"1,201.00","1,445.77"
1060,BR-6743,State Bank of India (Consolidated),Hyderabad,Metro,2020,Post-Merger,2017-04-01,8.22%,2.86%,46.61%,1.17%,42.05%,17.17%,784.23,"1,092.24"
1061,BR-6454,State Bank of India (Consolidated),Jaipur,Rural,2020,Post-Merger,2017-04-01,6.08%,2.42%,47.97%,0.10%,45.22%,14.28%,430.62,621.45
1062,BR-4309,State Bank of India (Consolidated),Delhi NCR,Metro,2020,Post-Merger,01/04/2017,4.07%,1.66%,46.49%,0.70%,46.49%,12.38%,"1,197.62","1,490.19"
1063,BR-8856,State Bank of India (Consolidated),Chandigarh,Urban,2021,Post-Merger,2017-04-01,5.35%,1.52%,51.11%,0.10%,46.69%,14.96%,976.43,"1,152.09"
1064,BR-1178,State Bank of India (Consolidated),Ahmedabad,Urban,2019,Post-Merger,2017-04-01,4.17%,1.70%,44.05%,0.99%,44.17%,13.85%,"1,012.69","1,363.22"
1065,BR-6811,State Bank of Mysore   ,Mumbai Metro,Metro,2017,Pre-Merger,01/04/2017,7.03%,3.62%,57.62%,-0.22%,37.65%,11.44%,896.15,"1,118.78"
1066,BR-4577,State Bank of India (Consolidated),Lucknow,Metro,2020,Post-Merger,2017-04-01,4.77%,1.97%,45.89%,0.43%,47.98%,13.59%,773.46,895.71
1067,BR-7668,State Bank of Patiala,Thiruvananthapuram,Urban,2014,Pre-Merger,2017-04-01,12.00%,7.90%,57.24%,0.27%,43.60%,13.74%,"1,069.94","1,549.98"
1068,BR-2169,State Bank of Patiala,Kolkata,Rural,2015,Pre-Merger,2017-04-01,10.86%,6.26%,56.86%,0.70%,42.15%,11.16%,363.23,446.32
1069,BR-2486,State Bank of Patiala,Lucknow,Metro,2017,Pre-Merger,01/04/2017,8.93%,4.90%,50.11%,-0.06%,39.50%,11.18%,916.44,"1,123.81"
1070,BR-9428,State Bank of India (Parent),Ahmedabad,Metro,2015,Pre-Merger,2017-04-01,8.09%,4.30%,61.49%,-0.62%,40.76%,10.42%,185.25,214.97
1071,BR-8710,State Bank of Bikaner and Jaipur,Hyderabad,Semi-Urban,2014,Pre-Merger,01/04/2017,15.89%,9.18%,57.45%,-0.12%,43.86%,12.15%,116.24,159.04
1072,BR-7191,State Bank of India (Parent),Bengaluru,Urban,2016,Pre-Merger,01/04/2017,10.38%,5.45%,55.62%,0.38%,39.88%,11.62%,"1,314.63","1,540.33"
1073,BR-8139,State Bank of Patiala,Kolkata,Semi-Urban,2016,Pre-Merger,2017-04-01,10.75%,6.99%,55.32%,-0.14%,36.26%,11.83%,"1,363.54","1,586.21"
1074,BR-1204,State Bank of Mysore,Bengaluru,Urban,2014,Pre-Merger,01/04/2017,9.80%,5.83%,51.41%,-0.02%,40.01%,12.67%,478.99,610.18
1075,BR-8835,State Bank of India (Consolidated),Delhi NCR,Semi-Urban,2020,Post-Merger,01/04/2017,5.37%,2.33%,45.51%,1.00%,41.91%,14.83%,494.89,707.35
1076,BR-9406,State Bank of India (Parent),Jaipur,Urban,2016,Pre-Merger,01/04/2017,11.32%,7.62%,52.90%,0.02%,42.79%,13.50%,"1,270.17","1,657.22"
1077,BR-8832,State Bank of India (Consolidated),Hyderabad,Urban,2021,Post-Merger,2017-04-01,5.43%,2.13%,47.60%,0.32%,46.76%,16.03%,555.21,701.64
1078,BR-5757,State Bank of India (Parent),Chandigarh,Semi-Urban,2016,Pre-Merger,2017-04-01,10.29%,6.53%,49.04%,1.20%,41.10%,12.11%,378.89,514.89
1079,BR-1882,State Bank of India (Consolidated),Jaipur,Urban,2021,Post-Merger,01/04/2017,8.01%,2.69%,50.07%,0.61%,44.57%,13.30%,"1,383.04","1,622.90"
1080,BR-7515,State Bank of Patiala,Jaipur,Urban,2014,Pre-Merger,2017-04-01,7.43%,4.65%,52.74%,0.47%,41.77%,12.56%,556.40,700.44
1081,BR-8257,State Bank of India (Consolidated),Bengaluru,Metro,2021,Post-Merger,01/04/2017,3.31%,0.97%,55.32%,1.24%,49.31%,13.75%,"1,136.72","1,566.33"
1082,BR-3773,State Bank of India (Consolidated),Mumbai Metro,Metro,2020,Post-Merger,2017-04-01,7.26%,2.30%,43.86%,0.44%,45.10%,14.62%,93.61,115.62
1083,BR-9116,State Bank of India (Parent),Bengaluru,Semi-Urban,2017,Pre-Merger,2017-04-01,8.87%,5.00%,53.79%,0.38%,39.23%,11.45%,"1,372.87","1,785.89"
1084,BR-7240,State Bank of India (Consolidated),Bhopal,Metro,2019,Post-Merger,2017-04-01,4.14%,1.05%,47.65%,0.86%,41.79%,15.61%,227.70,301.05
1085,BR-5633,State Bank of India (Consolidated)   ,Lucknow,Metro,2019,Post-Merger,01/04/2017,7.21%,2.06%,53.88%,1.13%,53.63%,17.50%,312.86,403.29
1086,BR-3500,State Bank of India (Parent),Mumbai Metro,Metro,2014,Pre-Merger,2017-04-01,4.83%,2.58%,50.93%,-0.71%,45.15%,12.49%,306.01,353.30
1087,BR-3076,State Bank of Hyderabad,Hyderabad,Rural,2015,Pre-Merger,2017-04-01,7.91%,4.23%,53.48%,-0.36%,47.25%,13.18%,397.37,557.97
1088,BR-7705,State Bank of India (Consolidated),Chandigarh,Urban,2020,Post-Merger,2017-04-01,9.19%,3.71%,47.26%,0.97%,51.18%,13.90%,"1,330.01","1,914.21"
1089,BR-7592,State Bank of India (Consolidated),Mumbai Metro,Rural,2019,Post-Merger,2017-04-01,2.54%,1.08%,48.03%,0.58%,49.16%,12.90%,974.97,"1,250.51"
1090,BR-5779,State Bank of Mysore,Jaipur,Semi-Urban,2017,Pre-Merger,2017-04-01,4.86%,2.94%,45.99%,0.67%,40.82%,11.02%,825.87,"1,123.67"
1091,BR-8643,State Bank of Mysore,Lucknow,Urban,2015,Pre-Merger,2017-04-01,6.90%,3.83%,59.07%,-0.07%,44.90%,10.47%,"1,240.12","1,467.25"
1092,BR-4491,State Bank of India (Consolidated),Bhopal,Metro,2021,Post-Merger,01/04/2017,6.65%,2.38%,43.55%,0.37%,43.62%,13.88%,"1,480.07","1,716.08"
1093,BR-5898,State Bank of India (Consolidated),Mumbai Metro,Urban,2018,Post-Merger,2017-04-01,3.79%,1.69%,47.38%,0.68%,39.68%,14.06%,"1,153.54","1,506.90"
1094,BR-8001,State Bank of India (Consolidated),Thiruvananthapuram,Metro,2018,Post-Merger,2017-04-01,3.04%,0.95%,45.67%,0.72%,47.79%,16.27%,576.18,784.50
1095,BR-5901,State Bank of India (Consolidated),Bengaluru,Semi-Urban,2019,Post-Merger,01/04/2017,4.68%,2.08%,47.70%,1.06%,45.28%,14.38%,534.58,749.56
1096,BR-4646,State Bank of India (Parent),Hyderabad,Metro,2017,Pre-Merger,2017-04-01,8.71%,5.47%,54.47%,-0.11%,33.24%,11.89%,"1,315.98","1,580.66"
1097,BR-1419,State Bank of India (Consolidated),Bhopal,Rural,2020,Post-Merger,01/04/2017,7.81%,3.41%,49.28%,0.65%,48.18%,13.20%,446.18,525.72
1098,BR-4209,State Bank of India (Consolidated),Lucknow,Metro,2019,Post-Merger,01/04/2017,6.19%,2.48%,44.73%,1.03%,35.00%,13.72%,"1,085.92","1,278.03"
1099,BR-1749,State Bank of India (Consolidated),Chandigarh,Metro,2018,Post-Merger,2017-04-01,3.58%,1.53%,56.69%,1.02%,47.52%,14.71%,730.38,"1,029.40"
1100,BR-6969,State Bank of India (Parent),Jaipur,Semi-Urban,2016,Pre-Merger,2017-04-01,13.36%,8.80%,54.77%,0.93%,41.78%,11.01%,972.66,"1,368.85"
1101,BR-8675,State Bank of Bikaner and Jaipur,Chandigarh,Rural,2016,Pre-Merger,2017-04-01,18.13%,10.82%,64.26%,0.19%,41.04%,12.53%,370.98,526.20
1102,BR-9703,State Bank of India (Parent),Bengaluru,Metro,2017,Pre-Merger,2017-04-01,7.91%,4.68%,56.58%,0.06%,47.13%,11.77%,218.56,253.98
1103,BR-5376,State Bank of India (Parent),Bengaluru,Metro,2017,Pre-Merger,2017-04-01,9.59%,6.22%,59.73%,0.48%,40.61%,13.56%,752.26,"1,052.25"
1104,BR-5102,State Bank of India (Parent),Bhopal,Urban,2016,Pre-Merger,2017-04-01,8.98%,5.22%,54.14%,0.15%,43.56%,12.79%,"1,072.23","1,455.72"
1105,BR-8466,State Bank of India (Consolidated),Bengaluru,Metro,2021,Post-Merger,01/04/2017,4.37%,1.92%,44.33%,1.34%,47.16%,11.55%,"1,468.73","1,999.17"
1106,BR-1686,State Bank of India (Consolidated),Chandigarh,Metro,2020,Post-Merger,01/04/2017,6.96%,2.26%,47.91%,0.25%,49.08%,14.98%,140.97,180.22
1107,BR-8951,State Bank of Bikaner and Jaipur,Jaipur,Metro,2015,Pre-Merger,01/04/2017,6.81%,3.63%,56.32%,-0.04%,38.08%,11.62%,"1,008.38","1,292.15"
1108,BR-6565,State Bank of Travancore,Jaipur,Urban,2017,Pre-Merger,2017-04-01,5.43%,3.41%,54.03%,0.11%,45.19%,11.76%,"1,306.61","1,550.93"
1109,BR-7228,State Bank of India (Parent),Bhopal,Rural,2017,Pre-Merger,01/04/2017,7.28%,4.90%,49.74%,0.48%,41.14%,11.40%,540.90,651.71
1110,BR-9160,State Bank of India (Parent),Bhopal,Metro,2017,Pre-Merger,2017-04-01,2.84%,1.50%,48.72%,0.16%,37.36%,11.83%,728.25,896.85
1111,BR-4264,Bharatiya Mahila Bank,Lucknow,Urban,2016,Pre-Merger,01/04/2017,12.34%,8.04%,52.88%,0.89%,42.62%,12.12%,"1,484.74","2,050.25"
1112,BR-5767,State Bank of India (Consolidated),Kolkata,Rural,2019,Post-Merger,2017-04-01,4.38%,1.92%,45.21%,1.14%,45.91%,13.90%,725.51,941.51
1113,BR-7406,State Bank of India (Consolidated),Ahmedabad,Metro,2018,Post-Merger,2017-04-01,6.41%,2.67%,46.12%,0.96%,49.35%,12.39%,92.15,129.02
1114,BR-4672,State Bank of India (Consolidated),Lucknow,Semi-Urban,2018,Post-Merger,01/04/2017,4.05%,1.44%,46.90%,0.60%,43.82%,14.14%,137.51,183.41
1115,BR-9075,State Bank of Hyderabad   ,Hyderabad,Metro,2014,Pre-Merger,01/04/2017,11.55%,7.08%,48.50%,0.79%,46.69%,12.26%,"1,034.18","1,220.17"
1116,BR-4947,State Bank of India (Parent),Chandigarh,Urban,2017,Pre-Merger,2017-04-01,11.81%,6.93%,54.35%,-0.46%,38.76%,9.98%,573.39,767.51
1117,BR-1687,State Bank of Bikaner and Jaipur   ,Jaipur,Rural,2016,Pre-Merger,01/04/2017,5.67%,3.17%,,-0.32%,40.05%,11.69%,648.21,919.30
1118,BR-4346,State Bank of India (Consolidated)   ,Hyderabad,Metro,2019,Post-Merger,01/04/2017,7.85%,2.19%,55.80%,0.80%,46.31%,13.85%,835.46,"1,063.78"
1119,BR-8533,State Bank of Patiala,Hyderabad,Urban,2015,Pre-Merger,2017-04-01,11.74%,7.10%,53.24%,0.53%,40.10%,11.86%,824.18,"1,174.00"
1120,BR-6972,State Bank of India (Consolidated),Hyderabad,Rural,2021,Post-Merger,2017-04-01,7.82%,2.83%,45.30%,0.73%,46.37%,14.67%,229.52,280.43
1121,BR-3799,State Bank of India (Consolidated),Bengaluru,Urban,2019,Post-Merger,2017-04-01,4.44%,1.79%,52.98%,0.10%,43.02%,16.04%,"1,361.15","1,585.64"
1122,BR-9896,State Bank of India (Consolidated),Jaipur,Rural,2019,Post-Merger,2017-04-01,5.30%,2.34%,50.63%,0.62%,48.99%,13.69%,393.57,470.78
1123,BR-3675,State Bank of India (Consolidated),Ahmedabad,Metro,2018,Post-Merger,2017-04-01,5.39%,1.88%,48.52%,0.39%,39.62%,15.39%,722.04,943.78
1124,BR-3750,State Bank of India (Consolidated),Ahmedabad,Metro,2021,Post-Merger,01/04/2017,5.03%,2.03%,48.49%,0.41%,47.35%,13.65%,544.48,679.90
1125,BR-4326,State Bank of India (Consolidated),Lucknow,Urban,2019,Post-Merger,2017-04-01,6.51%,2.51%,39.32%,0.54%,47.37%,15.11%,"1,455.07","1,959.75"
1126,BR-5139,State Bank of India (Consolidated),Jaipur,Metro,2019,Post-Merger,2017-04-01,6.15%,2.22%,46.29%,0.45%,49.63%,13.93%,"1,157.28","1,539.68"
1127,BR-4943,State Bank of Bikaner and Jaipur,Delhi NCR,Rural,2014,Pre-Merger,2017-04-01,13.55%,7.61%,54.98%,-0.34%,41.28%,12.09%,140.31,180.83
1128,BR-9675,State Bank of India (Parent),Mumbai Metro,Urban,2014,Pre-Merger,2017-04-01,4.95%,2.85%,55.83%,1.02%,45.60%,13.62%,382.69,453.50
1129,BR-2181,State Bank of India (Consolidated),Jaipur,Urban,2021,Post-Merger,01/04/2017,5.00%,1.34%,44.68%,1.10%,42.81%,14.58%,976.11,"1,273.03"
1130,BR-7090,State Bank of Patiala,Delhi NCR,Urban,2015,Pre-Merger,2017-04-01,11.43%,6.17%,53.13%,0.74%,47.89%,13.13%,279.98,359.25
1131,BR-1189,State Bank of India (Parent),Delhi NCR,Urban,2014,Pre-Merger,2017-04-01,7.18%,4.72%,56.01%,-0.03%,43.29%,13.13%,342.04,421.38
1132,BR-7491,State Bank of India (Consolidated),Hyderabad,Metro,2019,Post-Merger,2017-04-01,8.95%,3.58%,50.57%,0.68%,45.57%,14.15%,779.40,"1,046.10"
1133,BR-4062,State Bank of Bikaner and Jaipur,Bhopal,Metro,2017,Pre-Merger,01/04/2017,11.37%,7.08%,58.66%,0.61%,43.03%,12.66%,274.69,360.27
1134,BR-9965,State Bank of India (Parent),Thiruvananthapuram,Semi-Urban,2016,Pre-Merger,2017-04-01,3.36%,1.98%,52.09%,0.63%,38.96%,13.77%,"1,318.98","1,724.45"
1135,BR-2098,State Bank of India (Consolidated),Hyderabad,Urban,2021,Post-Merger,2017-04-01,7.28%,2.27%,47.58%,0.83%,44.34%,13.68%,"1,278.68","1,780.00"
1136,BR-3403,State Bank of India (Consolidated),Chennai,Urban,2020,Post-Merger,01/04/2017,3.81%,1.05%,54.24%,1.34%,40.44%,12.57%,"1,029.40","1,303.72"
1137,BR-9645,State Bank of India (Consolidated),Chandigarh,Rural,2019,Post-Merger,2017-04-01,8.24%,2.94%,49.46%,0.53%,45.14%,14.38%,570.66,719.97
1138,BR-9988,State Bank of Hyderabad,Delhi NCR,Metro,2017,Pre-Merger,2017-04-01,9.64%,5.72%,56.65%,-0.20%,39.53%,12.23%,168.00,237.96
1139,BR-4944,State Bank of India (Consolidated),Chennai,Semi-Urban,2018,Post-Merger,01/04/2017,7.02%,2.10%,48.02%,0.89%,49.46%,13.81%,"1,319.11","1,636.25"
1140,BR-1079,State Bank of Mysore,Delhi NCR,Metro,2015,Pre-Merger,2017-04-01,2.10%,1.06%,58.90%,0.46%,40.80%,11.92%,"1,395.24","1,752.35"
1141,BR-8782,State Bank of India (Consolidated),Mumbai Metro,Urban,2018,Post-Merger,2017-04-01,5.74%,2.03%,51.37%,0.96%,48.01%,15.48%,"1,352.09","1,942.77"
1142,BR-5807,State Bank of India (Parent),Chennai,Semi-Urban,2016,Pre-Merger,2017-04-01,9.59%,6.42%,54.77%,0.95%,33.37%,12.61%,725.40,989.69
1143,BR-2526,State Bank of India (Parent),Mumbai Metro,Urban,2017,Pre-Merger,2017-04-01,9.56%,6.35%,55.93%,-0.04%,38.71%,13.64%,884.81,"1,078.53"
1144,BR-5723,State Bank of India (Consolidated),Bengaluru,Metro,2019,Post-Merger,2017-04-01,6.94%,2.41%,41.07%,0.78%,40.86%,16.63%,714.34,899.23
1145,BR-4419,State Bank of India (Parent),Delhi NCR,Semi-Urban,2014,Pre-Merger,2017-04-01,6.27%,3.58%,50.19%,0.36%,36.58%,13.28%,"1,221.33","1,570.14"
1146,BR-2542,State Bank of India (Consolidated),Mumbai Metro,Semi-Urban,2020,Post-Merger,2017-04-01,8.66%,2.87%,47.63%,1.43%,45.94%,14.37%,881.45,"1,248.13"
1147,BR-7276,State Bank of Mysore   ,Bengaluru,Rural,2015,Pre-Merger,01/04/2017,8.77%,,,-0.06%,41.59%,13.30%,584.05,828.07
1148,BR-9848,State Bank of India (Consolidated),Delhi NCR,Metro,2018,Post-Merger,2017-04-01,7.90%,3.06%,51.53%,0.88%,47.55%,12.09%,254.99,346.04
1149,BR-9655,State Bank of Patiala,Lucknow,Metro,2015,Pre-Merger,2017-04-01,13.29%,6.70%,51.07%,-0.64%,41.70%,12.77%,666.78,769.66
1150,BR-3167,State Bank of India (Parent),Chandigarh,Semi-Urban,2014,Pre-Merger,01/04/2017,8.25%,4.99%,43.51%,-0.26%,40.38%,13.26%,186.99,268.14
1151,BR-8607,State Bank of Bikaner and Jaipur,Delhi NCR,Urban,2017,Pre-Merger,2017-04-01,6.57%,3.98%,47.13%,0.24%,43.96%,11.98%,349.92,470.83
1152,BR-1707,State Bank of India (Consolidated),Mumbai Metro,Semi-Urban,2019,Post-Merger,2017-04-01,4.82%,1.24%,46.80%,0.71%,51.34%,14.47%,939.10,"1,190.44"
1153,BR-6439,State Bank of Mysore,Lucknow,Urban,2017,Pre-Merger,2017-04-01,15.29%,10.14%,54.92%,0.39%,44.27%,10.29%,"1,408.84","1,813.71"
1154,BR-5053,State Bank of India (Consolidated),Bengaluru,Metro,2018,Post-Merger,2017-04-01,6.06%,2.12%,39.88%,1.03%,47.53%,14.66%,600.95,828.26
1155,BR-7255,State Bank of India (Consolidated),Hyderabad,Urban,2020,Post-Merger,2017-04-01,7.02%,3.05%,48.51%,1.59%,46.23%,12.04%,134.57,172.27
1156,BR-9727,State Bank of India (Consolidated),Lucknow,Semi-Urban,2020,Post-Merger,2017-04-01,2.65%,1.13%,48.58%,1.17%,45.75%,11.50%,"1,171.60","1,655.78"
1157,BR-6060,State Bank of India (Consolidated),Ahmedabad,Urban,2019,Post-Merger,2017-04-01,2.35%,0.78%,44.31%,0.27%,45.38%,16.11%,371.43,504.62
1158,BR-9885,State Bank of India (Consolidated),Chandigarh,Rural,2020,Post-Merger,01/04/2017,10.09%,3.55%,51.79%,0.84%,43.69%,12.99%,"1,341.82","1,768.70"
1159,BR-3407,State Bank of India (Parent),Bhopal,Semi-Urban,2017,Pre-Merger,2017-04-01,14.37%,8.87%,51.98%,-0.32%,44.29%,14.05%,878.99,"1,032.81"
1160,BR-3906,State Bank of Mysore,Jaipur,Rural,2016,Pre-Merger,01/04/2017,9.79%,6.58%,56.90%,1.18%,44.33%,12.78%,981.84,"1,395.69"
1161,BR-7097,State Bank of India (Consolidated),Thiruvananthapuram,Semi-Urban,2019,Post-Merger,2017-04-01,2.27%,0.69%,48.88%,0.35%,47.84%,13.89%,"1,041.87","1,425.62"
1162,BR-9455,State Bank of Bikaner and Jaipur,Mumbai Metro,Semi-Urban,2014,Pre-Merger,01/04/2017,12.28%,8.06%,58.92%,-1.10%,46.43%,13.18%,907.29,"1,082.39"
1163,BR-6546,State Bank of India (Consolidated),Jaipur,Semi-Urban,2020,Post-Merger,2017-04-01,9.96%,3.57%,44.32%,1.16%,44.99%,13.75%,903.84,"1,091.75"
1164,BR-8712,State Bank of Bikaner and Jaipur,Ahmedabad,Metro,2015,Pre-Merger,01/04/2017,7.16%,4.05%,54.76%,-1.06%,41.91%,11.62%,579.14,705.06
1165,BR-6207,State Bank of India (Parent),Delhi NCR,Semi-Urban,2015,Pre-Merger,01/04/2017,14.97%,8.75%,49.92%,-0.20%,39.89%,11.77%,"1,226.65","1,460.42"
1166,BR-3065,State Bank of India (Consolidated),Hyderabad,Semi-Urban,2021,Post-Merger,2017-04-01,5.43%,1.75%,48.04%,0.57%,41.55%,14.06%,"1,408.94","2,024.22"
1167,BR-8423,State Bank of India (Consolidated),Delhi NCR,Urban,2019,Post-Merger,2017-04-01,4.59%,1.32%,47.00%,1.16%,46.12%,16.18%,288.84,398.49
1168,BR-4041,State Bank of India (Consolidated),Bhopal,Urban,2019,Post-Merger,2017-04-01,2.69%,1.17%,51.21%,0.70%,44.36%,13.26%,330.39,420.43
1169,BR-2517,State Bank of India (Consolidated),Jaipur,Urban,2019,Post-Merger,2017-04-01,4.74%,1.79%,44.04%,1.18%,45.15%,12.59%,"1,478.51","2,104.42"
1170,BR-8750,State Bank of India (Consolidated),Thiruvananthapuram,Metro,2018,Post-Merger,2017-04-01,4.29%,1.64%,40.88%,0.47%,41.81%,14.97%,129.96,151.78
1171,BR-7312,State Bank of India (Consolidated),Jaipur,Semi-Urban,2020,Post-Merger,2017-04-01,3.49%,1.39%,52.81%,0.10%,44.12%,12.37%,"1,454.40","1,969.87"
1172,BR-5033,State Bank of India (Consolidated),Ahmedabad,Rural,2018,Post-Merger,01/04/2017,2.21%,0.68%,48.55%,0.32%,43.56%,14.67%,234.15,321.91
1173,BR-3255,State Bank of India (Parent),Delhi NCR,Metro,2016,Pre-Merger,2017-04-01,7.16%,3.73%,54.71%,0.66%,38.54%,11.88%,"1,036.39","1,323.58"
1174,BR-7590,Bharatiya Mahila Bank   ,Chennai,Semi-Urban,2016,Pre-Merger,01/04/2017,9.83%,5.04%,50.15%,-0.14%,38.35%,10.69%,"1,241.72","1,768.03"
1175,BR-5031,State Bank of India (Consolidated)   ,Bhopal,Urban,2019,Post-Merger,01/04/2017,1.50%,0.43%,,0.10%,44.45%,14.87%,270.28,318.00
1176,BR-7026,State Bank of India (Parent),Chandigarh,Rural,2014,Pre-Merger,01/04/2017,12.11%,7.20%,59.57%,0.42%,40.10%,11.82%,657.28,926.60
1177,BR-8483,State Bank of India (Parent),Thiruvananthapuram,Rural,2017,Pre-Merger,01/04/2017,13.09%,8.65%,52.38%,0.62%,36.28%,12.12%,227.03,292.27
1178,BR-8237,State Bank of India (Consolidated),Mumbai Metro,Urban,2020,Post-Merger,2017-04-01,7.49%,3.35%,46.45%,1.10%,43.37%,16.11%,173.42,241.56
1179,BR-5275,State Bank of India (Consolidated)   ,Chennai,Semi-Urban,2021,Post-Merger,01/04/2017,7.50%,2.35%,40.49%,0.92%,45.83%,12.73%,"1,408.77","1,859.14"
1180,BR-9787,State Bank of India (Consolidated),Thiruvananthapuram,Urban,2018,Post-Merger,2017-04-01,8.59%,2.95%,41.87%,1.11%,47.01%,12.69%,412.06,483.75
1181,BR-9405,State Bank of India (Consolidated),Bhopal,Urban,2020,Post-Merger,2017-04-01,5.69%,2.31%,47.86%,0.41%,46.80%,12.81%,499.12,666.12
1182,BR-5896,State Bank of India (Parent),Mumbai Metro,Semi-Urban,2015,Pre-Merger,2017-04-01,8.27%,5.23%,52.27%,-1.14%,40.90%,12.28%,"1,000.47","1,268.35"
1183,BR-6774,State Bank of Mysore,Bengaluru,Metro,2017,Pre-Merger,2017-04-01,13.07%,7.29%,52.41%,-0.88%,43.56%,10.12%,557.06,731.29
1184,BR-2897,State Bank of India (Parent),Chennai,Rural,2014,Pre-Merger,2017-04-01,7.39%,4.68%,54.12%,0.15%,39.35%,9.50%,"1,030.00","1,298.73"
1185,BR-1529,State Bank of Hyderabad,Kolkata,Semi-Urban,2014,Pre-Merger,2017-04-01,6.46%,4.36%,56.55%,-0.07%,40.93%,12.34%,"1,072.85","1,402.81"
1186,BR-3959,State Bank of Bikaner and Jaipur   ,Kolkata,Semi-Urban,2014,Pre-Merger,01/04/2017,11.93%,,,-0.40%,41.28%,12.48%,719.95,844.95
1187,BR-8595,State Bank of India (Consolidated),Mumbai Metro,Rural,2021,Post-Merger,2017-04-01,8.46%,3.12%,44.91%,0.72%,47.96%,14.96%,149.93,178.55
1188,BR-2488,State Bank of Mysore,Chandigarh,Urban,2015,Pre-Merger,01/04/2017,8.73%,4.70%,52.26%,0.59%,46.85%,12.05%,477.76,669.41
1189,BR-3450,State Bank of India (Consolidated),Jaipur,Rural,2018,Post-Merger,01/04/2017,7.99%,3.47%,51.11%,1.01%,51.25%,15.84%,821.60,"1,023.55"
1190,BR-9265,State Bank of India (Consolidated),Lucknow,Urban,2021,Post-Merger,01/04/2017,3.26%,1.33%,41.49%,0.76%,45.49%,12.86%,"1,208.00","1,625.78"
1191,BR-9070,State Bank of India (Consolidated),Ahmedabad,Metro,2020,Post-Merger,2017-04-01,4.04%,1.26%,42.81%,0.91%,51.11%,13.68%,"1,062.63","1,462.06"
1192,BR-6125,State Bank of India (Parent),Lucknow,Metro,2014,Pre-Merger,2017-04-01,12.04%,6.78%,56.92%,1.09%,37.51%,12.07%,959.19,"1,150.18"
1193,BR-8075,State Bank of India (Parent),Chandigarh,Urban,2015,Pre-Merger,01/04/2017,10.55%,6.41%,54.75%,0.10%,47.83%,12.26%,927.95,"1,194.52"
1194,BR-7074,State Bank of India (Consolidated),Jaipur,Metro,2018,Post-Merger,2017-04-01,3.57%,1.57%,47.19%,0.86%,41.28%,14.42%,"1,349.96","1,646.11"
1195,BR-1553,State Bank of India (Consolidated),Mumbai Metro,Rural,2018,Post-Merger,2017-04-01,3.51%,1.45%,47.89%,0.28%,42.32%,14.64%,"1,355.53","1,815.01"
1196,BR-7772,State Bank of India (Parent),Lucknow,Semi-Urban,2015,Pre-Merger,2017-04-01,13.23%,8.17%,48.44%,0.42%,39.67%,13.09%,630.22,851.88
1197,BR-9113,State Bank of India (Parent),Jaipur,Metro,2014,Pre-Merger,2017-04-01,8.08%,4.83%,49.96%,0.40%,44.30%,11.16%,"1,147.32","1,532.98"
1198,BR-8036,State Bank of India (Consolidated),Lucknow,Urban,2020,Post-Merger,2017-04-01,8.50%,3.18%,50.80%,0.72%,48.79%,14.36%,597.93,803.81
1199,BR-7984,State Bank of India (Consolidated),Lucknow,Semi-Urban,2019,Post-Merger,2017-04-01,7.74%,3.32%,44.45%,0.68%,51.64%,13.33%,944.95,"1,088.53"
1200,BR-9813,State Bank of Patiala,Hyderabad,Semi-Urban,2016,Pre-Merger,2017-04-01,2.68%,1.45%,47.81%,-0.07%,35.30%,11.97%,375.47,448.88
1201,BR-7085,State Bank of India (Consolidated),Kolkata,Urban,2021,Post-Merger,01/04/2017,2.98%,0.92%,53.88%,1.07%,49.62%,12.57%,111.73,155.60
1202,BR-2440,State Bank of India (Parent),Chennai,Metro,2015,Pre-Merger,2017-04-01,12.08%,7.79%,47.72%,0.44%,38.58%,12.89%,459.43,560.49
1203,BR-9662,State Bank of Mysore,Chandigarh,Urban,2016,Pre-Merger,2017-04-01,8.91%,5.89%,55.19%,1.20%,38.23%,11.49%,789.35,967.49
1204,BR-1740,State Bank of Hyderabad,Bengaluru,Urban,2015,Pre-Merger,2017-04-01,9.72%,5.05%,50.33%,-0.05%,37.40%,11.94%,125.22,168.68
1205,BR-7638,State Bank of India (Consolidated),Delhi NCR,Metro,2018,Post-Merger,01/04/2017,3.55%,0.98%,54.45%,0.99%,39.42%,13.50%,"1,221.62","1,446.07"
1206,BR-2975,State Bank of Mysore,Mumbai Metro,Urban,2015,Pre-Merger,2017-04-01,16.42%,10.22%,63.80%,1.20%,37.39%,13.22%,580.93,819.98
1207,BR-5809,State Bank of Bikaner and Jaipur,Jaipur,Urban,2015,Pre-Merger,2017-04-01,13.54%,8.73%,53.40%,0.19%,47.88%,13.29%,"1,324.24","1,873.98"
1208,BR-2208,State Bank of India (Consolidated),Ahmedabad,Rural,2019,Post-Merger,2017-04-01,2.86%,1.28%,43.84%,1.37%,45.70%,13.60%,216.43,303.07
1209,BR-1495,State Bank of Travancore,Jaipur,Rural,2017,Pre-Merger,2017-04-01,6.63%,4.43%,50.74%,0.64%,42.89%,11.78%,116.96,142.82
1210,BR-1849,State Bank of India (Consolidated),Jaipur,Semi-Urban,2019,Post-Merger,2017-04-01,5.28%,1.59%,47.99%,0.76%,43.20%,12.47%,507.54,600.36
1211,BR-8855,State Bank of Patiala   ,Jaipur,Rural,2017,Pre-Merger,01/04/2017,8.21%,5.02%,54.71%,0.44%,38.75%,11.10%,"1,243.47","1,769.86"
1212,BR-2927,State Bank of India (Parent)   ,Jaipur,Metro,2014,Pre-Merger,01/04/2017,11.76%,7.71%,49.30%,0.54%,40.91%,12.55%,928.26,"1,112.16"
1213,BR-2058,State Bank of India (Consolidated),Chandigarh,Urban,2019,Post-Merger,2017-04-01,6.92%,2.46%,43.58%,0.70%,43.92%,15.51%,"1,084.70","1,449.77"
1214,BR-3930,State Bank of India (Parent),Hyderabad,Semi-Urban,2015,Pre-Merger,01/04/2017,10.02%,6.70%,57.69%,0.31%,40.61%,11.12%,"1,411.95","1,722.31"
1215,BR-6251,State Bank of India (Consolidated),Ahmedabad,Urban,2021,Post-Merger,2017-04-01,4.89%,1.86%,47.26%,1.18%,49.08%,14.63%,843.58,"1,187.02"
1216,BR-3256,State Bank of India (Parent),Kolkata,Metro,2016,Pre-Merger,2017-04-01,8.81%,4.75%,57.91%,0.76%,40.20%,12.95%,798.88,"1,005.74"
1217,BR-3781,State Bank of Mysore,Jaipur,Urban,2017,Pre-Merger,2017-04-01,12.96%,6.82%,61.58%,0.19%,45.76%,12.11%,671.74,897.04
1218,BR-4522,State Bank of Mysore,Bhopal,Semi-Urban,2017,Pre-Merger,2017-04-01,9.62%,5.27%,53.06%,-0.01%,38.14%,12.29%,273.44,329.31
1219,BR-8315,State Bank of India (Consolidated),Delhi NCR,Urban,2019,Post-Merger,2017-04-01,4.42%,1.31%,46.26%,1.01%,46.32%,13.74%,"1,495.40","1,764.10"
1220,BR-9152,State Bank of Mysore,Chennai,Rural,2016,Pre-Merger,2017-04-01,10.09%,5.84%,50.94%,-0.37%,42.28%,12.08%,"1,214.03","1,563.14"
1221,BR-9056,State Bank of India (Consolidated)   ,Bhopal,Urban,2021,Post-Merger,01/04/2017,6.92%,2.94%,42.21%,0.41%,48.33%,15.57%,"1,245.60","1,499.00"
1222,BR-1701,State Bank of India (Consolidated),Kolkata,Semi-Urban,2020,Post-Merger,01/04/2017,8.81%,2.45%,45.61%,0.68%,45.98%,13.42%,"1,095.80","1,382.73"
1223,BR-6173,State Bank of India (Consolidated),Kolkata,Metro,2021,Post-Merger,01/04/2017,5.43%,1.58%,48.92%,1.27%,41.04%,14.69%,913.43,"1,258.88"
1224,BR-2353,State Bank of Bikaner and Jaipur,Chennai,Metro,2017,Pre-Merger,2017-04-01,11.38%,5.95%,55.82%,1.16%,40.96%,13.23%,"1,416.82","2,008.43"
1225,BR-7668,State Bank of India (Consolidated),Chennai,Metro,2020,Post-Merger,2017-04-01,2.78%,0.86%,51.25%,0.87%,39.28%,13.73%,662.03,811.44
1226,BR-9441,State Bank of India (Consolidated),Lucknow,Semi-Urban,2018,Post-Merger,2017-04-01,11.48%,3.56%,46.61%,1.00%,50.35%,13.76%,212.97,256.56
1227,BR-4238,State Bank of India (Consolidated)   ,Thiruvananthapuram,Urban,2018,Post-Merger,01/04/2017,5.23%,,,0.81%,44.50%,11.50%,"1,368.84","1,643.11"
1228,BR-1812,State Bank of India (Consolidated),Delhi NCR,Urban,2018,Post-Merger,2017-04-01,9.60%,4.10%,45.32%,1.21%,41.96%,12.90%,575.00,746.38
1229,BR-9294,State Bank of Bikaner and Jaipur,Delhi NCR,Urban,2016,Pre-Merger,01/04/2017,10.66%,5.86%,59.40%,1.20%,37.29%,11.97%,410.55,504.76
1230,BR-5767,State Bank of India (Consolidated),Bengaluru,Metro,2018,Post-Merger,2017-04-01,4.92%,2.15%,45.85%,0.63%,48.16%,14.91%,228.76,320.47
1231,BR-9726,State Bank of India (Consolidated),Chandigarh,Urban,2020,Post-Merger,2017-04-01,6.38%,2.39%,43.99%,1.23%,37.82%,12.84%,"1,475.88","1,715.80"
1232,BR-5703,State Bank of India (Parent),Bengaluru,Semi-Urban,2016,Pre-Merger,01/04/2017,6.57%,4.34%,54.18%,0.14%,40.64%,11.84%,325.15,398.53
1233,BR-9207,State Bank of India (Consolidated),Lucknow,Urban,2018,Post-Merger,2017-04-01,3.87%,1.17%,48.22%,0.23%,46.46%,13.98%,"1,176.22","1,687.26"
1234,BR-8067,State Bank of Travancore,Mumbai Metro,Urban,2014,Pre-Merger,01/04/2017,16.27%,8.38%,51.93%,1.20%,38.72%,11.50%,709.12,978.92
1235,BR-6333,State Bank of Hyderabad,Mumbai Metro,Rural,2015,Pre-Merger,2017-04-01,8.52%,4.87%,54.06%,0.21%,42.85%,11.68%,953.37,"1,339.27"
1236,BR-3736,State Bank of India (Consolidated)   ,Delhi NCR,Rural,2018,Post-Merger,01/04/2017,5.54%,2.10%,39.41%,0.89%,46.26%,16.10%,944.09,"1,197.15"
1237,BR-7569,State Bank of India (Parent),Chandigarh,Urban,2015,Pre-Merger,2017-04-01,15.16%,9.62%,57.02%,0.26%,34.92%,12.24%,619.54,720.77
1238,BR-1557,State Bank of Hyderabad,Delhi NCR,Semi-Urban,2014,Pre-Merger,01/04/2017,7.50%,5.08%,54.45%,0.66%,38.36%,12.57%,706.43,983.85
1239,BR-4877,State Bank of India (Parent),Kolkata,Urban,2016,Pre-Merger,2017-04-01,9.44%,5.08%,59.24%,0.21%,45.20%,12.54%,622.26,866.79
1240,BR-4302,State Bank of India (Parent),Thiruvananthapuram,Urban,2015,Pre-Merger,2017-04-01,14.96%,8.99%,56.69%,-0.07%,36.72%,13.14%,"1,114.84","1,615.13"
1241,BR-3560,State Bank of India (Consolidated),Kolkata,Urban,2021,Post-Merger,2017-04-01,6.80%,2.18%,49.54%,0.76%,44.82%,13.94%,"1,057.69","1,239.82"
1242,BR-6835,State Bank of India (Consolidated),Hyderabad,Metro,2019,Post-Merger,2017-04-01,5.77%,1.82%,50.61%,0.88%,48.01%,11.67%,991.83,"1,263.98"
1243,BR-8048,State Bank of India (Parent)   ,Bhopal,Urban,2017,Pre-Merger,01/04/2017,11.87%,7.16%,,0.56%,44.55%,12.12%,925.35,"1,255.74"
1244,BR-9530,State Bank of Bikaner and Jaipur,Hyderabad,Urban,2014,Pre-Merger,2017-04-01,10.26%,5.85%,59.78%,0.29%,39.38%,12.34%,849.88,981.77
1245,BR-5570,State Bank of India (Parent),Chennai,Urban,2016,Pre-Merger,2017-04-01,5.36%,3.01%,52.14%,-0.42%,36.98%,12.90%,"1,044.96","1,275.74"
1246,BR-1232,State Bank of India (Consolidated),Bhopal,Urban,2019,Post-Merger,2017-04-01,4.93%,1.94%,45.32%,0.63%,40.90%,15.24%,"1,463.01","1,880.63"
1247,BR-7025,State Bank of India (Consolidated),Bhopal,Rural,2020,Post-Merger,2017-04-01,6.85%,1.87%,47.80%,0.30%,44.75%,12.95%,"1,195.12","1,624.34"
1248,BR-8784,State Bank of Hyderabad,Jaipur,Semi-Urban,2015,Pre-Merger,2017-04-01,9.63%,5.80%,57.65%,-0.66%,33.81%,11.60%,175.40,215.01
1249,BR-2091,State Bank of India (Parent),Chandigarh,Semi-Urban,2017,Pre-Merger,2017-04-01,11.30%,6.12%,59.46%,1.14%,39.57%,10.15%,459.40,558.30
1250,BR-5846,State Bank of India (Consolidated),Thiruvananthapuram,Semi-Urban,2020,Post-Merger,2017-04-01,6.58%,2.78%,46.60%,0.32%,46.72%,14.96%,460.55,546.65
1251,BR-9767,State Bank of Hyderabad,Chandigarh,Metro,2015,Pre-Merger,2017-04-01,15.61%,7.97%,55.95%,1.13%,43.58%,12.97%,401.32,578.95
1252,BR-7066,State Bank of Mysore,Chandigarh,Rural,2016,Pre-Merger,2017-04-01,12.11%,6.79%,42.00%,0.30%,45.56%,10.70%,266.10,363.23
1253,BR-4796,State Bank of India (Consolidated),Thiruvananthapuram,Rural,2021,Post-Merger,2017-04-01,3.25%,1.15%,42.95%,0.44%,48.91%,14.64%,234.51,335.26
1254,BR-9777,State Bank of Hyderabad,Thiruvananthapuram,Urban,2015,Pre-Merger,2017-04-01,15.39%,8.54%,55.40%,-0.49%,32.73%,10.96%,"1,035.05","1,404.72"
1255,BR-7804,State Bank of Mysore,Mumbai Metro,Semi-Urban,2015,Pre-Merger,2017-04-01,14.29%,7.18%,49.97%,-0.36%,36.39%,11.29%,979.32,"1,328.50"
1256,BR-3873,State Bank of India (Consolidated)   ,Bengaluru,Semi-Urban,2019,Post-Merger,01/04/2017,8.00%,,,0.82%,45.85%,14.24%,571.87,754.89
1257,BR-4173,State Bank of India (Parent),Kolkata,Rural,2015,Pre-Merger,2017-04-01,13.07%,7.83%,54.78%,0.82%,41.89%,13.29%,912.67,"1,222.88"
1258,BR-8649,State Bank of India (Parent),Thiruvananthapuram,Urban,2016,Pre-Merger,2017-04-01,13.28%,6.68%,49.93%,-0.01%,42.58%,12.59%,447.24,558.02
1259,BR-9298,State Bank of Mysore,Hyderabad,Semi-Urban,2014,Pre-Merger,01/04/2017,15.61%,8.89%,49.23%,1.07%,35.28%,10.40%,292.07,368.18
1260,BR-4739,State Bank of India (Consolidated),Bengaluru,Rural,2021,Post-Merger,2017-04-01,7.27%,1.87%,44.44%,0.57%,35.70%,14.21%,"1,115.23","1,363.62"
1261,BR-4450,State Bank of India (Parent),Kolkata,Urban,2017,Pre-Merger,2017-04-01,9.73%,6.24%,54.86%,1.01%,40.36%,12.75%,"1,395.17","1,647.15"
1262,BR-8732,State Bank of India (Consolidated)   ,Thiruvananthapuram,Metro,2021,Post-Merger,01/04/2017,2.53%,,,1.08%,46.57%,11.54%,591.16,682.68
1263,BR-6761,State Bank of Patiala,Delhi NCR,Metro,2014,Pre-Merger,2017-04-01,10.98%,5.60%,54.55%,-0.73%,45.00%,11.75%,449.89,633.11
1264,BR-2376,State Bank of India (Parent),Mumbai Metro,Semi-Urban,2016,Pre-Merger,01/04/2017,13.05%,7.54%,55.06%,-0.02%,38.99%,13.83%,676.73,796.16
1265,BR-3692,State Bank of Travancore,Kolkata,Semi-Urban,2015,Pre-Merger,2017-04-01,10.33%,6.14%,51.32%,1.00%,41.19%,10.91%,104.98,128.64
1266,BR-6408,State Bank of India (Consolidated),Lucknow,Urban,2018,Post-Merger,2017-04-01,8.38%,2.79%,37.00%,0.35%,45.87%,14.80%,"1,209.93","1,547.64"
1267,BR-2041,State Bank of India (Consolidated),Bhopal,Semi-Urban,2019,Post-Merger,2017-04-01,7.69%,2.42%,47.17%,1.24%,48.86%,14.50%,651.49,938.21
1268,BR-3984,State Bank of India (Consolidated),Bhopal,Urban,2020,Post-Merger,2017-04-01,8.67%,3.33%,43.93%,0.49%,46.14%,16.29%,"1,050.25","1,292.68"
1269,BR-9448,State Bank of Bikaner and Jaipur,Hyderabad,Urban,2017,Pre-Merger,01/04/2017,11.56%,6.72%,56.58%,0.89%,50.60%,12.31%,"1,393.99","1,695.10"
1270,BR-1201,State Bank of Mysore,Bengaluru,Semi-Urban,2015,Pre-Merger,2017-04-01,10.44%,5.40%,59.52%,0.17%,37.74%,13.09%,"1,036.89","1,205.87"
1271,BR-9219,State Bank of India (Consolidated),Delhi NCR,Urban,2019,Post-Merger,01/04/2017,7.59%,3.22%,45.61%,1.05%,54.42%,14.79%,648.46,761.82
1272,BR-6817,State Bank of India (Parent),Chennai,Urban,2016,Pre-Merger,2017-04-01,12.14%,6.25%,50.91%,-0.74%,32.31%,13.00%,"1,201.67","1,396.10"
1273,BR-9561,State Bank of India (Consolidated)   ,Thiruvananthapuram,Rural,2019,Post-Merger,01/04/2017,6.52%,2.02%,47.23%,0.22%,42.28%,13.92%,560.12,664.74
1274,BR-5881,State Bank of India (Consolidated),Lucknow,Metro,2020,Post-Merger,2017-04-01,4.22%,1.66%,42.44%,1.45%,43.20%,12.53%,920.79,"1,155.80"
1275,BR-7443,State Bank of Hyderabad,Jaipur,Semi-Urban,2014,Pre-Merger,2017-04-01,9.32%,5.43%,47.83%,-0.49%,43.86%,10.56%,713.95,847.32
1276,BR-7698,State Bank of Hyderabad,Hyderabad,Semi-Urban,2017,Pre-Merger,2017-04-01,11.30%,6.78%,50.31%,1.20%,38.20%,12.55%,"1,445.02","1,986.97"
1277,BR-5898,State Bank of India (Consolidated),Jaipur,Urban,2019,Post-Merger,2017-04-01,6.42%,1.63%,51.72%,0.77%,47.10%,12.25%,682.29,834.20
1278,BR-9989,State Bank of Bikaner and Jaipur,Bengaluru,Metro,2017,Pre-Merger,2017-04-01,4.80%,3.25%,54.44%,-0.06%,36.73%,11.80%,"1,448.44","2,077.12"
1279,BR-4784,State Bank of Patiala,Ahmedabad,Metro,2016,Pre-Merger,01/04/2017,12.30%,7.28%,58.25%,1.20%,43.12%,11.11%,"1,352.13","1,856.94"
1280,BR-4722,State Bank of India (Consolidated),Mumbai Metro,Urban,2019,Post-Merger,2017-04-01,4.86%,1.92%,47.55%,0.34%,48.18%,13.46%,89.36,108.75
1281,BR-7586,State Bank of India (Consolidated),Chennai,Urban,2019,Post-Merger,2017-04-01,4.93%,1.28%,44.36%,0.31%,40.22%,14.76%,700.15,942.15
1282,BR-2532,State Bank of India (Parent),Thiruvananthapuram,Urban,2014,Pre-Merger,01/04/2017,13.33%,6.80%,52.42%,-0.52%,43.28%,10.84%,379.98,458.39
1283,BR-7565,State Bank of India (Consolidated),Hyderabad,Rural,2021,Post-Merger,2017-04-01,2.92%,0.76%,47.78%,0.13%,48.36%,13.44%,149.98,215.24
1284,BR-5418,State Bank of India (Parent),Thiruvananthapuram,Metro,2017,Pre-Merger,2017-04-01,6.64%,4.03%,56.24%,-0.21%,39.32%,13.01%,719.29,876.45
1285,BR-3035,State Bank of Patiala,Kolkata,Rural,2017,Pre-Merger,2017-04-01,10.76%,7.05%,52.95%,0.67%,42.13%,12.10%,960.56,"1,276.45"
1286,BR-4147,State Bank of India (Consolidated),Bengaluru,Metro,2021,Post-Merger,2017-04-01,3.49%,0.97%,46.98%,0.69%,55.30%,14.69%,88.43,107.41
1287,BR-3809,State Bank of Travancore,Mumbai Metro,Semi-Urban,2015,Pre-Merger,2017-04-01,5.84%,3.09%,57.45%,0.83%,42.01%,11.20%,914.08,"1,136.41"
1288,BR-8546,State Bank of India (Consolidated),Chennai,Semi-Urban,2021,Post-Merger,2017-04-01,8.38%,2.81%,41.33%,1.18%,45.21%,13.66%,"1,401.28","1,874.76"
1289,BR-9643,State Bank of India (Parent),Bhopal,Semi-Urban,2014,Pre-Merger,01/04/2017,13.78%,8.70%,54.79%,1.20%,36.06%,11.08%,413.50,517.84
1290,BR-4223,State Bank of Travancore   ,Thiruvananthapuram,Rural,2015,Pre-Merger,01/04/2017,10.47%,5.78%,50.32%,-0.05%,47.79%,9.50%,375.76,500.73
1291,BR-7603,State Bank of Hyderabad,Kolkata,Urban,2015,Pre-Merger,2017-04-01,15.23%,8.52%,53.91%,0.86%,40.94%,11.25%,502.68,644.63
1292,BR-2686,State Bank of India (Consolidated),Lucknow,Urban,2020,Post-Merger,2017-04-01,4.44%,1.67%,46.79%,1.27%,45.59%,15.82%,615.81,836.90
1293,BR-6877,State Bank of India (Consolidated)   ,Ahmedabad,Semi-Urban,2020,Post-Merger,01/04/2017,4.67%,1.89%,45.09%,0.99%,43.40%,13.37%,609.31,836.87
1294,BR-2767,State Bank of India (Consolidated),Kolkata,Rural,2018,Post-Merger,01/04/2017,7.31%,3.25%,48.97%,0.53%,51.31%,13.92%,"1,018.78","1,305.82"
1295,BR-9657,State Bank of Patiala,Bengaluru,Urban,2017,Pre-Merger,2017-04-01,12.26%,6.94%,62.50%,0.75%,37.30%,11.98%,"1,448.43","1,839.64"
1296,BR-6273,State Bank of India (Parent),Jaipur,Semi-Urban,2016,Pre-Merger,01/04/2017,6.94%,3.83%,49.40%,0.55%,45.53%,12.37%,810.12,"1,097.75"
1297,BR-5637,State Bank of India (Consolidated),Chandigarh,Rural,2018,Post-Merger,2017-04-01,4.04%,1.07%,43.37%,0.80%,38.62%,13.27%,"1,005.07","1,303.24"
1298,BR-8426,State Bank of Hyderabad,Kolkata,Metro,2016,Pre-Merger,2017-04-01,10.23%,6.86%,60.24%,0.39%,41.46%,13.99%,999.53,"1,271.41"
1299,BR-1418,State Bank of India (Consolidated),Chennai,Rural,2019,Post-Merger,01/04/2017,4.25%,1.73%,46.46%,0.89%,45.94%,13.17%,252.70,349.23
1300,BR-5669,State Bank of Patiala,Lucknow,Rural,2016,Pre-Merger,2017-04-01,9.38%,5.91%,55.65%,-0.26%,40.16%,12.29%,"1,294.59","1,840.75"
1301,BR-3587,State Bank of India (Consolidated),Mumbai Metro,Rural,2020,Post-Merger,2017-04-01,8.64%,3.55%,51.29%,0.34%,49.65%,15.08%,104.31,141.82
1302,BR-4800,State Bank of India (Consolidated),Delhi NCR,Urban,2019,Post-Merger,2017-04-01,5.41%,2.32%,48.56%,0.55%,42.89%,13.76%,629.06,889.53
1303,BR-4129,State Bank of India (Parent),Mumbai Metro,Urban,2016,Pre-Merger,2017-04-01,7.41%,4.06%,54.95%,1.15%,42.16%,12.98%,"1,230.67","1,472.95"
1304,BR-9331,State Bank of India (Consolidated),Thiruvananthapuram,Rural,2020,Post-Merger,2017-04-01,6.09%,2.51%,49.35%,1.31%,37.25%,15.63%,"1,461.25","1,926.01"
1305,BR-9644,State Bank of India (Consolidated),Jaipur,Semi-Urban,2020,Post-Merger,2017-04-01,5.44%,2.26%,47.24%,1.13%,49.93%,13.87%,"1,408.24","1,983.90"
1306,BR-5272,State Bank of India (Consolidated),Ahmedabad,Semi-Urban,2019,Post-Merger,2017-04-01,4.76%,1.64%,48.27%,1.22%,45.57%,13.42%,149.62,175.26
1307,BR-7389,State Bank of Mysore,Delhi NCR,Metro,2016,Pre-Merger,2017-04-01,11.42%,7.21%,51.22%,0.80%,40.47%,11.63%,169.78,235.76
1308,BR-3389,State Bank of India (Consolidated),Kolkata,Metro,2020,Post-Merger,2017-04-01,4.48%,1.55%,41.65%,0.29%,44.68%,12.46%,966.98,"1,152.39"
1309,BR-7241,State Bank of India (Consolidated),Lucknow,Urban,2020,Post-Merger,2017-04-01,3.32%,0.91%,46.86%,0.70%,43.30%,14.36%,"1,469.08","1,897.12"
1310,BR-4770,State Bank of India (Consolidated),Kolkata,Semi-Urban,2018,Post-Merger,01/04/2017,6.03%,2.24%,50.14%,1.08%,49.02%,14.70%,"1,053.28","1,380.01"
1311,BR-3910,Bharatiya Mahila Bank,Lucknow,Rural,2016,Pre-Merger,2017-04-01,20.42%,10.35%,57.85%,0.34%,46.23%,10.75%,"1,303.20","1,575.59"
1312,BR-7861,State Bank of India (Consolidated),Lucknow,Rural,2018,Post-Merger,2017-04-01,3.78%,0.95%,43.20%,0.44%,45.32%,13.17%,858.63,"1,011.36"
1313,BR-1137,State Bank of India (Consolidated),Thiruvananthapuram,Semi-Urban,2020,Post-Merger,2017-04-01,3.78%,1.37%,44.78%,1.60%,48.92%,14.19%,823.03,"1,149.20"
1314,BR-1333,State Bank of India (Parent),Bhopal,Urban,2016,Pre-Merger,2017-04-01,9.08%,6.14%,64.90%,0.48%,36.44%,13.76%,"1,141.49","1,610.73"
1315,BR-8660,State Bank of India (Parent),Lucknow,Rural,2015,Pre-Merger,2017-04-01,7.44%,4.52%,53.08%,0.63%,46.00%,12.41%,"1,265.61","1,570.39"
1316,BR-8854,State Bank of Patiala,Bengaluru,Metro,2014,Pre-Merger,01/04/2017,5.62%,2.92%,55.81%,1.20%,35.03%,12.33%,"1,100.56","1,293.64"
1317,BR-4584,State Bank of India (Consolidated),Ahmedabad,Metro,2019,Post-Merger,2017-04-01,4.29%,1.63%,43.48%,0.61%,55.75%,16.32%,111.87,161.88
1318,BR-5215,State Bank of Mysore,Chandigarh,Rural,2017,Pre-Merger,2017-04-01,3.99%,2.64%,61.86%,1.20%,39.38%,13.27%,867.20,"1,157.38"
1319,BR-2116,State Bank of India (Parent),Chandigarh,Metro,2017,Pre-Merger,2017-04-01,10.32%,5.72%,60.39%,-0.08%,40.59%,12.36%,"1,118.35","1,513.10"
1320,BR-7628,State Bank of India (Consolidated),Chandigarh,Metro,2018,Post-Merger,2017-04-01,6.95%,1.80%,46.85%,0.97%,46.47%,11.90%,"1,217.72","1,573.81"
1321,BR-5649,State Bank of India (Consolidated)   ,Chennai,Metro,2018,Post-Merger,01/04/2017,6.63%,2.12%,,0.82%,44.79%,14.62%,"1,117.36","1,562.75"
1322,BR-7353,State Bank of India (Consolidated),Jaipur,Urban,2021,Post-Merger,2017-04-01,6.35%,2.29%,43.57%,1.08%,43.79%,13.19%,82.50,97.85
1323,BR-7277,State Bank of Patiala,Chandigarh,Metro,2017,Pre-Merger,01/04/2017,18.41%,9.69%,51.94%,-0.18%,34.13%,12.85%,396.63,529.44
1324,BR-8908,State Bank of Mysore,Bhopal,Semi-Urban,2014,Pre-Merger,2017-04-01,11.95%,6.08%,53.69%,0.30%,40.40%,11.13%,"1,403.27","1,674.89"
1325,BR-7501,State Bank of India (Consolidated),Thiruvananthapuram,Urban,2019,Post-Merger,2017-04-01,5.94%,2.03%,42.71%,0.55%,49.39%,14.57%,"1,069.73","1,324.68"
1326,BR-5745,Bharatiya Mahila Bank,Thiruvananthapuram,Metro,2016,Pre-Merger,2017-04-01,13.40%,8.21%,53.17%,0.16%,33.31%,13.23%,"1,179.46","1,549.51"
1327,BR-5278,State Bank of India (Consolidated),Kolkata,Rural,2020,Post-Merger,2017-04-01,4.83%,1.51%,53.51%,1.00%,47.27%,14.16%,735.37,913.02
1328,BR-1970,State Bank of India (Consolidated),Hyderabad,Metro,2021,Post-Merger,2017-04-01,6.22%,1.80%,43.86%,0.36%,42.82%,14.05%,154.80,191.62
1329,BR-9924,State Bank of India (Consolidated),Ahmedabad,Urban,2021,Post-Merger,2017-04-01,6.05%,1.63%,43.59%,0.89%,50.41%,13.39%,621.72,733.30
1330,BR-9356,State Bank of India (Consolidated),Ahmedabad,Urban,2018,Post-Merger,2017-04-01,8.97%,3.82%,43.27%,0.73%,42.08%,13.71%,103.63,142.54
1331,BR-8523,State Bank of India (Consolidated)   ,Bhopal,Semi-Urban,2019,Post-Merger,01/04/2017,2.92%,0.75%,51.88%,1.06%,45.75%,14.56%,273.76,361.50
1332,BR-1193,State Bank of India (Consolidated),Kolkata,Urban,2018,Post-Merger,2017-04-01,6.05%,1.99%,48.60%,0.89%,43.57%,14.43%,102.83,123.45
1333,BR-3673,State Bank of India (Parent),Delhi NCR,Semi-Urban,2015,Pre-Merger,2017-04-01,3.63%,1.96%,56.15%,1.20%,41.54%,12.60%,685.81,857.57
1334,BR-3434,Bharatiya Mahila Bank,Bengaluru,Urban,2014,Pre-Merger,2017-04-01,5.89%,3.80%,58.18%,0.82%,46.66%,11.51%,629.21,893.23
1335,BR-5211,State Bank of Bikaner and Jaipur,Thiruvananthapuram,Semi-Urban,2016,Pre-Merger,01/04/2017,13.52%,8.03%,54.39%,-0.43%,38.15%,12.69%,"1,139.48","1,351.78"
1336,BR-5599,State Bank of India (Parent),Delhi NCR,Semi-Urban,2014,Pre-Merger,2017-04-01,2.10%,1.35%,54.60%,-0.88%,35.73%,12.87%,"1,100.55","1,446.27"
1337,BR-9497,State Bank of Bikaner and Jaipur,Bhopal,Metro,2015,Pre-Merger,01/04/2017,10.66%,5.84%,48.30%,0.15%,37.33%,9.50%,"1,110.45","1,475.82"
1338,BR-7602,State Bank of India (Consolidated),Chandigarh,Semi-Urban,2019,Post-Merger,01/04/2017,4.20%,1.29%,53.87%,1.32%,45.61%,15.94%,803.35,"1,098.66"
1339,BR-2394,State Bank of India (Consolidated),Jaipur,Urban,2019,Post-Merger,01/04/2017,2.75%,0.69%,41.79%,0.66%,45.80%,15.79%,860.89,"1,059.66"
1340,BR-2111,State Bank of India (Parent),Chandigarh,Metro,2015,Pre-Merger,2017-04-01,9.86%,5.55%,50.36%,0.78%,44.56%,11.27%,332.53,406.94
1341,BR-7754,State Bank of India (Consolidated),Chennai,Urban,2019,Post-Merger,01/04/2017,4.63%,1.57%,50.26%,0.52%,52.30%,15.26%,242.80,336.11
1342,BR-2075,State Bank of India (Consolidated),Thiruvananthapuram,Metro,2021,Post-Merger,2017-04-01,8.60%,2.94%,51.12%,0.75%,47.11%,15.46%,"1,097.41","1,276.11"
1343,BR-5317,State Bank of India (Consolidated),Delhi NCR,Rural,2018,Post-Merger,2017-04-01,6.94%,3.08%,45.02%,0.37%,47.70%,13.35%,90.12,122.07
1344,BR-8445,State Bank of India (Consolidated),Lucknow,Urban,2021,Post-Merger,2017-04-01,3.90%,1.05%,43.85%,0.64%,41.74%,14.44%,"1,154.56","1,403.31"
1345,BR-7623,State Bank of India (Parent)   ,Kolkata,Semi-Urban,2014,Pre-Merger,01/04/2017,11.60%,7.63%,56.26%,0.08%,46.47%,12.16%,986.85,"1,182.56"
1346,BR-7614,State Bank of India (Parent),Lucknow,Urban,2015,Pre-Merger,01/04/2017,10.31%,6.57%,57.64%,1.02%,40.63%,10.14%,236.82,305.85
1347,BR-7106,State Bank of India (Consolidated),Ahmedabad,Urban,2020,Post-Merger,2017-04-01,1.50%,0.54%,49.86%,1.02%,46.22%,13.43%,"1,465.62","1,848.67"
1348,BR-9577,State Bank of Mysore,Kolkata,Urban,2014,Pre-Merger,2017-04-01,6.98%,3.58%,55.80%,1.20%,43.76%,11.74%,"1,480.22","1,815.20"
1349,BR-7687,State Bank of India (Consolidated),Ahmedabad,Urban,2019,Post-Merger,2017-04-01,5.87%,2.26%,49.47%,0.75%,50.09%,11.70%,"1,188.77","1,611.80"
1350,BR-4616,State Bank of India (Consolidated),Hyderabad,Metro,2021,Post-Merger,2017-04-01,5.51%,2.46%,47.75%,0.36%,44.47%,13.32%,829.09,"1,188.91"
1351,BR-4181,State Bank of India (Parent),Jaipur,Urban,2015,Pre-Merger,01/04/2017,11.66%,5.97%,48.50%,1.20%,38.03%,11.85%,"1,479.44","1,864.29"
1352,BR-7764,State Bank of India (Parent),Chennai,Urban,2016,Pre-Merger,01/04/2017,9.63%,4.86%,58.18%,0.17%,37.72%,12.68%,919.44,"1,303.46"
1353,BR-2312,State Bank of India (Parent),Delhi NCR,Rural,2014,Pre-Merger,2017-04-01,14.55%,9.50%,42.77%,-1.31%,49.28%,11.67%,"1,406.81","1,719.35"
1354,BR-3232,State Bank of India (Consolidated),Hyderabad,Urban,2020,Post-Merger,2017-04-01,10.53%,3.88%,50.44%,1.60%,42.41%,14.05%,225.07,319.75
1355,BR-9964,State Bank of Hyderabad,Delhi NCR,Rural,2016,Pre-Merger,2017-04-01,9.68%,5.82%,57.91%,-0.60%,47.74%,11.78%,867.88,"1,186.11"
1356,BR-6982,State Bank of Patiala,Bengaluru,Rural,2015,Pre-Merger,2017-04-01,11.11%,6.98%,57.43%,-0.42%,36.48%,14.11%,780.08,"1,059.51"
1357,BR-8208,State Bank of India (Consolidated),Hyderabad,Urban,2018,Post-Merger,01/04/2017,8.79%,3.19%,47.59%,0.77%,46.17%,15.20%,781.62,"1,099.81"
1358,BR-6393,State Bank of India (Consolidated),Bengaluru,Urban,2020,Post-Merger,2017-04-01,7.17%,2.36%,48.48%,0.85%,42.88%,12.56%,298.62,405.29
1359,BR-1975,State Bank of Patiala,Delhi NCR,Metro,2014,Pre-Merger,2017-04-01,10.01%,5.28%,57.56%,0.70%,45.01%,12.35%,257.03,301.64
1360,BR-4985,State Bank of India (Consolidated),Kolkata,Semi-Urban,2021,Post-Merger,2017-04-01,4.83%,2.15%,41.50%,0.92%,46.12%,14.31%,"1,120.56","1,495.43"
1361,BR-6743,State Bank of India (Consolidated)   ,Hyderabad,Rural,2020,Post-Merger,01/04/2017,8.53%,2.59%,42.09%,0.56%,47.93%,14.63%,"1,085.21","1,307.45"
1362,BR-8353,State Bank of India (Consolidated),Lucknow,Semi-Urban,2020,Post-Merger,01/04/2017,4.88%,1.39%,44.26%,0.94%,43.08%,15.03%,"1,127.70","1,450.79"
1363,BR-6402,State Bank of India (Parent),Thiruvananthapuram,Rural,2014,Pre-Merger,01/04/2017,7.64%,4.80%,60.45%,-0.31%,33.46%,12.87%,234.58,272.08
1364,BR-1484,State Bank of India (Consolidated),Kolkata,Semi-Urban,2018,Post-Merger,2017-04-01,6.06%,1.76%,50.60%,0.41%,45.68%,14.23%,711.76,854.61
1365,BR-1968,State Bank of India (Consolidated),Delhi NCR,Rural,2018,Post-Merger,2017-04-01,3.81%,1.30%,47.32%,0.66%,46.99%,12.75%,452.79,569.79
1366,BR-6202,State Bank of Mysore,Kolkata,Urban,2017,Pre-Merger,2017-04-01,10.57%,5.95%,56.28%,-0.56%,39.34%,12.70%,"1,087.35","1,270.48"
1367,BR-7845,State Bank of India (Parent),Mumbai Metro,Semi-Urban,2015,Pre-Merger,2017-04-01,8.95%,5.86%,55.82%,0.98%,41.42%,12.69%,"1,046.59","1,374.05"
1368,BR-3543,State Bank of Hyderabad,Delhi NCR,Rural,2017,Pre-Merger,2017-04-01,7.91%,5.19%,54.16%,-0.55%,40.87%,12.82%,439.02,551.11
1369,BR-1307,State Bank of India (Consolidated),Chennai,Urban,2021,Post-Merger,2017-04-01,6.08%,1.74%,54.48%,0.88%,50.12%,13.53%,296.08,386.29
1370,BR-6254,State Bank of India (Consolidated),Chandigarh,Rural,2018,Post-Merger,2017-04-01,9.86%,3.29%,49.61%,0.92%,39.15%,14.48%,578.87,725.25
1371,BR-1321,State Bank of India (Parent)   ,Hyderabad,Semi-Urban,2017,Pre-Merger,01/04/2017,8.82%,4.62%,60.79%,0.46%,32.50%,12.63%,329.97,395.18
1372,BR-8746,State Bank of Bikaner and Jaipur,Lucknow,Semi-Urban,2015,Pre-Merger,2017-04-01,12.92%,7.99%,62.75%,-0.06%,33.10%,11.56%,511.12,650.79
1373,BR-7125,State Bank of India (Parent),Chandigarh,Urban,2016,Pre-Merger,2017-04-01,7.90%,4.48%,52.81%,-0.18%,45.11%,10.19%,247.22,308.80
1374,BR-4016,State Bank of India (Parent),Ahmedabad,Urban,2016,Pre-Merger,2017-04-01,14.98%,9.21%,52.15%,1.00%,36.28%,12.58%,522.15,603.65
1375,BR-7938,State Bank of India (Consolidated),Thiruvananthapuram,Semi-Urban,2018,Post-Merger,2017-04-01,7.51%,2.31%,49.24%,1.06%,47.32%,13.76%,885.62,"1,132.46"
1376,BR-9373,State Bank of India (Parent),Kolkata,Metro,2017,Pre-Merger,2017-04-01,10.32%,6.33%,50.85%,-0.21%,40.69%,13.24%,636.82,870.64
1377,BR-6442,State Bank of Hyderabad,Thiruvananthapuram,Metro,2017,Pre-Merger,2017-04-01,9.22%,5.53%,55.90%,0.62%,36.57%,12.17%,"1,010.36","1,337.45"
1378,BR-3025,State Bank of India (Consolidated),Bengaluru,Metro,2019,Post-Merger,01/04/2017,3.88%,1.60%,46.93%,0.91%,52.60%,13.29%,"1,237.88","1,522.89"
1379,BR-5719,State Bank of Bikaner and Jaipur,Thiruvananthapuram,Rural,2017,Pre-Merger,01/04/2017,10.90%,5.88%,51.71%,0.07%,36.68%,10.87%,340.80,392.94
1380,BR-1421,State Bank of India (Consolidated),Delhi NCR,Rural,2021,Post-Merger,2017-04-01,7.23%,1.88%,52.53%,0.66%,48.01%,14.61%,93.61,134.79
1381,BR-8115,State Bank of India (Consolidated),Ahmedabad,Metro,2021,Post-Merger,2017-04-01,3.38%,1.41%,42.10%,0.52%,53.47%,16.28%,657.57,864.25
1382,BR-2498,State Bank of India (Consolidated),Ahmedabad,Rural,2018,Post-Merger,2017-04-01,6.79%,1.95%,49.78%,0.90%,52.08%,15.33%,658.89,891.10
1383,BR-1472,State Bank of India (Parent),Mumbai Metro,Metro,2015,Pre-Merger,2017-04-01,11.54%,6.26%,61.71%,0.31%,34.11%,10.36%,"1,226.67","1,587.85"
1384,BR-3297,State Bank of India (Consolidated),Ahmedabad,Rural,2021,Post-Merger,2017-04-01,4.67%,1.48%,47.45%,0.81%,43.37%,13.79%,955.26,"1,172.15"
1385,BR-3862,State Bank of Travancore,Kolkata,Rural,2015,Pre-Merger,2017-04-01,14.97%,9.90%,48.67%,1.20%,46.42%,12.89%,205.22,256.74
1386,BR-1788,State Bank of Bikaner and Jaipur,Bhopal,Metro,2014,Pre-Merger,2017-04-01,10.94%,5.80%,54.72%,0.22%,38.79%,10.84%,"1,228.41","1,511.90"
1387,BR-6326,State Bank of Patiala,Thiruvananthapuram,Urban,2014,Pre-Merger,2017-04-01,7.43%,4.15%,58.37%,0.98%,35.60%,12.18%,270.10,377.04
1388,BR-8117,State Bank of India (Consolidated),Thiruvananthapuram,Semi-Urban,2021,Post-Merger,2017-04-01,4.53%,1.18%,51.46%,1.04%,49.04%,15.18%,228.56,310.39
1389,BR-7309,State Bank of India (Parent),Chandigarh,Semi-Urban,2017,Pre-Merger,2017-04-01,7.25%,4.37%,47.04%,-0.61%,39.05%,12.41%,176.10,221.97
1390,BR-4350,State Bank of Travancore,Thiruvananthapuram,Rural,2017,Pre-Merger,2017-04-01,14.90%,7.65%,54.38%,0.24%,43.37%,9.85%,"1,211.42","1,699.29"
1391,BR-6274,State Bank of Mysore,Jaipur,Semi-Urban,2016,Pre-Merger,2017-04-01,10.12%,6.04%,53.66%,0.46%,35.40%,11.92%,"1,215.38","1,566.11"
1392,BR-5796,State Bank of Bikaner and Jaipur,Delhi NCR,Semi-Urban,2014,Pre-Merger,01/04/2017,5.64%,2.98%,51.76%,0.19%,47.05%,10.40%,601.90,819.50
1393,BR-5444,State Bank of India (Consolidated),Hyderabad,Rural,2021,Post-Merger,2017-04-01,6.72%,2.48%,42.57%,0.72%,45.51%,14.98%,555.10,799.50
1394,BR-7473,State Bank of India (Consolidated),Kolkata,Rural,2020,Post-Merger,01/04/2017,6.08%,1.74%,49.30%,1.03%,46.72%,13.77%,826.62,"1,171.14"
1395,BR-5026,State Bank of India (Consolidated),Lucknow,Semi-Urban,2021,Post-Merger,2017-04-01,7.66%,3.38%,43.43%,1.02%,46.69%,15.92%,"1,277.12","1,741.05"
1396,BR-6691,State Bank of Travancore,Hyderabad,Rural,2017,Pre-Merger,01/04/2017,8.96%,5.23%,59.23%,0.89%,43.32%,14.40%,"1,331.94","1,711.11"
1397,BR-3407,State Bank of Patiala,Bhopal,Metro,2016,Pre-Merger,2017-04-01,11.34%,7.12%,56.57%,0.58%,37.66%,12.00%,667.19,855.91
1398,BR-2186,Bharatiya Mahila Bank,Chennai,Rural,2015,Pre-Merger,2017-04-01,12.83%,7.77%,51.06%,0.74%,45.77%,13.67%,"1,359.72","1,902.57"
1399,BR-2063,State Bank of India (Parent),Bhopal,Urban,2015,Pre-Merger,01/04/2017,2.36%,1.30%,53.18%,0.80%,40.99%,11.92%,"1,374.48","1,724.61"
1400,BR-3367,State Bank of India (Consolidated),Hyderabad,Urban,2018,Post-Merger,2017-04-01,3.77%,1.67%,43.28%,0.85%,47.81%,11.62%,836.70,971.12
1401,BR-3226,State Bank of Bikaner and Jaipur,Delhi NCR,Metro,2014,Pre-Merger,2017-04-01,11.86%,7.07%,50.40%,0.39%,32.87%,11.38%,124.87,175.53
1402,BR-3309,State Bank of India (Consolidated),Chandigarh,Metro,2020,Post-Merger,2017-04-01,7.06%,3.06%,50.33%,0.99%,47.50%,15.77%,598.90,721.37
1403,BR-5499,State Bank of India (Consolidated),Jaipur,Rural,2018,Post-Merger,01/04/2017,5.83%,1.96%,54.01%,0.83%,36.34%,15.70%,"1,321.47","1,869.70"
1404,BR-3439,State Bank of India (Consolidated),Bengaluru,Metro,2019,Post-Merger,2017-04-01,4.54%,1.80%,46.11%,0.74%,50.49%,13.12%,544.28,728.72
1405,BR-7028,State Bank of India (Consolidated),Hyderabad,Semi-Urban,2018,Post-Merger,2017-04-01,3.59%,1.13%,46.27%,1.38%,43.61%,14.91%,"1,119.07","1,559.47"
1406,BR-7547,State Bank of India (Consolidated),Kolkata,Urban,2018,Post-Merger,01/04/2017,8.01%,2.91%,44.73%,0.45%,47.17%,14.36%,333.78,392.09
1407,BR-5841,State Bank of Patiala,Lucknow,Rural,2017,Pre-Merger,2017-04-01,8.74%,5.62%,55.32%,0.42%,40.90%,12.58%,331.97,438.08
1408,BR-1315,State Bank of India (Consolidated),Lucknow,Semi-Urban,2020,Post-Merger,2017-04-01,10.67%,3.02%,55.66%,0.60%,41.69%,13.85%,"1,458.19","1,733.60"
1409,BR-6605,State Bank of India (Consolidated),Delhi NCR,Semi-Urban,2018,Post-Merger,2017-04-01,3.77%,1.56%,45.19%,0.38%,43.69%,12.63%,817.62,"1,104.19"
1410,BR-4816,State Bank of India (Parent),Bhopal,Semi-Urban,2016,Pre-Merger,2017-04-01,7.95%,4.85%,50.29%,1.20%,44.84%,12.75%,"1,290.72","1,550.99"
1411,BR-7054,State Bank of Patiala,Delhi NCR,Urban,2014,Pre-Merger,2017-04-01,7.67%,4.65%,51.85%,-0.16%,45.55%,12.54%,505.57,606.64
1412,BR-9540,State Bank of India (Parent)   ,Delhi NCR,Rural,2014,Pre-Merger,01/04/2017,7.99%,,,1.07%,43.32%,12.13%,"1,106.45","1,547.35"
1413,BR-1907,State Bank of India (Consolidated),Chennai,Rural,2021,Post-Merger,2017-04-01,4.45%,1.48%,51.17%,0.61%,44.69%,14.19%,"1,198.72","1,615.28"
1414,BR-7697,State Bank of India (Consolidated),Bengaluru,Urban,2021,Post-Merger,01/04/2017,7.22%,2.03%,47.39%,0.33%,43.02%,14.93%,166.58,218.83
1415,BR-4181,State Bank of Mysore,Thiruvananthapuram,Metro,2015,Pre-Merger,01/04/2017,9.63%,6.30%,50.57%,-0.01%,41.28%,9.87%,734.70,"1,028.85"
1416,BR-4963,State Bank of India (Consolidated),Chandigarh,Urban,2020,Post-Merger,2017-04-01,4.35%,1.22%,50.00%,1.25%,43.92%,13.59%,"1,315.87","1,678.93"
1417,BR-5297,State Bank of Bikaner and Jaipur,Hyderabad,Semi-Urban,2015,Pre-Merger,2017-04-01,6.97%,4.05%,59.21%,-0.08%,39.71%,13.81%,640.86,861.99
1418,BR-2381,State Bank of Mysore   ,Chandigarh,Semi-Urban,2016,Pre-Merger,01/04/2017,8.33%,,,-0.16%,44.32%,10.40%,323.98,382.71
1419,BR-6439,State Bank of Hyderabad,Chandigarh,Urban,2017,Pre-Merger,2017-04-01,7.99%,5.43%,61.30%,0.21%,40.29%,13.12%,"1,231.86","1,543.62"
1420,BR-9808,State Bank of India (Consolidated),Kolkata,Semi-Urban,2018,Post-Merger,2017-04-01,7.86%,3.15%,43.74%,0.46%,46.41%,14.55%,"1,395.69","1,631.48"
1421,BR-4084,State Bank of India (Consolidated),Thiruvananthapuram,Metro,2019,Post-Merger,01/04/2017,5.45%,2.09%,39.24%,1.09%,45.47%,13.55%,241.39,332.16
1422,BR-5695,State Bank of Mysore,Thiruvananthapuram,Semi-Urban,2014,Pre-Merger,01/04/2017,10.15%,6.23%,62.37%,0.92%,38.99%,12.39%,389.58,560.39
1423,BR-8129,State Bank of India (Consolidated),Kolkata,Semi-Urban,2019,Post-Merger,01/04/2017,7.10%,2.17%,44.64%,0.10%,45.47%,14.18%,"1,068.57","1,255.62"
1424,BR-5224,State Bank of India (Consolidated),Bengaluru,Urban,2020,Post-Merger,2017-04-01,7.45%,2.39%,48.44%,1.26%,45.64%,14.35%,158.64,184.85
1425,BR-1147,State Bank of Hyderabad   ,Kolkata,Semi-Urban,2016,Pre-Merger,01/04/2017,11.46%,7.69%,,0.30%,41.45%,12.78%,"1,447.16","1,912.25"
1426,BR-8391,State Bank of India (Consolidated),Chennai,Semi-Urban,2021,Post-Merger,01/04/2017,7.49%,2.24%,43.88%,0.73%,42.38%,15.59%,"1,208.80","1,449.48"
1427,BR-9527,State Bank of India (Consolidated),Bengaluru,Urban,2020,Post-Merger,01/04/2017,5.76%,2.41%,43.97%,1.09%,42.77%,14.76%,"1,380.06","1,721.18"
1428,BR-8636,State Bank of Bikaner and Jaipur,Thiruvananthapuram,Semi-Urban,2017,Pre-Merger,01/04/2017,6.60%,3.49%,63.20%,0.77%,38.77%,11.50%,"1,019.12","1,315.30"
1429,BR-7771,Bharatiya Mahila Bank,Ahmedabad,Semi-Urban,2017,Pre-Merger,2017-04-01,6.96%,4.64%,49.42%,0.58%,38.81%,12.38%,981.02,"1,352.71"
1430,BR-2759,State Bank of Hyderabad   ,Jaipur,Metro,2016,Pre-Merger,01/04/2017,12.00%,7.25%,55.99%,0.65%,32.47%,14.50%,342.55,425.35
1431,BR-2675,State Bank of India (Consolidated),Chennai,Semi-Urban,2018,Post-Merger,2017-04-01,4.35%,1.54%,44.71%,0.73%,43.20%,14.29%,684.43,828.21
1432,BR-4523,State Bank of India (Parent),Chennai,Urban,2014,Pre-Merger,01/04/2017,9.98%,5.72%,49.36%,0.80%,46.71%,12.20%,773.79,"1,076.84"
1433,BR-9181,State Bank of India (Consolidated)   ,Thiruvananthapuram,Semi-Urban,2021,Post-Merger,01/04/2017,4.57%,1.21%,42.67%,0.62%,38.47%,13.99%,"1,361.48","1,659.18"
1434,BR-9002,State Bank of India (Consolidated),Jaipur,Semi-Urban,2019,Post-Merger,2017-04-01,6.34%,1.64%,49.75%,0.73%,47.02%,13.64%,"1,241.94","1,795.72"
1435,BR-4967,State Bank of India (Consolidated),Ahmedabad,Metro,2020,Post-Merger,2017-04-01,5.90%,2.20%,49.30%,1.22%,41.46%,11.50%,"1,294.76","1,508.46"
1436,BR-5757,State Bank of Travancore,Bhopal,Rural,2016,Pre-Merger,2017-04-01,5.29%,3.18%,56.07%,0.22%,44.76%,13.17%,"1,166.21","1,518.37"
1437,BR-8043,State Bank of India (Consolidated),Bengaluru,Urban,2021,Post-Merger,01/04/2017,7.63%,2.71%,46.32%,0.89%,48.83%,13.60%,474.61,617.29
1438,BR-7238,State Bank of India (Consolidated),Lucknow,Metro,2018,Post-Merger,2017-04-01,6.06%,1.90%,51.65%,0.41%,43.07%,14.79%,"1,101.21","1,487.24"
1439,BR-7500,Bharatiya Mahila Bank,Thiruvananthapuram,Urban,2017,Pre-Merger,2017-04-01,13.17%,7.88%,50.47%,-0.02%,39.94%,12.93%,476.21,568.26
1440,BR-8939,State Bank of India (Parent),Hyderabad,Urban,2014,Pre-Merger,2017-04-01,7.66%,4.70%,52.90%,0.57%,41.22%,13.04%,"1,390.56","1,685.80"
1441,BR-7452,State Bank of India (Consolidated),Bengaluru,Rural,2018,Post-Merger,2017-04-01,7.56%,2.46%,47.16%,0.96%,40.84%,12.90%,770.99,"1,108.58"
1442,BR-9479,State Bank of India (Consolidated),Bengaluru,Semi-Urban,2021,Post-Merger,2017-04-01,9.77%,2.74%,44.24%,0.69%,43.93%,15.16%,703.83,877.79
1443,BR-2730,State Bank of Bikaner and Jaipur,Bengaluru,Metro,2017,Pre-Merger,2017-04-01,11.00%,7.18%,56.16%,0.32%,46.65%,13.43%,776.09,949.87
1444,BR-3846,State Bank of Patiala,Bengaluru,Rural,2014,Pre-Merger,2017-04-01,8.52%,4.58%,59.05%,0.90%,39.96%,10.81%,960.88,"1,112.53"
1445,BR-8647,State Bank of Travancore   ,Mumbai Metro,Semi-Urban,2016,Pre-Merger,01/04/2017,12.03%,,,1.20%,44.26%,12.11%,"1,487.60","1,914.01"
1446,BR-5492,State Bank of India (Consolidated),Bengaluru,Metro,2020,Post-Merger,2017-04-01,6.40%,2.81%,51.06%,1.00%,47.45%,13.12%,957.63,"1,127.58"
1447,BR-4392,State Bank of India (Consolidated),Bhopal,Semi-Urban,2020,Post-Merger,2017-04-01,7.28%,2.85%,39.37%,0.84%,52.45%,11.50%,"1,303.91","1,628.92"
1448,BR-7941,State Bank of India (Consolidated),Bengaluru,Rural,2019,Post-Merger,2017-04-01,4.35%,1.83%,39.44%,0.94%,42.84%,15.15%,"1,345.96","1,576.70"
1449,BR-8098,State Bank of India (Consolidated),Delhi NCR,Urban,2018,Post-Merger,01/04/2017,6.47%,1.64%,54.06%,0.87%,44.98%,14.12%,"1,283.50","1,807.93"
1450,BR-8728,State Bank of India (Consolidated),Lucknow,Metro,2019,Post-Merger,2017-04-01,3.02%,0.96%,51.87%,1.00%,51.17%,13.86%,"1,396.21","1,917.27"
1451,BR-7462,State Bank of Bikaner and Jaipur,Chandigarh,Semi-Urban,2016,Pre-Merger,01/04/2017,8.61%,4.49%,63.32%,-0.16%,41.96%,12.28%,"1,176.14","1,397.29"
1452,BR-7487,State Bank of India (Consolidated),Mumbai Metro,Rural,2018,Post-Merger,2017-04-01,8.09%,2.41%,40.13%,0.51%,46.35%,14.49%,968.76,"1,212.32"
1453,BR-4494,State Bank of India (Consolidated),Ahmedabad,Metro,2019,Post-Merger,2017-04-01,7.22%,2.63%,50.22%,1.17%,42.55%,14.86%,"1,222.46","1,707.34"
1454,BR-8114,State Bank of India (Consolidated),Lucknow,Semi-Urban,2020,Post-Merger,2017-04-01,4.64%,1.27%,52.15%,0.70%,42.96%,15.00%,295.40,374.21
1455,BR-3704,Bharatiya Mahila Bank   ,Thiruvananthapuram,Semi-Urban,2017,Pre-Merger,01/04/2017,10.44%,6.52%,50.19%,0.36%,42.69%,11.91%,679.69,833.30
1456,BR-1394,State Bank of India (Consolidated),Chandigarh,Metro,2021,Post-Merger,2017-04-01,8.22%,2.66%,57.54%,0.63%,39.31%,12.01%,308.79,378.96
1457,BR-9903,State Bank of Bikaner and Jaipur,Bengaluru,Semi-Urban,2014,Pre-Merger,01/04/2017,10.76%,6.58%,57.54%,0.86%,43.14%,12.56%,"1,343.81","1,761.22"
1458,BR-9704,State Bank of India (Consolidated),Lucknow,Rural,2021,Post-Merger,01/04/2017,7.54%,1.95%,49.36%,0.73%,52.35%,15.12%,"1,314.86","1,818.15"
1459,BR-1275,State Bank of India (Consolidated),Kolkata,Semi-Urban,2020,Post-Merger,2017-04-01,5.62%,1.84%,42.96%,0.59%,47.08%,12.12%,902.70,"1,053.98"
1460,BR-1151,State Bank of India (Parent),Bengaluru,Semi-Urban,2015,Pre-Merger,2017-04-01,8.13%,5.23%,53.90%,-0.17%,38.81%,12.49%,"1,341.44","1,908.67"
1461,BR-7609,State Bank of Mysore,Kolkata,Metro,2015,Pre-Merger,2017-04-01,11.30%,7.49%,48.32%,-0.35%,38.62%,11.51%,440.32,519.66
1462,BR-6193,State Bank of Bikaner and Jaipur,Ahmedabad,Semi-Urban,2015,Pre-Merger,01/04/2017,11.49%,6.78%,46.16%,0.59%,45.73%,13.70%,900.51,"1,066.32"
1463,BR-4537,State Bank of India (Consolidated),Kolkata,Semi-Urban,2020,Post-Merger,2017-04-01,3.99%,1.09%,47.14%,0.58%,48.01%,16.38%,305.59,419.02
1464,BR-6082,State Bank of Patiala,Ahmedabad,Semi-Urban,2015,Pre-Merger,2017-04-01,7.09%,4.17%,54.44%,0.45%,41.79%,11.69%,146.23,179.15
1465,BR-8392,State Bank of India (Consolidated),Kolkata,Rural,2020,Post-Merger,2017-04-01,6.40%,2.31%,46.07%,0.78%,44.88%,12.21%,"1,175.19","1,668.59"
1466,BR-3291,State Bank of Bikaner and Jaipur,Chennai,Semi-Urban,2016,Pre-Merger,2017-04-01,7.22%,4.49%,53.66%,-0.16%,40.62%,12.93%,"1,479.27","1,726.38"
1467,BR-8766,Bharatiya Mahila Bank,Hyderabad,Metro,2015,Pre-Merger,2017-04-01,6.31%,4.18%,58.40%,1.13%,39.84%,13.36%,984.01,"1,173.25"
1468,BR-1741,State Bank of India (Consolidated),Chandigarh,Metro,2020,Post-Merger,01/04/2017,5.27%,1.50%,41.76%,1.60%,39.71%,14.11%,"1,052.93","1,433.33"
1469,BR-6973,State Bank of India (Consolidated),Delhi NCR,Rural,2021,Post-Merger,2017-04-01,5.90%,2.26%,50.46%,0.85%,39.20%,12.49%,430.70,548.15
1470,BR-4334,State Bank of India (Consolidated),Mumbai Metro,Metro,2021,Post-Merger,2017-04-01,3.77%,1.30%,50.12%,0.92%,47.42%,15.46%,"1,283.23","1,626.16"
1471,BR-5780,State Bank of Patiala,Bhopal,Metro,2014,Pre-Merger,2017-04-01,6.26%,3.21%,49.08%,1.20%,46.22%,12.37%,760.95,931.13
1472,BR-8299,State Bank of India (Parent),Chennai,Urban,2014,Pre-Merger,2017-04-01,7.76%,4.15%,68.00%,1.20%,44.37%,10.85%,"1,421.82","1,827.13"
1473,BR-3471,State Bank of India (Consolidated),Lucknow,Urban,2018,Post-Merger,2017-04-01,8.93%,3.24%,44.28%,0.43%,49.78%,14.15%,797.19,949.54
1474,BR-8501,State Bank of India (Consolidated),Lucknow,Metro,2018,Post-Merger,2017-04-01,3.36%,1.05%,47.94%,0.78%,43.75%,14.34%,247.16,352.16
1475,BR-1782,State Bank of India (Consolidated)   ,Jaipur,Urban,2020,Post-Merger,01/04/2017,4.95%,2.20%,47.22%,0.85%,53.00%,15.15%,597.12,812.53
1476,BR-4919,State Bank of Bikaner and Jaipur,Delhi NCR,Urban,2014,Pre-Merger,2017-04-01,5.76%,3.29%,54.15%,0.69%,44.60%,13.61%,314.50,455.19
1477,BR-3620,State Bank of India (Consolidated),Jaipur,Semi-Urban,2018,Post-Merger,01/04/2017,9.43%,3.95%,48.21%,0.56%,43.72%,13.34%,485.85,603.12
1478,BR-4963,State Bank of India (Consolidated),Kolkata,Rural,2021,Post-Merger,2017-04-01,4.04%,1.34%,45.80%,1.30%,45.52%,15.06%,573.78,827.09
1479,BR-9995,State Bank of Bikaner and Jaipur,Bengaluru,Semi-Urban,2017,Pre-Merger,2017-04-01,12.23%,6.95%,44.40%,0.02%,32.37%,11.30%,870.38,"1,220.99"
1480,BR-7413,State Bank of Mysore,Bengaluru,Semi-Urban,2015,Pre-Merger,2017-04-01,7.98%,5.19%,56.96%,0.53%,39.64%,11.04%,739.04,915.89
1481,BR-6515,State Bank of Hyderabad,Chennai,Rural,2016,Pre-Merger,01/04/2017,7.47%,4.48%,47.99%,0.45%,43.07%,12.19%,"1,412.66","1,857.37"
1482,BR-3365,State Bank of India (Consolidated),Chandigarh,Urban,2021,Post-Merger,2017-04-01,6.63%,2.61%,45.98%,0.59%,42.23%,13.35%,263.28,321.20
1483,BR-4389,State Bank of Patiala,Bhopal,Semi-Urban,2016,Pre-Merger,2017-04-01,7.73%,4.96%,53.71%,0.62%,42.07%,11.92%,341.97,431.35
1484,BR-4532,State Bank of India (Consolidated),Bhopal,Rural,2021,Post-Merger,01/04/2017,2.93%,0.93%,50.85%,0.75%,40.58%,12.08%,943.93,"1,298.75"
1485,BR-1656,State Bank of India (Consolidated),Delhi NCR,Metro,2021,Post-Merger,2017-04-01,10.93%,4.33%,51.13%,0.94%,49.14%,11.69%,275.79,396.47
1486,BR-1110,State Bank of India (Parent),Jaipur,Semi-Urban,2017,Pre-Merger,2017-04-01,13.05%,8.56%,54.11%,0.02%,40.84%,12.48%,"1,429.55","1,659.17"
1487,BR-9218,State Bank of India (Parent),Delhi NCR,Semi-Urban,2016,Pre-Merger,2017-04-01,8.71%,5.33%,58.52%,0.10%,39.04%,12.21%,782.43,940.86
1488,BR-7971,State Bank of Travancore   ,Bhopal,Semi-Urban,2015,Pre-Merger,01/04/2017,5.76%,2.91%,,0.12%,44.31%,12.94%,393.38,528.93
1489,BR-4405,State Bank of Mysore,Mumbai Metro,Metro,2015,Pre-Merger,01/04/2017,15.49%,8.66%,54.95%,1.20%,44.30%,11.61%,"1,342.67","1,669.72"
1490,BR-8389,State Bank of Bikaner and Jaipur,Bengaluru,Metro,2014,Pre-Merger,2017-04-01,15.23%,10.35%,53.23%,0.19%,45.79%,12.96%,782.19,"1,132.15"
1491,BR-3477,State Bank of India (Consolidated),Lucknow,Urban,2021,Post-Merger,01/04/2017,7.43%,2.69%,46.84%,0.74%,43.63%,14.66%,930.86,"1,248.00"
1492,BR-7446,State Bank of Patiala   ,Bhopal,Metro,2017,Pre-Merger,01/04/2017,9.53%,6.32%,51.53%,0.78%,40.91%,12.29%,320.08,416.06
1493,BR-5022,State Bank of Hyderabad,Jaipur,Rural,2014,Pre-Merger,2017-04-01,12.80%,8.15%,52.38%,0.88%,37.40%,10.14%,308.03,437.02
1494,BR-9048,Bharatiya Mahila Bank,Kolkata,Rural,2016,Pre-Merger,2017-04-01,11.45%,7.34%,52.73%,0.39%,39.34%,12.66%,158.96,223.36
1495,BR-4868,State Bank of Hyderabad,Mumbai Metro,Rural,2015,Pre-Merger,2017-04-01,12.00%,6.78%,52.66%,-0.09%,40.96%,13.22%,"1,125.49","1,376.30"
1496,BR-7020,State Bank of Hyderabad,Jaipur,Metro,2014,Pre-Merger,2017-04-01,6.04%,3.65%,59.95%,0.32%,45.58%,12.80%,"1,196.64","1,444.72"
1497,BR-5378,State Bank of India (Parent),Ahmedabad,Metro,2015,Pre-Merger,2017-04-01,12.31%,8.01%,55.27%,0.68%,38.34%,11.37%,"1,386.47","1,973.38"
1498,BR-3495,State Bank of India (Consolidated),Mumbai Metro,Semi-Urban,2020,Post-Merger,01/04/2017,4.05%,1.48%,41.16%,0.57%,43.55%,14.85%,294.76,351.76
1499,BR-6738,State Bank of India (Consolidated)   ,Mumbai Metro,Metro,2021,Post-Merger,01/04/2017,8.78%,,,1.13%,42.31%,13.87%,"1,360.33","1,787.06"
1500,BR-6544,State Bank of Bikaner and Jaipur,Lucknow,Metro,2015,Pre-Merger,2017-04-01,9.91%,5.70%,58.76%,0.28%,39.47%,12.52%,946.64,"1,371.47"
1501,BR-2547,State Bank of India (Consolidated),Jaipur,Urban,2020,Post-Merger,2017-04-01,3.78%,1.37%,53.62%,1.02%,41.24%,13.81%,759.78,914.24
1502,BR-3057,State Bank of India (Parent),Hyderabad,Rural,2015,Pre-Merger,2017-04-01,4.69%,2.82%,54.57%,-0.05%,43.32%,9.78%,680.00,839.98
1503,BR-2035,State Bank of Hyderabad   ,Bhopal,Urban,2017,Pre-Merger,01/04/2017,2.10%,,,-0.88%,37.44%,12.71%,201.82,251.92
1504,BR-9390,State Bank of India (Parent),Jaipur,Metro,2014,Pre-Merger,01/04/2017,10.37%,6.51%,54.67%,0.96%,36.29%,12.51%,393.32,480.07
1505,BR-8283,State Bank of India (Consolidated),Chandigarh,Metro,2021,Post-Merger,2017-04-01,5.87%,1.89%,50.92%,0.98%,49.10%,13.96%,"1,048.69","1,386.48"
1506,BR-2371,State Bank of India (Parent),Bengaluru,Urban,2016,Pre-Merger,2017-04-01,8.66%,4.85%,57.86%,0.92%,45.20%,12.56%,480.54,680.21
1507,BR-9072,State Bank of India (Consolidated),Delhi NCR,Metro,2018,Post-Merger,2017-04-01,5.16%,1.62%,43.82%,0.65%,48.52%,14.50%,"1,495.17","1,823.65"
1508,BR-3156,State Bank of Bikaner and Jaipur,Bengaluru,Rural,2017,Pre-Merger,01/04/2017,7.04%,3.82%,51.94%,0.93%,35.21%,11.60%,"1,344.88","1,915.60"
1509,BR-3058,State Bank of India (Consolidated),Kolkata,Urban,2021,Post-Merger,2017-04-01,3.09%,1.35%,42.94%,0.75%,49.29%,15.71%,526.59,624.44
1510,BR-6939,State Bank of India (Consolidated),Chennai,Semi-Urban,2019,Post-Merger,01/04/2017,4.13%,1.52%,51.60%,1.18%,47.84%,12.74%,"1,351.11","1,831.57"
1511,BR-8310,State Bank of India (Consolidated),Ahmedabad,Urban,2018,Post-Merger,01/04/2017,6.17%,2.18%,45.12%,1.05%,48.07%,15.71%,217.00,254.09
1512,BR-1882,State Bank of Travancore   ,Chennai,Urban,2015,Pre-Merger,01/04/2017,12.69%,7.65%,48.49%,1.20%,42.23%,12.71%,927.67,"1,069.81"
1513,BR-9071,State Bank of India (Consolidated),Chandigarh,Urban,2019,Post-Merger,2017-04-01,9.59%,2.53%,47.03%,0.50%,49.76%,13.10%,288.54,347.90
1514,BR-4459,State Bank of Mysore,Thiruvananthapuram,Metro,2015,Pre-Merger,01/04/2017,8.76%,4.51%,52.22%,1.20%,47.03%,11.93%,354.12,466.98
1515,BR-7795,State Bank of Mysore,Hyderabad,Metro,2015,Pre-Merger,01/04/2017,15.10%,8.95%,54.21%,0.48%,39.45%,13.89%,"1,147.90","1,373.72"
1516,BR-8230,State Bank of Bikaner and Jaipur,Jaipur,Urban,2014,Pre-Merger,2017-04-01,11.20%,7.61%,61.95%,0.05%,37.05%,12.91%,163.08,214.25
1517,BR-5864,State Bank of India (Consolidated),Hyderabad,Semi-Urban,2018,Post-Merger,2017-04-01,5.87%,1.66%,48.62%,0.68%,43.73%,14.85%,504.81,626.78
1518,BR-8691,State Bank of India (Consolidated)   ,Bhopal,Metro,2018,Post-Merger,01/04/2017,6.09%,2.49%,49.55%,1.01%,39.14%,14.35%,"1,229.41","1,482.46"
1519,BR-3427,State Bank of Mysore,Mumbai Metro,Rural,2015,Pre-Merger,2017-04-01,6.62%,3.43%,62.58%,0.36%,44.54%,13.97%,353.76,420.89
1520,BR-4841,State Bank of India (Consolidated),Jaipur,Urban,2019,Post-Merger,2017-04-01,2.70%,1.16%,41.33%,1.60%,46.43%,14.23%,239.32,335.06
1521,BR-8562,State Bank of India (Consolidated),Ahmedabad,Semi-Urban,2019,Post-Merger,2017-04-01,2.16%,0.97%,42.40%,0.23%,50.15%,13.03%,"1,246.18","1,569.14"
1522,BR-1760,State Bank of India (Consolidated),Chandigarh,Metro,2019,Post-Merger,2017-04-01,8.65%,2.99%,47.01%,0.76%,49.63%,15.60%,928.71,"1,124.55"
1523,BR-8541,State Bank of India (Parent),Ahmedabad,Metro,2015,Pre-Merger,2017-04-01,12.02%,8.01%,48.08%,0.35%,37.31%,9.69%,"1,266.54","1,601.15"
1524,BR-4957,State Bank of India (Consolidated),Jaipur,Urban,2018,Post-Merger,2017-04-01,3.79%,1.26%,43.81%,1.01%,50.25%,15.38%,442.39,588.45
1525,BR-4865,State Bank of India (Consolidated),Delhi NCR,Urban,2020,Post-Merger,2017-04-01,6.35%,2.13%,47.43%,0.51%,37.42%,14.22%,546.75,648.68
1526,BR-8116,State Bank of Patiala,Bengaluru,Rural,2017,Pre-Merger,2017-04-01,7.28%,4.20%,54.38%,-1.53%,39.23%,14.48%,"1,054.37","1,316.65"
1527,BR-5969,State Bank of India (Parent),Mumbai Metro,Semi-Urban,2014,Pre-Merger,2017-04-01,9.08%,5.84%,47.31%,-0.11%,43.20%,12.67%,499.13,637.24
1528,BR-4254,State Bank of Bikaner and Jaipur,Chandigarh,Metro,2014,Pre-Merger,2017-04-01,5.03%,2.85%,44.15%,1.20%,42.33%,12.93%,"1,356.09","1,848.00"
1529,BR-7534,State Bank of India (Parent),Chandigarh,Rural,2014,Pre-Merger,2017-04-01,10.36%,6.27%,50.75%,-0.83%,40.74%,10.60%,685.13,858.15
1530,BR-6834,State Bank of India (Parent),Ahmedabad,Rural,2015,Pre-Merger,2017-04-01,6.40%,3.63%,50.70%,0.22%,38.34%,13.62%,"1,329.34","1,898.41"
1531,BR-4255,State Bank of India (Consolidated),Mumbai Metro,Metro,2020,Post-Merger,2017-04-01,1.50%,0.53%,48.89%,1.15%,40.22%,14.38%,470.99,544.13
1532,BR-2949,State Bank of Mysore,Ahmedabad,Rural,2014,Pre-Merger,2017-04-01,7.32%,4.84%,61.25%,0.19%,39.79%,11.88%,825.21,"1,096.62"
1533,BR-9516,State Bank of Hyderabad,Chandigarh,Metro,2016,Pre-Merger,01/04/2017,8.01%,4.10%,51.70%,0.38%,47.71%,12.57%,583.02,816.91
1534,BR-7935,State Bank of India (Consolidated),Jaipur,Semi-Urban,2018,Post-Merger,01/04/2017,2.96%,1.27%,48.57%,0.14%,49.24%,13.25%,"1,401.07","1,762.05"
1535,BR-4463,State Bank of Travancore,Bengaluru,Metro,2017,Pre-Merger,2017-04-01,6.67%,4.13%,61.57%,-0.59%,41.75%,12.69%,"1,217.53","1,744.60"
1536,BR-4518,State Bank of India (Consolidated),Delhi NCR,Urban,2020,Post-Merger,2017-04-01,7.27%,3.11%,47.30%,0.85%,47.27%,14.56%,"1,075.39","1,250.94"
1537,BR-7812,State Bank of India (Consolidated),Bhopal,Rural,2019,Post-Merger,01/04/2017,6.80%,1.77%,52.84%,0.63%,42.44%,16.31%,914.63,"1,084.10"
1538,BR-7476,State Bank of India (Consolidated),Chandigarh,Semi-Urban,2018,Post-Merger,01/04/2017,8.60%,3.48%,44.04%,1.25%,52.65%,14.83%,960.89,"1,308.25"
1539,BR-9714,State Bank of India (Parent),Delhi NCR,Rural,2014,Pre-Merger,2017-04-01,11.87%,7.46%,54.41%,0.83%,41.01%,12.96%,523.43,644.33
1540,BR-1524,State Bank of India (Consolidated)   ,Hyderabad,Urban,2020,Post-Merger,01/04/2017,4.88%,1.23%,44.84%,0.88%,46.64%,13.48%,464.16,621.32
1541,BR-5002,State Bank of India (Consolidated),Bengaluru,Urban,2019,Post-Merger,2017-04-01,3.68%,1.46%,47.37%,0.21%,41.80%,13.50%,535.90,774.13
1542,BR-9432,State Bank of India (Consolidated),Ahmedabad,Rural,2018,Post-Merger,2017-04-01,4.99%,1.58%,48.80%,0.67%,44.51%,14.94%,583.82,772.91
1543,BR-8847,State Bank of India (Consolidated),Thiruvananthapuram,Semi-Urban,2020,Post-Merger,2017-04-01,7.62%,2.27%,44.07%,1.07%,47.78%,15.10%,"1,233.19","1,550.83"
1544,BR-5037,State Bank of India (Parent),Ahmedabad,Rural,2016,Pre-Merger,2017-04-01,6.69%,3.60%,53.30%,-0.17%,36.82%,13.02%,"1,172.75","1,396.30"
1545,BR-9672,State Bank of Hyderabad,Bengaluru,Semi-Urban,2014,Pre-Merger,2017-04-01,11.19%,6.43%,55.91%,1.20%,42.35%,12.86%,"1,362.23","1,633.47"
1546,BR-4620,State Bank of India (Consolidated),Bengaluru,Rural,2021,Post-Merger,01/04/2017,4.05%,1.52%,43.12%,1.19%,46.23%,15.69%,"1,313.98","1,811.96"
1547,BR-2817,State Bank of India (Consolidated),Chennai,Semi-Urban,2018,Post-Merger,2017-04-01,5.62%,1.58%,46.17%,1.35%,46.28%,15.32%,"1,029.58","1,408.95"
1548,BR-3468,State Bank of Mysore,Ahmedabad,Semi-Urban,2017,Pre-Merger,2017-04-01,7.23%,4.67%,56.33%,0.13%,38.52%,12.24%,"1,495.99","2,054.70"
1549,BR-8000,State Bank of Patiala,Ahmedabad,Semi-Urban,2016,Pre-Merger,2017-04-01,14.14%,9.00%,60.91%,0.76%,36.36%,11.46%,367.04,509.53
1550,BR-1033,State Bank of India (Parent),Jaipur,Metro,2014,Pre-Merger,2017-04-01,9.26%,5.18%,49.30%,-0.37%,42.43%,14.42%,627.30,749.45
1551,BR-5263,State Bank of India (Consolidated),Chennai,Metro,2020,Post-Merger,01/04/2017,2.25%,0.82%,47.57%,0.90%,43.70%,12.97%,941.08,"1,224.34"
1552,BR-7453,State Bank of India (Parent),Ahmedabad,Semi-Urban,2015,Pre-Merger,01/04/2017,12.05%,7.12%,52.42%,0.84%,43.01%,11.86%,512.86,690.03
1553,BR-7905,State Bank of Bikaner and Jaipur   ,Jaipur,Urban,2016,Pre-Merger,01/04/2017,8.10%,5.38%,,-0.07%,48.59%,13.92%,"1,177.71","1,679.38"
1554,BR-4303,State Bank of India (Consolidated),Bengaluru,Urban,2021,Post-Merger,01/04/2017,6.79%,2.47%,47.76%,0.45%,48.30%,14.51%,179.52,222.37
1555,BR-3006,State Bank of India (Consolidated),Ahmedabad,Urban,2019,Post-Merger,2017-04-01,8.51%,2.83%,45.64%,0.80%,52.26%,14.99%,199.58,260.94
1556,BR-8670,State Bank of Travancore,Mumbai Metro,Metro,2017,Pre-Merger,2017-04-01,7.74%,5.19%,55.29%,-0.05%,41.48%,11.79%,247.14,354.38
1557,BR-3293,State Bank of Hyderabad   ,Jaipur,Urban,2016,Pre-Merger,01/04/2017,17.84%,11.10%,53.99%,0.53%,42.68%,13.56%,"1,481.43","1,837.05"
1558,BR-3589,State Bank of India (Consolidated),Hyderabad,Semi-Urban,2019,Post-Merger,01/04/2017,6.45%,1.76%,44.59%,0.74%,36.35%,14.07%,"1,368.96","1,629.09"
1559,BR-1574,State Bank of India (Consolidated),Hyderabad,Semi-Urban,2018,Post-Merger,01/04/2017,10.32%,4.52%,49.36%,0.58%,41.83%,15.20%,819.63,"1,182.92"
1560,BR-9886,State Bank of India (Consolidated),Thiruvananthapuram,Urban,2018,Post-Merger,2017-04-01,5.85%,2.40%,47.09%,0.32%,49.25%,15.69%,933.60,"1,332.66"
1561,BR-6601,State Bank of India (Consolidated),Bengaluru,Semi-Urban,2018,Post-Merger,2017-04-01,7.12%,2.15%,42.31%,0.72%,40.74%,12.41%,506.98,676.35
1562,BR-9428,State Bank of Hyderabad,Thiruvananthapuram,Urban,2014,Pre-Merger,2017-04-01,11.83%,7.10%,50.85%,-1.05%,42.91%,10.78%,"1,157.72","1,480.63"
1563,BR-8214,State Bank of India (Parent),Thiruvananthapuram,Metro,2016,Pre-Merger,2017-04-01,10.54%,6.31%,53.79%,-0.84%,35.00%,11.88%,"1,300.02","1,615.61"
1564,BR-8928,State Bank of India (Consolidated)   ,Jaipur,Metro,2018,Post-Merger,01/04/2017,7.50%,1.94%,47.70%,0.59%,50.34%,15.53%,608.07,846.30
1565,BR-1026,State Bank of India (Consolidated),Chennai,Urban,2019,Post-Merger,2017-04-01,5.61%,1.95%,44.89%,1.10%,43.03%,15.25%,352.84,429.13
1566,BR-2778,State Bank of India (Consolidated),Jaipur,Rural,2020,Post-Merger,2017-04-01,9.08%,3.02%,44.44%,1.10%,46.64%,12.59%,953.32,"1,131.09"
1567,BR-8425,State Bank of India (Consolidated)   ,Bengaluru,Urban,2019,Post-Merger,01/04/2017,6.87%,2.30%,51.27%,0.87%,45.57%,13.07%,"1,254.63","1,732.26"
1568,BR-9575,State Bank of Travancore,Hyderabad,Metro,2016,Pre-Merger,2017-04-01,13.57%,8.31%,53.67%,0.75%,39.73%,11.82%,"1,031.16","1,311.90"
1569,BR-3430,State Bank of India (Consolidated),Delhi NCR,Rural,2019,Post-Merger,2017-04-01,3.97%,1.55%,44.49%,0.91%,48.98%,14.83%,804.81,"1,017.57"
1570,BR-8048,State Bank of Travancore,Jaipur,Semi-Urban,2016,Pre-Merger,2017-04-01,8.48%,4.34%,55.54%,-0.20%,38.91%,9.86%,545.87,694.03
1571,BR-1829,State Bank of India (Parent),Chandigarh,Urban,2015,Pre-Merger,2017-04-01,13.41%,7.85%,61.82%,-0.06%,34.74%,12.86%,"1,129.11","1,552.47"
1572,BR-5365,State Bank of Patiala,Jaipur,Urban,2017,Pre-Merger,2017-04-01,12.06%,7.71%,54.86%,1.17%,39.96%,12.88%,302.47,412.15
1573,BR-6613,State Bank of India (Consolidated),Delhi NCR,Urban,2020,Post-Merger,01/04/2017,5.94%,2.66%,45.54%,0.65%,53.70%,14.07%,"1,381.90","1,905.02"
1574,BR-4574,State Bank of Travancore,Kolkata,Urban,2017,Pre-Merger,2017-04-01,10.54%,5.95%,51.22%,0.58%,41.14%,12.37%,791.11,"1,000.49"
1575,BR-6498,State Bank of India (Consolidated),Hyderabad,Semi-Urban,2021,Post-Merger,2017-04-01,3.32%,1.05%,43.66%,1.12%,44.96%,15.14%,749.19,861.98
1576,BR-3394,State Bank of Hyderabad   ,Delhi NCR,Metro,2017,Pre-Merger,01/04/2017,13.66%,9.22%,51.34%,0.29%,41.76%,13.34%,626.84,742.07
1577,BR-1893,State Bank of Patiala,Jaipur,Urban,2015,Pre-Merger,2017-04-01,10.35%,5.61%,51.21%,0.71%,39.51%,12.47%,649.78,784.44
1578,BR-6953,Bharatiya Mahila Bank,Hyderabad,Urban,2014,Pre-Merger,2017-04-01,6.86%,3.59%,53.88%,0.35%,37.57%,11.90%,670.99,930.67
1579,BR-1351,State Bank of India (Consolidated),Thiruvananthapuram,Metro,2018,Post-Merger,01/04/2017,7.97%,2.48%,48.15%,0.87%,49.95%,12.81%,592.82,792.49
1580,BR-2190,State Bank of Patiala,Lucknow,Metro,2017,Pre-Merger,2017-04-01,6.46%,3.59%,61.74%,0.68%,38.35%,12.03%,405.44,573.67
1581,BR-2042,State Bank of India (Consolidated),Chandigarh,Semi-Urban,2018,Post-Merger,01/04/2017,8.97%,2.62%,46.87%,0.87%,40.72%,13.74%,"1,016.66","1,269.85"
1582,BR-6804,State Bank of Bikaner and Jaipur,Thiruvananthapuram,Semi-Urban,2017,Pre-Merger,2017-04-01,7.13%,4.37%,57.27%,-0.02%,37.45%,10.35%,"1,227.93","1,631.35"
1583,BR-2946,State Bank of India (Consolidated)   ,Thiruvananthapuram,Urban,2019,Post-Merger,01/04/2017,9.31%,,,1.17%,45.14%,14.42%,553.12,700.26
1584,BR-4075,State Bank of India (Parent)   ,Mumbai Metro,Metro,2017,Pre-Merger,01/04/2017,7.55%,4.61%,45.33%,0.39%,43.53%,11.45%,"1,215.60","1,475.90"
1585,BR-4949,State Bank of Bikaner and Jaipur,Chandigarh,Urban,2017,Pre-Merger,2017-04-01,10.04%,6.24%,55.57%,1.20%,46.84%,12.36%,628.22,805.86
1586,BR-1337,State Bank of India (Consolidated),Mumbai Metro,Metro,2018,Post-Merger,2017-04-01,3.70%,1.58%,48.25%,1.03%,51.11%,15.16%,108.94,152.86
1587,BR-6117,State Bank of Bikaner and Jaipur,Lucknow,Semi-Urban,2017,Pre-Merger,01/04/2017,10.96%,6.68%,60.32%,0.00%,36.56%,12.14%,"1,268.75","1,580.10"
1588,BR-1587,State Bank of India (Parent),Lucknow,Semi-Urban,2017,Pre-Merger,2017-04-01,13.49%,9.11%,61.54%,0.75%,40.60%,12.73%,115.91,154.26
1589,BR-6643,State Bank of India (Parent),Lucknow,Semi-Urban,2014,Pre-Merger,01/04/2017,2.10%,1.32%,52.18%,-0.31%,43.03%,11.47%,334.11,450.10
1590,BR-6101,State Bank of India (Consolidated),Chandigarh,Semi-Urban,2021,Post-Merger,2017-04-01,4.42%,1.86%,49.08%,0.48%,45.75%,14.46%,323.34,468.43
1591,BR-7606,State Bank of India (Consolidated),Delhi NCR,Semi-Urban,2019,Post-Merger,01/04/2017,2.77%,1.02%,47.10%,0.30%,44.21%,16.29%,180.70,225.88
1592,BR-7090,State Bank of India (Consolidated),Hyderabad,Semi-Urban,2021,Post-Merger,2017-04-01,4.28%,1.12%,52.52%,0.94%,42.69%,17.40%,143.71,189.49
1593,BR-8224,State Bank of India (Consolidated),Chennai,Semi-Urban,2019,Post-Merger,2017-04-01,3.99%,1.47%,45.76%,0.97%,44.52%,11.98%,915.74,"1,090.73"
1594,BR-1704,State Bank of India (Consolidated),Chennai,Rural,2018,Post-Merger,01/04/2017,4.95%,1.25%,49.54%,0.83%,50.12%,14.71%,"1,035.36","1,345.17"
1595,BR-1269,State Bank of India (Consolidated),Delhi NCR,Semi-Urban,2018,Post-Merger,2017-04-01,4.30%,1.51%,53.42%,0.57%,47.13%,16.14%,353.42,488.17
1596,BR-4844,State Bank of India (Consolidated),Bhopal,Metro,2021,Post-Merger,2017-04-01,5.68%,1.62%,46.67%,0.10%,43.93%,15.12%,"1,448.92","1,965.90"
1597,BR-6335,State Bank of India (Consolidated),Thiruvananthapuram,Urban,2021,Post-Merger,2017-04-01,4.70%,1.33%,41.74%,0.58%,49.56%,13.78%,894.70,"1,115.19"
1598,BR-8921,State Bank of Travancore,Chandigarh,Urban,2017,Pre-Merger,2017-04-01,11.50%,7.00%,50.49%,1.20%,44.50%,12.72%,932.78,"1,110.30"
1599,BR-3568,State Bank of Hyderabad,Delhi NCR,Semi-Urban,2015,Pre-Merger,01/04/2017,9.23%,5.89%,50.66%,1.07%,37.44%,9.50%,"1,234.56","1,703.71"
1600,BR-9228,State Bank of India (Consolidated),Kolkata,Semi-Urban,2019,Post-Merger,2017-04-01,7.18%,2.04%,50.49%,1.07%,45.93%,12.48%,"1,464.80","1,943.54"
1601,BR-7595,State Bank of India (Parent),Chandigarh,Semi-Urban,2015,Pre-Merger,01/04/2017,14.82%,8.18%,47.06%,0.25%,41.68%,11.21%,654.86,760.88
1602,BR-3947,State Bank of Hyderabad,Lucknow,Semi-Urban,2017,Pre-Merger,01/04/2017,8.78%,4.82%,60.18%,1.20%,44.70%,11.63%,854.81,"1,068.24"
1603,BR-7883,State Bank of Hyderabad   ,Bengaluru,Metro,2017,Pre-Merger,01/04/2017,12.35%,6.81%,55.07%,0.10%,37.08%,11.08%,698.46,"1,005.64"
1604,BR-8084,State Bank of India (Consolidated),Chennai,Urban,2018,Post-Merger,2017-04-01,6.43%,1.99%,49.52%,0.80%,41.57%,12.77%,765.53,998.71
1605,BR-6181,State Bank of India (Consolidated),Chennai,Rural,2018,Post-Merger,2017-04-01,6.54%,1.91%,46.76%,0.50%,48.16%,14.10%,"1,430.51","1,861.82"
1606,BR-9915,State Bank of India (Consolidated),Jaipur,Semi-Urban,2021,Post-Merger,2017-04-01,6.57%,2.34%,45.18%,0.76%,42.60%,13.27%,"1,311.76","1,744.20"
1607,BR-9242,State Bank of Travancore,Delhi NCR,Metro,2014,Pre-Merger,2017-04-01,15.77%,7.92%,57.06%,0.55%,42.49%,12.24%,"1,367.45","1,646.98"
1608,BR-3798,State Bank of India (Parent),Mumbai Metro,Urban,2017,Pre-Merger,2017-04-01,8.57%,4.74%,52.86%,0.89%,32.52%,11.17%,251.36,363.74
1609,BR-2547,State Bank of Mysore,Ahmedabad,Metro,2015,Pre-Merger,2017-04-01,8.66%,4.96%,53.88%,0.20%,41.06%,12.45%,502.33,714.17
1610,BR-3093,State Bank of India (Consolidated),Chennai,Metro,2018,Post-Merger,2017-04-01,4.03%,1.56%,47.22%,0.39%,43.13%,14.91%,"1,317.23","1,535.75"
1611,BR-6978,State Bank of India (Consolidated),Kolkata,Urban,2021,Post-Merger,01/04/2017,5.69%,1.55%,54.87%,0.87%,47.65%,11.51%,271.50,369.85
1612,BR-9332,State Bank of Travancore,Kolkata,Rural,2014,Pre-Merger,2017-04-01,12.33%,7.60%,60.59%,0.29%,49.40%,10.26%,83.91,105.70
1613,BR-1713,State Bank of India (Parent),Bengaluru,Semi-Urban,2017,Pre-Merger,01/04/2017,5.14%,3.42%,53.77%,1.20%,41.91%,12.92%,"1,490.65","2,108.27"
1614,BR-9240,State Bank of Patiala,Delhi NCR,Rural,2016,Pre-Merger,01/04/2017,4.66%,2.60%,56.24%,-0.85%,36.49%,12.84%,"1,376.00","1,852.54"
1615,BR-8907,State Bank of India (Consolidated),Chennai,Urban,2020,Post-Merger,01/04/2017,4.83%,1.72%,49.59%,0.52%,42.55%,13.54%,"1,456.63","2,076.57"
1616,BR-7712,State Bank of India (Consolidated),Mumbai Metro,Metro,2021,Post-Merger,01/04/2017,6.11%,2.61%,42.94%,1.11%,38.13%,12.21%,"1,442.26","1,734.45"
1617,BR-9730,State Bank of Mysore,Chennai,Urban,2014,Pre-Merger,2017-04-01,7.44%,4.52%,54.99%,0.24%,42.66%,13.32%,"1,161.51","1,510.45"
1618,BR-9287,State Bank of India (Consolidated),Ahmedabad,Metro,2018,Post-Merger,2017-04-01,3.11%,0.79%,46.17%,1.08%,45.80%,13.86%,"1,242.85","1,760.17"
1619,BR-2630,State Bank of India (Consolidated),Lucknow,Metro,2021,Post-Merger,2017-04-01,7.71%,3.29%,44.62%,0.26%,50.73%,12.88%,730.18,950.89
1620,BR-2055,State Bank of India (Consolidated),Ahmedabad,Rural,2021,Post-Merger,2017-04-01,6.91%,2.19%,49.32%,0.75%,42.56%,13.81%,738.32,992.61
1621,BR-8267,State Bank of India (Consolidated),Bengaluru,Metro,2020,Post-Merger,2017-04-01,2.34%,0.90%,45.90%,0.81%,52.87%,14.54%,"1,257.99","1,506.26"
1622,BR-8004,State Bank of India (Consolidated)   ,Mumbai Metro,Rural,2020,Post-Merger,01/04/2017,6.58%,2.95%,,1.33%,50.51%,12.05%,812.44,"1,176.53"
1623,BR-5953,State Bank of Mysore,Mumbai Metro,Rural,2014,Pre-Merger,2017-04-01,12.40%,6.52%,48.90%,-0.17%,40.11%,11.68%,"1,458.22","1,849.78"
1624,BR-4417,State Bank of India (Consolidated),Thiruvananthapuram,Semi-Urban,2019,Post-Merger,01/04/2017,5.43%,2.13%,55.99%,0.67%,47.33%,14.11%,"1,062.79","1,302.34"
1625,BR-1581,State Bank of India (Parent),Kolkata,Semi-Urban,2017,Pre-Merger,2017-04-01,11.33%,7.11%,62.09%,-0.07%,40.48%,10.95%,92.32,106.43
1626,BR-6245,State Bank of India (Parent),Lucknow,Urban,2015,Pre-Merger,2017-04-01,6.16%,3.75%,56.00%,1.20%,31.89%,12.61%,255.22,323.02
1627,BR-8630,State Bank of India (Parent)   ,Mumbai Metro,Urban,2017,Pre-Merger,01/04/2017,12.64%,6.80%,57.18%,0.98%,34.46%,11.94%,"1,164.27","1,587.05"
1628,BR-9720,State Bank of India (Consolidated),Bhopal,Urban,2018,Post-Merger,2017-04-01,6.66%,2.58%,52.04%,0.45%,40.16%,14.26%,"1,281.64","1,788.49"
1629,BR-8530,State Bank of Mysore,Thiruvananthapuram,Metro,2014,Pre-Merger,2017-04-01,12.54%,6.76%,52.36%,0.37%,35.45%,12.90%,422.75,575.82
1630,BR-1679,State Bank of Travancore,Delhi NCR,Rural,2016,Pre-Merger,2017-04-01,7.49%,4.77%,60.80%,-0.03%,35.05%,12.42%,872.18,"1,125.05"
1631,BR-5907,State Bank of Hyderabad,Mumbai Metro,Urban,2016,Pre-Merger,2017-04-01,8.33%,4.82%,58.47%,-0.72%,40.05%,13.71%,903.87,"1,212.03"
1632,BR-2604,State Bank of India (Consolidated),Kolkata,Rural,2018,Post-Merger,2017-04-01,2.72%,0.69%,51.56%,1.02%,42.79%,14.40%,"1,464.75","1,788.53"
1633,BR-2382,State Bank of Hyderabad,Mumbai Metro,Metro,2016,Pre-Merger,01/04/2017,12.06%,6.38%,52.22%,-0.08%,41.51%,10.99%,124.57,147.61
1634,BR-3586,State Bank of India (Parent),Hyderabad,Semi-Urban,2017,Pre-Merger,2017-04-01,10.59%,6.21%,60.84%,0.97%,40.52%,11.49%,909.05,"1,063.42"
1635,BR-6307,State Bank of India (Parent),Kolkata,Metro,2014,Pre-Merger,2017-04-01,12.57%,6.32%,54.83%,-0.02%,41.83%,13.66%,480.14,642.28
1636,BR-4505,State Bank of India (Consolidated),Kolkata,Urban,2020,Post-Merger,2017-04-01,5.26%,1.38%,40.41%,0.74%,40.16%,13.27%,328.88,416.39
1637,BR-5546,State Bank of India (Consolidated),Lucknow,Metro,2019,Post-Merger,2017-04-01,4.22%,1.88%,49.29%,0.39%,46.83%,16.37%,"1,055.38","1,338.28"
1638,BR-6528,State Bank of India (Consolidated),Hyderabad,Metro,2020,Post-Merger,2017-04-01,8.50%,3.20%,52.15%,0.67%,43.63%,13.35%,680.74,902.67
1639,BR-1406,State Bank of India (Consolidated),Lucknow,Semi-Urban,2018,Post-Merger,2017-04-01,4.99%,1.46%,39.75%,0.87%,49.14%,14.23%,255.95,307.46
1640,BR-3099,State Bank of Mysore,Bengaluru,Rural,2015,Pre-Merger,2017-04-01,11.83%,6.79%,50.70%,0.07%,36.95%,10.99%,308.49,401.79
1641,BR-6850,State Bank of India (Consolidated),Bengaluru,Semi-Urban,2021,Post-Merger,2017-04-01,3.94%,1.36%,41.89%,1.25%,46.43%,14.43%,"1,155.72","1,579.63"
1642,BR-2664,State Bank of India (Consolidated),Jaipur,Urban,2019,Post-Merger,01/04/2017,5.46%,1.81%,42.35%,0.73%,45.16%,13.48%,"1,158.53","1,636.15"
1643,BR-4469,State Bank of India (Consolidated),Lucknow,Metro,2021,Post-Merger,01/04/2017,7.62%,2.84%,49.49%,0.90%,43.04%,13.63%,"1,146.12","1,610.68"
1644,BR-3823,State Bank of India (Consolidated),Ahmedabad,Rural,2021,Post-Merger,2017-04-01,7.29%,2.69%,46.39%,0.70%,41.01%,15.41%,457.35,534.07
1645,BR-5545,State Bank of Bikaner and Jaipur,Bhopal,Metro,2015,Pre-Merger,2017-04-01,4.67%,2.48%,55.45%,0.64%,43.11%,11.98%,"1,307.60","1,867.08"
1646,BR-1923,State Bank of India (Consolidated),Kolkata,Rural,2021,Post-Merger,2017-04-01,8.77%,2.48%,47.61%,0.41%,44.28%,13.84%,591.03,728.30
1647,BR-4547,State Bank of India (Consolidated),Delhi NCR,Metro,2018,Post-Merger,2017-04-01,10.30%,3.90%,46.36%,0.38%,45.56%,14.69%,248.53,338.02
1648,BR-9468,State Bank of India (Consolidated),Bengaluru,Metro,2018,Post-Merger,2017-04-01,8.78%,2.28%,50.64%,0.76%,47.78%,14.92%,"1,187.00","1,493.60"
1649,BR-7621,State Bank of India (Consolidated),Hyderabad,Urban,2020,Post-Merger,2017-04-01,4.04%,1.28%,45.39%,0.99%,54.47%,15.45%,"1,095.00","1,351.46"
1650,BR-4120,State Bank of India (Parent),Thiruvananthapuram,Metro,2017,Pre-Merger,2017-04-01,7.19%,3.79%,55.04%,0.15%,40.89%,13.16%,"1,222.45","1,664.88"
1651,BR-9776,State Bank of India (Consolidated),Chandigarh,Semi-Urban,2019,Post-Merger,01/04/2017,4.22%,1.32%,45.77%,0.89%,45.16%,14.45%,"1,455.80","2,068.61"
1652,BR-7332,State Bank of India (Consolidated),Jaipur,Semi-Urban,2020,Post-Merger,2017-04-01,9.49%,3.56%,44.95%,0.52%,41.28%,14.31%,481.53,598.11
1653,BR-3918,State Bank of Hyderabad,Hyderabad,Urban,2017,Pre-Merger,2017-04-01,12.95%,8.41%,48.24%,-0.46%,42.01%,12.67%,380.85,467.23
1654,BR-5697,State Bank of India (Consolidated)   ,Kolkata,Rural,2020,Post-Merger,01/04/2017,6.24%,2.65%,39.90%,1.01%,40.98%,12.95%,726.78,909.28
1655,BR-3425,State Bank of India (Parent),Chennai,Rural,2014,Pre-Merger,2017-04-01,8.44%,4.85%,51.51%,0.10%,43.82%,12.12%,998.84,"1,227.90"
1656,BR-7341,State Bank of India (Consolidated),Chandigarh,Metro,2020,Post-Merger,2017-04-01,7.51%,3.04%,51.27%,0.86%,42.06%,15.28%,895.69,"1,033.56"
1657,BR-6860,State Bank of India (Parent),Thiruvananthapuram,Metro,2015,Pre-Merger,2017-04-01,9.90%,6.58%,57.23%,0.38%,40.41%,11.51%,"1,319.78","1,905.77"
1658,BR-7300,State Bank of India (Consolidated),Mumbai Metro,Rural,2018,Post-Merger,2017-04-01,2.51%,1.12%,48.86%,1.01%,44.83%,14.75%,"1,359.25","1,695.76"
1659,BR-3544,State Bank of Mysore,Kolkata,Rural,2017,Pre-Merger,2017-04-01,6.65%,3.58%,52.97%,-0.04%,42.79%,11.77%,182.40,221.40
1660,BR-6948,State Bank of India (Consolidated),Bhopal,Rural,2019,Post-Merger,01/04/2017,3.17%,1.34%,51.33%,0.89%,46.43%,15.32%,"1,383.13","1,833.52"
1661,BR-6935,State Bank of Patiala,Jaipur,Metro,2017,Pre-Merger,2017-04-01,10.68%,7.06%,49.09%,-0.03%,35.87%,10.46%,639.54,838.60
1662,BR-5080,State Bank of India (Consolidated),Mumbai Metro,Rural,2020,Post-Merger,2017-04-01,5.98%,2.31%,52.61%,1.20%,48.50%,15.25%,"1,016.52","1,402.67"
1663,BR-8529,State Bank of India (Parent)   ,Thiruvananthapuram,Metro,2017,Pre-Merger,01/04/2017,8.51%,5.40%,56.70%,1.09%,37.89%,10.73%,"1,473.57","2,075.46"
1664,BR-8888,State Bank of Bikaner and Jaipur,Lucknow,Semi-Urban,2017,Pre-Merger,2017-04-01,5.26%,2.82%,55.60%,0.07%,38.84%,12.36%,"1,132.02","1,339.21"
1665,BR-2294,State Bank of Travancore,Thiruvananthapuram,Urban,2015,Pre-Merger,2017-04-01,12.62%,6.90%,59.39%,0.18%,43.45%,12.37%,83.54,116.92
1666,BR-2928,State Bank of Mysore,Lucknow,Semi-Urban,2015,Pre-Merger,2017-04-01,9.25%,5.23%,52.58%,-0.31%,39.24%,14.50%,362.10,431.69
1667,BR-9532,State Bank of India (Consolidated),Jaipur,Metro,2018,Post-Merger,01/04/2017,7.44%,2.17%,55.39%,1.22%,50.90%,14.48%,804.35,"1,043.31"
1668,BR-3208,State Bank of Bikaner and Jaipur,Jaipur,Rural,2015,Pre-Merger,2017-04-01,10.61%,6.42%,54.64%,0.45%,42.80%,10.65%,"1,243.69","1,750.15"
1669,BR-9514,State Bank of India (Consolidated),Chennai,Rural,2021,Post-Merger,2017-04-01,6.25%,2.40%,52.21%,0.10%,48.41%,12.19%,705.20,870.38
1670,BR-6530,State Bank of India (Parent),Ahmedabad,Urban,2017,Pre-Merger,2017-04-01,11.25%,7.14%,53.20%,-0.39%,46.78%,13.94%,382.99,494.95
1671,BR-5433,State Bank of India (Consolidated)   ,Chandigarh,Semi-Urban,2020,Post-Merger,01/04/2017,5.66%,2.48%,43.66%,0.33%,38.50%,15.12%,"1,172.84","1,699.87"
1672,BR-9289,State Bank of Patiala,Jaipur,Semi-Urban,2015,Pre-Merger,2017-04-01,12.11%,7.05%,53.03%,0.61%,38.71%,12.78%,"1,237.81","1,651.68"
1673,BR-4888,State Bank of Mysore,Thiruvananthapuram,Semi-Urban,2015,Pre-Merger,2017-04-01,11.09%,5.69%,57.42%,1.17%,40.82%,11.23%,"1,074.27","1,530.40"
1674,BR-9652,State Bank of India (Consolidated),Thiruvananthapuram,Semi-Urban,2020,Post-Merger,2017-04-01,2.82%,0.88%,45.60%,0.73%,45.44%,13.68%,215.67,260.57
1675,BR-1971,State Bank of India (Consolidated)   ,Delhi NCR,Rural,2018,Post-Merger,01/04/2017,8.12%,,,1.42%,39.79%,15.92%,"1,453.20","1,749.06"
1676,BR-9959,State Bank of India (Consolidated),Bengaluru,Semi-Urban,2021,Post-Merger,01/04/2017,8.37%,3.72%,41.78%,0.96%,40.19%,14.08%,"1,477.24","2,074.31"
1677,BR-1868,State Bank of Bikaner and Jaipur,Ahmedabad,Metro,2016,Pre-Merger,2017-04-01,17.19%,10.40%,52.48%,0.88%,39.85%,11.01%,534.26,740.68
1678,BR-7455,State Bank of India (Consolidated),Lucknow,Urban,2018,Post-Merger,2017-04-01,7.07%,2.55%,48.71%,0.65%,51.91%,14.47%,388.86,530.25
1679,BR-8203,State Bank of India (Consolidated),Chandigarh,Metro,2018,Post-Merger,2017-04-01,8.79%,2.31%,46.49%,1.09%,47.48%,13.48%,411.84,592.55
1680,BR-8080,State Bank of India (Consolidated),Kolkata,Metro,2019,Post-Merger,2017-04-01,3.92%,1.63%,43.85%,0.13%,48.48%,13.18%,620.63,854.33
1681,BR-2406,State Bank of India (Consolidated),Chandigarh,Rural,2021,Post-Merger,2017-04-01,5.45%,2.21%,49.91%,0.92%,46.36%,13.69%,"1,308.30","1,810.13"
1682,BR-8103,State Bank of India (Consolidated),Hyderabad,Metro,2019,Post-Merger,2017-04-01,2.28%,1.01%,46.81%,0.82%,46.36%,14.25%,92.49,126.37
1683,BR-6670,State Bank of India (Consolidated),Ahmedabad,Semi-Urban,2018,Post-Merger,2017-04-01,10.13%,4.37%,47.54%,0.76%,45.57%,14.69%,857.21,"1,103.99"
1684,BR-1727,State Bank of India (Parent),Kolkata,Semi-Urban,2017,Pre-Merger,2017-04-01,9.71%,4.90%,50.96%,-0.59%,33.85%,12.69%,"1,477.36","1,828.27"
1685,BR-4078,State Bank of Bikaner and Jaipur,Mumbai Metro,Urban,2017,Pre-Merger,01/04/2017,9.87%,5.56%,55.10%,-0.33%,42.81%,11.34%,852.16,"1,209.99"
1686,BR-5358,Bharatiya Mahila Bank,Lucknow,Semi-Urban,2017,Pre-Merger,2017-04-01,6.37%,4.33%,52.32%,1.18%,32.07%,12.10%,"1,479.52","2,015.59"
1687,BR-2128,State Bank of Patiala,Ahmedabad,Semi-Urban,2015,Pre-Merger,2017-04-01,10.64%,6.33%,47.10%,-0.52%,39.32%,11.07%,"1,373.66","1,797.50"
1688,BR-2685,State Bank of India (Consolidated),Mumbai Metro,Urban,2020,Post-Merger,2017-04-01,7.51%,2.88%,45.83%,0.58%,43.76%,14.15%,"1,396.30","1,899.83"
1689,BR-3468,State Bank of India (Consolidated)   ,Thiruvananthapuram,Metro,2020,Post-Merger,01/04/2017,6.88%,2.18%,49.67%,1.16%,47.08%,13.48%,"1,100.10","1,387.69"
1690,BR-7867,State Bank of Hyderabad,Mumbai Metro,Urban,2017,Pre-Merger,2017-04-01,13.29%,6.88%,51.92%,1.04%,40.35%,11.82%,536.87,701.67
1691,BR-8859,State Bank of Mysore,Lucknow,Urban,2017,Pre-Merger,2017-04-01,11.75%,7.18%,46.59%,0.47%,38.85%,13.62%,395.51,477.98
1692,BR-9684,State Bank of Patiala,Chennai,Rural,2016,Pre-Merger,01/04/2017,10.15%,6.64%,62.59%,-0.16%,41.19%,11.43%,143.87,166.71
1693,BR-7023,State Bank of Travancore,Mumbai Metro,Metro,2014,Pre-Merger,2017-04-01,14.88%,8.18%,48.87%,0.66%,35.57%,11.94%,686.10,864.14
1694,BR-1407,State Bank of India (Consolidated),Ahmedabad,Metro,2018,Post-Merger,2017-04-01,7.11%,2.86%,45.28%,1.14%,47.82%,15.63%,"1,440.24","1,839.81"
1695,BR-9459,State Bank of India (Consolidated),Thiruvananthapuram,Rural,2020,Post-Merger,01/04/2017,6.29%,1.75%,49.77%,1.46%,42.71%,15.01%,336.32,482.77
1696,BR-9152,State Bank of India (Consolidated),Ahmedabad,Urban,2021,Post-Merger,2017-04-01,6.69%,2.56%,46.15%,0.83%,45.84%,13.07%,385.93,543.41
1697,BR-1355,State Bank of Travancore,Ahmedabad,Rural,2014,Pre-Merger,2017-04-01,4.93%,2.85%,56.47%,0.04%,40.50%,11.02%,"1,275.99","1,677.53"
1698,BR-4135,State Bank of India (Consolidated),Bengaluru,Rural,2020,Post-Merger,2017-04-01,5.96%,1.58%,43.48%,1.14%,39.17%,13.93%,"1,097.27","1,553.48"
1699,BR-5238,State Bank of India (Consolidated),Chennai,Metro,2020,Post-Merger,2017-04-01,5.46%,1.61%,49.45%,1.60%,45.15%,12.16%,389.64,480.23
1700,BR-2813,State Bank of India (Consolidated),Delhi NCR,Semi-Urban,2021,Post-Merger,2017-04-01,3.74%,1.43%,51.46%,0.85%,48.28%,14.36%,906.91,"1,089.50"
1701,BR-2805,State Bank of India (Consolidated),Mumbai Metro,Rural,2021,Post-Merger,2017-04-01,6.22%,2.38%,42.55%,0.75%,47.26%,13.58%,"1,343.24","1,799.85"
1702,BR-6238,State Bank of India (Consolidated),Lucknow,Urban,2018,Post-Merger,2017-04-01,6.47%,2.87%,46.52%,0.86%,44.54%,13.71%,677.18,898.53
1703,BR-5196,State Bank of Patiala,Hyderabad,Semi-Urban,2017,Pre-Merger,01/04/2017,3.65%,2.21%,54.16%,-0.11%,44.67%,12.90%,337.47,449.40
1704,BR-9734,State Bank of India (Consolidated)   ,Hyderabad,Semi-Urban,2018,Post-Merger,01/04/2017,4.98%,,,0.94%,45.25%,14.91%,790.09,"1,136.46"
1705,BR-8798,State Bank of India (Parent),Chandigarh,Urban,2014,Pre-Merger,2017-04-01,15.92%,9.94%,50.78%,1.20%,36.15%,12.67%,"1,075.13","1,371.16"
1706,BR-2128,State Bank of India (Parent),Delhi NCR,Semi-Urban,2017,Pre-Merger,2017-04-01,14.60%,8.85%,55.03%,0.50%,36.03%,12.29%,625.53,829.16
1707,BR-5626,State Bank of India (Consolidated),Ahmedabad,Semi-Urban,2020,Post-Merger,2017-04-01,7.19%,2.33%,49.51%,0.72%,52.97%,14.98%,453.11,567.35
1708,BR-2497,State Bank of India (Consolidated),Lucknow,Metro,2018,Post-Merger,2017-04-01,4.45%,1.36%,46.68%,1.05%,41.74%,16.90%,617.38,751.34
1709,BR-8834,State Bank of India (Consolidated),Lucknow,Urban,2018,Post-Merger,2017-04-01,6.78%,2.94%,48.63%,0.61%,42.50%,13.72%,84.93,119.86
1710,BR-4918,State Bank of Hyderabad,Mumbai Metro,Metro,2016,Pre-Merger,2017-04-01,11.02%,7.41%,54.26%,0.15%,39.84%,11.36%,309.88,386.93
1711,BR-7141,State Bank of India (Consolidated),Bhopal,Metro,2018,Post-Merger,2017-04-01,4.83%,2.06%,41.32%,0.94%,46.80%,13.35%,873.49,"1,105.47"
1712,BR-1797,State Bank of Travancore,Bengaluru,Rural,2016,Pre-Merger,2017-04-01,12.06%,7.36%,62.82%,0.34%,41.72%,12.24%,349.93,449.56
1713,BR-4329,State Bank of India (Parent),Chennai,Urban,2015,Pre-Merger,2017-04-01,10.89%,6.96%,60.18%,-0.51%,40.28%,12.26%,308.69,372.32
1714,BR-8318,State Bank of India (Parent),Bengaluru,Semi-Urban,2015,Pre-Merger,2017-04-01,8.51%,4.89%,47.77%,-0.39%,36.99%,11.47%,325.53,436.90
1715,BR-8935,State Bank of India (Parent),Chandigarh,Metro,2015,Pre-Merger,01/04/2017,13.75%,8.62%,46.56%,0.41%,37.81%,13.04%,"1,000.36","1,423.69"
1716,BR-9418,State Bank of India (Consolidated),Lucknow,Urban,2019,Post-Merger,2017-04-01,3.12%,1.23%,45.30%,1.60%,42.58%,16.00%,259.08,335.94
1717,BR-1026,State Bank of India (Parent),Mumbai Metro,Urban,2016,Pre-Merger,2017-04-01,6.20%,3.70%,53.17%,0.28%,33.20%,12.88%,563.85,656.46
1718,BR-1179,State Bank of India (Consolidated),Thiruvananthapuram,Semi-Urban,2018,Post-Merger,01/04/2017,8.22%,3.52%,50.87%,0.63%,47.39%,14.44%,436.86,624.44
1719,BR-1151,State Bank of India (Consolidated),Lucknow,Metro,2018,Post-Merger,01/04/2017,3.00%,0.89%,41.41%,0.61%,40.81%,12.49%,"1,313.64","1,751.58"
1720,BR-4813,State Bank of Mysore,Chennai,Semi-Urban,2015,Pre-Merger,2017-04-01,3.11%,1.59%,47.71%,-0.10%,44.02%,14.50%,763.20,949.69
1721,BR-3821,State Bank of Travancore   ,Jaipur,Urban,2017,Pre-Merger,01/04/2017,12.52%,6.38%,50.60%,-0.52%,46.08%,12.76%,598.05,782.06
1722,BR-9903,State Bank of India (Parent),Delhi NCR,Urban,2016,Pre-Merger,01/04/2017,11.01%,6.92%,51.61%,0.65%,39.18%,11.64%,"1,211.21","1,491.73"
1723,BR-6905,State Bank of Hyderabad,Chandigarh,Semi-Urban,2014,Pre-Merger,2017-04-01,11.88%,7.47%,53.33%,1.20%,39.95%,10.49%,681.76,849.12
1724,BR-1356,State Bank of India (Consolidated),Bhopal,Urban,2020,Post-Merger,2017-04-01,8.31%,3.38%,43.94%,0.69%,47.55%,14.63%,914.09,"1,095.42"
1725,BR-6328,State Bank of India (Consolidated),Mumbai Metro,Rural,2020,Post-Merger,2017-04-01,7.39%,3.14%,44.09%,0.34%,49.65%,13.05%,"1,204.49","1,499.39"
1726,BR-2883,State Bank of Bikaner and Jaipur,Delhi NCR,Semi-Urban,2017,Pre-Merger,2017-04-01,14.24%,8.55%,58.72%,0.23%,46.26%,12.12%,"1,273.05","1,778.83"
1727,BR-2833,State Bank of India (Consolidated),Mumbai Metro,Rural,2018,Post-Merger,2017-04-01,5.69%,1.71%,47.11%,0.87%,47.45%,13.06%,"1,075.81","1,445.76"
1728,BR-7770,State Bank of India (Consolidated),Mumbai Metro,Semi-Urban,2019,Post-Merger,01/04/2017,8.13%,2.83%,44.40%,1.28%,48.94%,13.57%,130.13,187.70
1729,BR-9051,State Bank of India (Consolidated),Mumbai Metro,Metro,2021,Post-Merger,01/04/2017,6.08%,1.53%,48.60%,0.26%,38.51%,13.38%,550.34,644.53
1730,BR-5025,State Bank of Hyderabad,Kolkata,Urban,2017,Pre-Merger,01/04/2017,12.83%,7.72%,54.71%,1.20%,39.40%,12.64%,666.85,921.03
1731,BR-9151,State Bank of Bikaner and Jaipur,Bhopal,Urban,2017,Pre-Merger,2017-04-01,8.92%,5.09%,54.96%,-0.45%,44.61%,10.28%,"1,157.38","1,352.03"
1732,BR-5629,State Bank of Patiala   ,Thiruvananthapuram,Semi-Urban,2015,Pre-Merger,01/04/2017,13.40%,6.96%,55.56%,0.59%,40.41%,11.16%,266.60,385.59
1733,BR-4473,State Bank of India (Consolidated),Lucknow,Urban,2018,Post-Merger,01/04/2017,6.15%,2.37%,48.02%,1.60%,42.86%,13.43%,"1,386.26","1,797.69"
1734,BR-9380,State Bank of India (Consolidated),Mumbai Metro,Urban,2021,Post-Merger,2017-04-01,6.00%,2.39%,45.24%,0.97%,41.17%,13.55%,941.18,"1,291.65"
1735,BR-5143,State Bank of Patiala,Hyderabad,Urban,2017,Pre-Merger,2017-04-01,7.86%,4.02%,51.26%,0.33%,40.89%,11.48%,"1,237.28","1,762.79"
1736,BR-8012,State Bank of Mysore,Bengaluru,Semi-Urban,2016,Pre-Merger,01/04/2017,6.90%,4.29%,54.67%,1.20%,41.66%,13.16%,714.27,964.09
1737,BR-4267,State Bank of Bikaner and Jaipur,Thiruvananthapuram,Metro,2016,Pre-Merger,01/04/2017,7.51%,3.78%,55.64%,0.43%,38.83%,12.19%,515.61,675.20
1738,BR-4575,State Bank of India (Consolidated),Chennai,Metro,2020,Post-Merger,2017-04-01,10.52%,4.52%,49.87%,0.65%,41.97%,16.76%,396.05,543.19
1739,BR-9582,State Bank of Mysore,Chandigarh,Semi-Urban,2014,Pre-Merger,2017-04-01,7.83%,4.46%,47.06%,0.60%,43.17%,10.46%,"1,411.94","1,900.46"
1740,BR-1976,State Bank of India (Consolidated),Thiruvananthapuram,Semi-Urban,2021,Post-Merger,01/04/2017,7.09%,2.17%,42.42%,1.15%,45.86%,13.44%,396.47,570.14
1741,BR-9048,State Bank of India (Parent),Chandigarh,Semi-Urban,2016,Pre-Merger,01/04/2017,8.59%,5.35%,47.86%,0.69%,37.05%,13.61%,132.31,178.67
1742,BR-6915,State Bank of India (Parent)   ,Hyderabad,Rural,2017,Pre-Merger,01/04/2017,8.33%,4.67%,55.20%,0.50%,36.02%,13.06%,"1,071.98","1,517.95"
1743,BR-6788,State Bank of Travancore,Lucknow,Semi-Urban,2016,Pre-Merger,2017-04-01,7.23%,3.76%,46.45%,0.65%,39.70%,13.64%,"1,025.67","1,420.09"
1744,BR-9793,State Bank of India (Consolidated),Bhopal,Metro,2021,Post-Merger,2017-04-01,3.03%,0.84%,43.36%,0.57%,40.23%,15.64%,498.91,687.07
1745,BR-4238,State Bank of Mysore   ,Bhopal,Semi-Urban,2015,Pre-Merger,01/04/2017,13.70%,7.02%,56.80%,0.05%,39.35%,14.44%,"1,277.76","1,629.55"
1746,BR-3540,State Bank of India (Consolidated),Mumbai Metro,Rural,2020,Post-Merger,01/04/2017,8.47%,3.37%,51.91%,0.42%,44.36%,14.62%,727.41,"1,022.52"
1747,BR-9412,State Bank of Mysore   ,Chennai,Urban,2017,Pre-Merger,01/04/2017,4.66%,2.69%,49.19%,0.36%,47.79%,12.85%,109.08,146.07
1748,BR-3175,State Bank of India (Consolidated)   ,Ahmedabad,Semi-Urban,2019,Post-Merger,01/04/2017,7.33%,2.90%,56.27%,0.68%,48.75%,13.30%,936.71,"1,272.47"
1749,BR-1420,State Bank of India (Parent),Jaipur,Urban,2017,Pre-Merger,2017-04-01,13.81%,8.08%,49.83%,1.20%,42.95%,11.94%,"1,183.16","1,560.55"
1750,BR-5989,State Bank of India (Parent),Thiruvananthapuram,Metro,2016,Pre-Merger,2017-04-01,10.30%,6.97%,55.30%,0.35%,34.92%,12.14%,800.58,930.18
1751,BR-2937,State Bank of India (Parent),Lucknow,Semi-Urban,2015,Pre-Merger,2017-04-01,9.11%,5.09%,47.77%,-0.20%,34.91%,11.80%,196.95,241.73
1752,BR-3922,State Bank of India (Parent),Kolkata,Metro,2014,Pre-Merger,2017-04-01,9.78%,6.43%,46.16%,0.13%,46.82%,13.28%,645.83,748.16
1753,BR-7599,State Bank of India (Consolidated),Ahmedabad,Semi-Urban,2018,Post-Merger,01/04/2017,4.84%,1.48%,44.73%,0.77%,53.17%,15.02%,495.33,647.17
1754,BR-4808,State Bank of India (Consolidated),Jaipur,Urban,2018,Post-Merger,2017-04-01,3.90%,1.73%,49.75%,0.38%,43.14%,13.98%,750.50,979.42
1755,BR-6810,State Bank of India (Parent),Delhi NCR,Rural,2015,Pre-Merger,01/04/2017,6.02%,3.25%,52.14%,0.78%,35.81%,12.34%,"1,243.39","1,715.82"
1756,BR-5418,State Bank of India (Consolidated),Bhopal,Urban,2018,Post-Merger,2017-04-01,4.45%,1.42%,49.11%,0.18%,44.56%,11.50%,584.34,720.96
1757,BR-5002,State Bank of India (Consolidated)   ,Bhopal,Semi-Urban,2018,Post-Merger,01/04/2017,6.71%,,,1.41%,43.35%,14.80%,848.12,"1,218.17"
1758,BR-7913,State Bank of India (Consolidated),Bhopal,Semi-Urban,2020,Post-Merger,2017-04-01,7.76%,3.10%,46.58%,1.02%,48.96%,15.18%,"1,495.61","2,064.92"
1759,BR-3123,State Bank of India (Consolidated),Chennai,Metro,2020,Post-Merger,2017-04-01,4.72%,1.39%,44.35%,1.09%,45.87%,13.94%,442.18,521.09
1760,BR-3524,State Bank of India (Consolidated),Ahmedabad,Semi-Urban,2019,Post-Merger,2017-04-01,5.47%,2.44%,45.49%,0.51%,48.29%,12.07%,135.69,185.17
1761,BR-9981,State Bank of India (Consolidated),Chandigarh,Metro,2020,Post-Merger,01/04/2017,6.20%,2.36%,44.04%,0.31%,45.75%,11.95%,177.34,226.09
1762,BR-4006,State Bank of Travancore,Bhopal,Rural,2016,Pre-Merger,2017-04-01,6.91%,3.69%,64.53%,0.42%,43.49%,12.14%,553.16,723.65
1763,BR-8889,State Bank of Patiala,Jaipur,Urban,2014,Pre-Merger,2017-04-01,9.98%,5.00%,57.49%,0.36%,39.93%,10.41%,648.57,924.42
1764,BR-1153,State Bank of India (Consolidated),Chennai,Urban,2019,Post-Merger,2017-04-01,1.81%,0.56%,48.71%,0.84%,39.90%,13.79%,"1,383.22","1,786.68"
1765,BR-6849,State Bank of India (Consolidated),Jaipur,Semi-Urban,2021,Post-Merger,01/04/2017,4.55%,1.43%,54.26%,0.50%,47.78%,14.87%,"1,310.72","1,602.18"
1766,BR-9511,State Bank of India (Parent),Jaipur,Urban,2017,Pre-Merger,01/04/2017,6.70%,3.46%,53.33%,1.20%,41.91%,13.40%,958.61,"1,371.06"
1767,BR-1782,State Bank of India (Consolidated),Delhi NCR,Metro,2018,Post-Merger,2017-04-01,5.28%,2.31%,45.80%,1.08%,46.36%,16.64%,125.57,162.09
1768,BR-1644,State Bank of India (Consolidated),Bhopal,Metro,2018,Post-Merger,2017-04-01,3.58%,1.32%,44.77%,0.94%,46.05%,14.79%,"1,282.84","1,570.17"
1769,BR-3248,State Bank of India (Consolidated),Thiruvananthapuram,Rural,2019,Post-Merger,2017-04-01,4.81%,1.38%,46.03%,0.29%,44.97%,13.58%,779.75,952.34
1770,BR-4978,State Bank of India (Consolidated),Hyderabad,Metro,2021,Post-Merger,01/04/2017,4.95%,1.70%,47.70%,0.53%,42.93%,13.74%,340.77,427.23
1771,BR-6180,State Bank of India (Consolidated),Bhopal,Semi-Urban,2018,Post-Merger,01/04/2017,4.27%,1.31%,47.67%,0.51%,43.43%,13.97%,"1,005.20","1,454.07"
1772,BR-6301,State Bank of India (Parent),Mumbai Metro,Urban,2016,Pre-Merger,2017-04-01,9.66%,5.59%,61.67%,0.94%,45.33%,13.22%,"1,005.03","1,184.20"
1773,BR-5406,State Bank of India (Consolidated),Delhi NCR,Metro,2019,Post-Merger,2017-04-01,7.15%,2.13%,47.78%,0.77%,47.96%,14.05%,235.41,333.09
1774,BR-5038,State Bank of India (Consolidated),Ahmedabad,Metro,2018,Post-Merger,2017-04-01,3.96%,1.59%,50.15%,0.40%,42.54%,14.45%,"1,016.19","1,450.80"
1775,BR-7867,State Bank of India (Consolidated),Kolkata,Semi-Urban,2020,Post-Merger,2017-04-01,2.63%,1.07%,43.47%,1.37%,42.61%,14.49%,"1,411.65","1,804.53"
1776,BR-9310,State Bank of India (Parent),Lucknow,Semi-Urban,2016,Pre-Merger,2017-04-01,10.02%,5.56%,51.48%,-0.75%,40.94%,10.79%,"1,021.76","1,327.48"
1777,BR-4047,State Bank of India (Consolidated),Jaipur,Urban,2018,Post-Merger,2017-04-01,2.46%,0.90%,41.68%,1.18%,41.97%,14.95%,466.74,675.75
1778,BR-8864,State Bank of India (Consolidated),Jaipur,Semi-Urban,2021,Post-Merger,2017-04-01,4.86%,1.45%,49.25%,0.63%,41.74%,12.57%,359.73,517.43
1779,BR-4456,State Bank of India (Consolidated),Jaipur,Metro,2020,Post-Merger,01/04/2017,5.48%,1.60%,40.12%,0.68%,45.02%,12.81%,"1,445.80","1,918.46"
1780,BR-3923,State Bank of Mysore,Thiruvananthapuram,Semi-Urban,2015,Pre-Merger,01/04/2017,6.04%,3.11%,47.39%,0.70%,40.20%,12.65%,645.79,905.53
1781,BR-8510,State Bank of Patiala,Thiruvananthapuram,Rural,2017,Pre-Merger,2017-04-01,6.39%,3.64%,53.63%,1.20%,36.68%,11.95%,"1,415.62","1,640.97"
1782,BR-2364,State Bank of India (Consolidated),Bengaluru,Semi-Urban,2021,Post-Merger,2017-04-01,4.73%,2.05%,45.59%,0.88%,47.37%,12.58%,675.57,879.09
1783,BR-2263,State Bank of India (Parent),Bengaluru,Metro,2017,Pre-Merger,2017-04-01,9.40%,6.29%,57.88%,0.36%,42.01%,13.22%,306.22,375.31
1784,BR-7200,State Bank of India (Consolidated),Chandigarh,Semi-Urban,2021,Post-Merger,2017-04-01,4.62%,1.16%,46.15%,0.66%,41.05%,14.59%,598.69,732.10
1785,BR-4726,State Bank of Mysore,Ahmedabad,Semi-Urban,2014,Pre-Merger,2017-04-01,15.27%,9.76%,57.17%,0.15%,41.77%,11.02%,604.34,757.42
1786,BR-7462,State Bank of Mysore,Jaipur,Metro,2014,Pre-Merger,2017-04-01,5.64%,3.68%,45.65%,0.62%,47.89%,9.50%,648.90,927.25
1787,BR-5983,State Bank of Mysore,Delhi NCR,Urban,2015,Pre-Merger,2017-04-01,8.61%,5.71%,50.25%,-0.51%,42.36%,12.26%,857.71,"1,072.42"
1788,BR-7636,State Bank of India (Consolidated),Hyderabad,Rural,2019,Post-Merger,2017-04-01,3.89%,1.02%,43.40%,1.34%,50.44%,13.46%,789.24,"1,079.44"
1789,BR-6630,State Bank of India (Consolidated),Jaipur,Semi-Urban,2020,Post-Merger,01/04/2017,8.33%,3.66%,49.14%,1.19%,38.90%,13.82%,665.11,931.53
1790,BR-9187,State Bank of India (Consolidated),Bhopal,Rural,2019,Post-Merger,2017-04-01,4.58%,1.87%,44.40%,0.48%,45.77%,13.02%,787.48,987.62
1791,BR-6680,State Bank of India (Consolidated),Hyderabad,Metro,2021,Post-Merger,2017-04-01,2.86%,0.77%,48.17%,0.77%,44.40%,13.72%,153.00,207.62
1792,BR-5587,State Bank of Mysore,Bengaluru,Metro,2014,Pre-Merger,2017-04-01,15.27%,9.59%,60.07%,0.75%,36.62%,11.67%,370.51,427.42
1793,BR-6427,State Bank of Hyderabad,Delhi NCR,Semi-Urban,2017,Pre-Merger,2017-04-01,7.93%,4.24%,52.72%,0.38%,42.85%,12.63%,641.17,910.31
1794,BR-4222,State Bank of Bikaner and Jaipur   ,Lucknow,Urban,2017,Pre-Merger,01/04/2017,8.64%,4.50%,59.47%,1.20%,40.50%,11.85%,640.95,784.79
1795,BR-9437,State Bank of India (Consolidated),Lucknow,Metro,2018,Post-Merger,2017-04-01,9.19%,3.86%,44.89%,0.10%,49.99%,12.87%,"1,413.73","1,759.84"
1796,BR-2921,State Bank of India (Consolidated),Jaipur,Semi-Urban,2018,Post-Merger,01/04/2017,4.94%,1.57%,42.90%,0.81%,46.04%,14.58%,156.61,187.39
1797,BR-1508,State Bank of Patiala,Thiruvananthapuram,Urban,2016,Pre-Merger,2017-04-01,13.40%,7.43%,49.29%,0.19%,47.74%,10.53%,310.02,373.08
1798,BR-8214,State Bank of Mysore,Mumbai Metro,Metro,2014,Pre-Merger,2017-04-01,15.44%,9.05%,45.02%,0.14%,42.06%,11.76%,"1,383.69","1,681.72"
1799,BR-1913,State Bank of India (Parent),Lucknow,Semi-Urban,2014,Pre-Merger,01/04/2017,8.33%,4.32%,53.89%,0.50%,36.44%,11.67%,194.84,266.71
1800,BR-2400,State Bank of India (Consolidated),Chennai,Rural,2021,Post-Merger,2017-04-01,6.86%,2.40%,52.79%,0.32%,44.84%,14.09%,"1,002.55","1,279.89"
1801,BR-1531,State Bank of India (Parent),Delhi NCR,Rural,2016,Pre-Merger,2017-04-01,7.84%,5.05%,54.90%,1.20%,38.83%,12.72%,923.58,"1,271.49"
1802,BR-8116,State Bank of Bikaner and Jaipur,Chennai,Rural,2017,Pre-Merger,2017-04-01,6.37%,4.01%,60.76%,0.16%,37.14%,14.12%,795.65,"1,145.86"
1803,BR-8693,State Bank of Bikaner and Jaipur,Chennai,Metro,2016,Pre-Merger,2017-04-01,8.93%,6.02%,57.30%,-0.11%,40.60%,11.82%,111.60,132.89
1804,BR-3600,State Bank of India (Parent),Bengaluru,Urban,2015,Pre-Merger,2017-04-01,11.48%,6.72%,59.06%,0.29%,43.11%,10.25%,"1,135.77","1,509.18"
1805,BR-3801,State Bank of India (Consolidated),Ahmedabad,Metro,2021,Post-Merger,2017-04-01,8.52%,2.36%,48.32%,0.98%,50.76%,12.15%,551.78,794.43
1806,BR-8410,State Bank of Hyderabad,Bengaluru,Rural,2017,Pre-Merger,01/04/2017,10.64%,6.45%,60.00%,0.84%,37.37%,12.46%,"1,202.02","1,411.00"
1807,BR-7510,State Bank of India (Parent),Mumbai Metro,Rural,2015,Pre-Merger,2017-04-01,7.06%,3.65%,50.20%,-0.22%,36.33%,12.25%,684.93,990.69
1808,BR-8792,State Bank of India (Parent),Hyderabad,Urban,2016,Pre-Merger,01/04/2017,10.17%,6.39%,59.48%,1.13%,33.89%,12.72%,961.66,"1,224.24"
1809,BR-5459,State Bank of India (Consolidated),Kolkata,Urban,2018,Post-Merger,2017-04-01,6.89%,2.86%,44.52%,1.25%,46.38%,14.72%,717.14,848.31
1810,BR-2617,State Bank of Bikaner and Jaipur,Kolkata,Semi-Urban,2016,Pre-Merger,2017-04-01,11.56%,6.96%,58.53%,0.79%,36.48%,12.82%,643.91,754.26
1811,BR-8713,State Bank of India (Consolidated),Delhi NCR,Urban,2018,Post-Merger,2017-04-01,4.90%,2.10%,46.14%,0.88%,50.14%,14.17%,111.00,160.74
1812,BR-5072,State Bank of India (Consolidated),Thiruvananthapuram,Rural,2018,Post-Merger,01/04/2017,5.43%,1.45%,48.96%,1.29%,48.32%,14.21%,"1,381.61","1,970.39"
1813,BR-8317,State Bank of India (Consolidated),Thiruvananthapuram,Metro,2019,Post-Merger,01/04/2017,4.70%,2.07%,53.50%,1.25%,44.06%,12.84%,840.43,"1,155.01"
1814,BR-6057,State Bank of India (Consolidated),Bhopal,Urban,2021,Post-Merger,2017-04-01,6.86%,2.42%,52.23%,0.83%,40.01%,14.22%,"1,021.64","1,419.26"
1815,BR-5983,State Bank of India (Parent),Ahmedabad,Metro,2015,Pre-Merger,01/04/2017,8.13%,5.10%,59.06%,1.20%,40.14%,12.14%,345.09,483.88
1816,BR-7754,State Bank of India (Parent)   ,Mumbai Metro,Semi-Urban,2015,Pre-Merger,01/04/2017,7.79%,4.18%,,0.92%,48.04%,11.28%,269.44,336.19
1817,BR-6192,State Bank of Patiala,Kolkata,Metro,2017,Pre-Merger,2017-04-01,10.57%,6.27%,59.47%,1.09%,39.55%,13.54%,"1,241.38","1,518.96"
1818,BR-4086,State Bank of Travancore,Bhopal,Urban,2017,Pre-Merger,2017-04-01,6.43%,3.25%,51.66%,0.11%,48.89%,12.60%,162.05,189.77
1819,BR-3797,State Bank of Hyderabad,Lucknow,Semi-Urban,2017,Pre-Merger,2017-04-01,12.84%,7.14%,53.02%,0.29%,37.78%,14.10%,"1,398.53","1,728.50"
1820,BR-2635,State Bank of Mysore,Delhi NCR,Rural,2017,Pre-Merger,2017-04-01,14.83%,9.13%,57.59%,0.68%,40.49%,13.05%,"1,478.27","1,795.65"
1821,BR-5978,State Bank of Patiala,Mumbai Metro,Urban,2015,Pre-Merger,2017-04-01,9.94%,5.93%,51.52%,1.05%,42.94%,13.05%,693.86,949.37
1822,BR-6066,State Bank of India (Parent),Mumbai Metro,Urban,2015,Pre-Merger,2017-04-01,12.29%,7.25%,52.00%,0.06%,51.55%,12.48%,420.68,557.91
1823,BR-4665,State Bank of Hyderabad   ,Bengaluru,Metro,2017,Pre-Merger,01/04/2017,16.79%,,,0.77%,42.05%,12.61%,180.55,225.50
1824,BR-9302,State Bank of India (Consolidated),Hyderabad,Urban,2020,Post-Merger,2017-04-01,5.56%,1.40%,50.65%,0.90%,41.55%,15.80%,"1,440.80","2,043.14"
1825,BR-6691,State Bank of India (Parent),Thiruvananthapuram,Rural,2015,Pre-Merger,2017-04-01,7.63%,4.64%,53.80%,1.05%,43.70%,11.44%,366.25,453.87
1826,BR-3684,State Bank of India (Consolidated),Lucknow,Semi-Urban,2020,Post-Merger,2017-04-01,4.23%,1.39%,46.26%,1.01%,46.09%,14.17%,634.20,858.68
1827,BR-3026,State Bank of India (Consolidated),Chennai,Semi-Urban,2018,Post-Merger,2017-04-01,9.82%,4.11%,45.12%,0.48%,42.13%,15.33%,"1,388.87","1,602.49"
1828,BR-6485,State Bank of India (Consolidated),Chennai,Urban,2020,Post-Merger,2017-04-01,6.47%,2.44%,47.20%,0.79%,37.89%,15.67%,289.70,359.52
1829,BR-4237,State Bank of India (Parent),Hyderabad,Semi-Urban,2017,Pre-Merger,2017-04-01,9.65%,5.43%,54.22%,-0.75%,42.45%,12.92%,285.97,371.37
1830,BR-2884,State Bank of Bikaner and Jaipur,Hyderabad,Metro,2014,Pre-Merger,01/04/2017,8.53%,4.30%,60.32%,1.20%,40.62%,11.12%,"1,379.77","1,671.63"
1831,BR-5176,State Bank of India (Consolidated),Lucknow,Metro,2020,Post-Merger,01/04/2017,6.92%,2.24%,49.76%,0.71%,43.44%,15.51%,"1,450.30","1,865.22"
1832,BR-5223,State Bank of Travancore,Mumbai Metro,Urban,2014,Pre-Merger,2017-04-01,13.12%,7.97%,56.09%,0.56%,41.37%,12.90%,"1,306.62","1,825.96"
1833,BR-6919,State Bank of India (Consolidated),Hyderabad,Semi-Urban,2018,Post-Merger,01/04/2017,8.09%,2.22%,50.07%,0.14%,44.70%,16.88%,809.94,"1,133.17"
1834,BR-3384,State Bank of Hyderabad,Bhopal,Rural,2014,Pre-Merger,2017-04-01,6.32%,3.62%,54.86%,0.54%,41.22%,13.48%,408.99,472.11
1835,BR-6529,State Bank of Mysore,Bhopal,Urban,2015,Pre-Merger,2017-04-01,9.82%,5.67%,55.90%,0.23%,33.68%,10.35%,396.73,489.15
1836,BR-2823,State Bank of India (Consolidated),Bengaluru,Semi-Urban,2018,Post-Merger,2017-04-01,7.75%,2.55%,47.14%,1.39%,49.56%,12.31%,"1,268.56","1,482.25"
1837,BR-1533,State Bank of Travancore,Lucknow,Rural,2014,Pre-Merger,2017-04-01,11.14%,6.17%,52.95%,0.28%,41.89%,12.38%,773.76,"1,017.59"
1838,BR-2738,State Bank of India (Consolidated),Hyderabad,Urban,2019,Post-Merger,2017-04-01,5.87%,1.84%,43.18%,0.79%,41.75%,12.77%,85.80,107.79
1839,BR-6166,State Bank of India (Consolidated),Bengaluru,Metro,2020,Post-Merger,2017-04-01,3.63%,1.31%,56.04%,0.45%,44.41%,14.27%,662.69,857.19
1840,BR-1567,State Bank of India (Consolidated),Jaipur,Semi-Urban,2021,Post-Merger,01/04/2017,6.59%,1.89%,47.74%,1.03%,44.21%,14.57%,"1,360.38","1,771.09"
1841,BR-6318,State Bank of India (Consolidated),Chandigarh,Metro,2019,Post-Merger,01/04/2017,5.75%,1.51%,46.47%,0.51%,42.41%,15.03%,"1,300.29","1,646.32"
1842,BR-5978,State Bank of Patiala,Bengaluru,Semi-Urban,2016,Pre-Merger,2017-04-01,6.33%,3.24%,55.03%,0.19%,32.64%,13.79%,897.02,"1,229.43"
1843,BR-6931,State Bank of Patiala,Bengaluru,Metro,2014,Pre-Merger,01/04/2017,6.82%,4.61%,57.99%,0.01%,48.95%,12.33%,313.98,401.53
1844,BR-7844,State Bank of Bikaner and Jaipur,Kolkata,Urban,2015,Pre-Merger,2017-04-01,5.91%,3.97%,59.58%,-1.12%,41.84%,11.92%,291.13,368.28
1845,BR-3171,State Bank of India (Consolidated),Hyderabad,Metro,2020,Post-Merger,2017-04-01,9.02%,2.60%,47.37%,0.73%,47.05%,15.37%,"1,223.83","1,546.36"
1846,BR-7610,State Bank of Patiala,Bhopal,Semi-Urban,2016,Pre-Merger,2017-04-01,6.14%,3.93%,59.71%,0.80%,40.80%,12.59%,175.46,226.04
1847,BR-2317,State Bank of India (Consolidated),Kolkata,Urban,2018,Post-Merger,2017-04-01,4.26%,1.65%,44.39%,0.40%,39.48%,14.85%,356.37,472.30
1848,BR-1081,State Bank of India (Consolidated),Jaipur,Urban,2019,Post-Merger,2017-04-01,4.36%,1.21%,47.36%,0.78%,43.69%,13.40%,103.95,142.14
1849,BR-6597,State Bank of Patiala,Lucknow,Semi-Urban,2015,Pre-Merger,2017-04-01,10.28%,6.69%,51.71%,-0.10%,32.36%,11.75%,627.60,777.42
1850,BR-9214,State Bank of India (Consolidated),Hyderabad,Urban,2019,Post-Merger,2017-04-01,6.25%,1.81%,43.06%,1.54%,48.52%,12.77%,516.52,652.13
1851,BR-6897,State Bank of India (Consolidated),Ahmedabad,Semi-Urban,2020,Post-Merger,2017-04-01,9.43%,2.94%,44.30%,0.61%,41.00%,16.05%,901.05,"1,303.29"
1852,BR-3866,State Bank of Bikaner and Jaipur,Hyderabad,Metro,2014,Pre-Merger,2017-04-01,13.34%,7.15%,55.55%,0.09%,36.01%,12.21%,"1,450.96","1,757.27"
1853,BR-6870,State Bank of Hyderabad,Bhopal,Semi-Urban,2014,Pre-Merger,2017-04-01,12.19%,7.70%,50.18%,0.31%,39.90%,12.26%,573.63,703.33
1854,BR-1058,State Bank of India (Consolidated),Kolkata,Metro,2020,Post-Merger,2017-04-01,7.79%,2.08%,46.99%,0.77%,47.86%,11.98%,661.58,816.84
1855,BR-1335,State Bank of India (Parent),Kolkata,Urban,2014,Pre-Merger,2017-04-01,11.45%,7.03%,55.82%,0.13%,49.43%,13.55%,"1,443.81","1,847.10"
1856,BR-1963,State Bank of India (Consolidated),Kolkata,Rural,2018,Post-Merger,2017-04-01,4.45%,1.66%,49.21%,0.41%,53.19%,13.15%,420.24,538.04
1857,BR-1984,State Bank of India (Consolidated),Delhi NCR,Urban,2018,Post-Merger,2017-04-01,3.85%,1.73%,49.72%,0.14%,46.52%,12.58%,"1,244.79","1,546.62"
1858,BR-6155,State Bank of India (Consolidated),Mumbai Metro,Semi-Urban,2018,Post-Merger,2017-04-01,7.59%,2.01%,52.05%,0.49%,41.66%,14.77%,585.81,719.98
1859,BR-4915,State Bank of India (Consolidated),Jaipur,Rural,2021,Post-Merger,2017-04-01,7.76%,2.68%,45.87%,0.99%,48.15%,14.97%,409.86,591.09
1860,BR-2798,State Bank of India (Parent),Bengaluru,Metro,2016,Pre-Merger,2017-04-01,13.69%,8.17%,62.25%,0.01%,46.50%,12.67%,96.69,131.14
1861,BR-7968,State Bank of Patiala,Hyderabad,Semi-Urban,2015,Pre-Merger,01/04/2017,7.35%,4.17%,51.76%,0.93%,39.89%,10.70%,838.83,"1,204.72"
1862,BR-7779,State Bank of India (Parent),Hyderabad,Rural,2014,Pre-Merger,2017-04-01,15.28%,7.99%,59.65%,-0.14%,37.01%,13.04%,374.59,527.20
1863,BR-8714,State Bank of India (Parent),Hyderabad,Metro,2015,Pre-Merger,01/04/2017,5.88%,3.48%,52.44%,-0.65%,39.22%,11.66%,802.33,936.72
1864,BR-5208,State Bank of India (Consolidated),Jaipur,Metro,2018,Post-Merger,2017-04-01,4.23%,1.78%,41.59%,0.49%,48.97%,14.40%,662.32,815.18
1865,BR-8146,State Bank of Travancore,Lucknow,Semi-Urban,2017,Pre-Merger,2017-04-01,11.46%,5.91%,54.51%,-0.09%,40.85%,11.45%,329.02,403.92
1866,BR-8005,State Bank of India (Consolidated),Hyderabad,Metro,2018,Post-Merger,2017-04-01,6.30%,2.39%,50.61%,0.85%,45.08%,12.89%,688.72,861.54
1867,BR-2855,State Bank of India (Consolidated),Jaipur,Urban,2021,Post-Merger,2017-04-01,5.24%,2.12%,40.82%,0.81%,51.11%,13.93%,421.24,561.99
1868,BR-1175,State Bank of India (Consolidated),Thiruvananthapuram,Metro,2019,Post-Merger,01/04/2017,6.39%,2.47%,49.54%,0.12%,42.75%,13.48%,725.25,881.35
1869,BR-3653,State Bank of India (Consolidated),Bhopal,Urban,2018,Post-Merger,2017-04-01,4.61%,1.67%,44.72%,0.83%,47.39%,15.28%,967.28,"1,285.59"
1870,BR-8716,State Bank of Bikaner and Jaipur,Chennai,Semi-Urban,2016,Pre-Merger,01/04/2017,5.33%,3.49%,55.63%,-0.70%,40.51%,11.42%,258.77,301.31
1871,BR-4198,State Bank of India (Consolidated),Thiruvananthapuram,Urban,2019,Post-Merger,2017-04-01,7.42%,2.53%,47.89%,0.58%,43.86%,15.99%,140.41,166.91
1872,BR-7603,State Bank of Hyderabad,Chandigarh,Rural,2014,Pre-Merger,01/04/2017,7.43%,4.69%,51.93%,0.08%,40.84%,10.47%,"1,217.37","1,529.26"
1873,BR-8668,State Bank of India (Consolidated),Bhopal,Metro,2018,Post-Merger,2017-04-01,4.27%,1.83%,47.54%,0.95%,53.92%,11.50%,745.54,999.49
1874,BR-2918,State Bank of Bikaner and Jaipur   ,Bhopal,Semi-Urban,2015,Pre-Merger,01/04/2017,11.08%,7.46%,52.90%,0.56%,38.88%,12.74%,190.43,266.82
1875,BR-9548,State Bank of India (Consolidated),Hyderabad,Metro,2021,Post-Merger,01/04/2017,7.77%,3.20%,43.73%,0.43%,43.99%,15.71%,795.12,948.96
1876,BR-6937,State Bank of Mysore,Chandigarh,Metro,2017,Pre-Merger,2017-04-01,12.95%,7.58%,50.61%,0.50%,37.94%,12.32%,853.69,"1,123.29"
1877,BR-3022,State Bank of India (Consolidated),Chandigarh,Semi-Urban,2020,Post-Merger,01/04/2017,3.34%,1.23%,46.40%,0.97%,43.58%,12.79%,"1,315.33","1,733.29"
1878,BR-9853,State Bank of India (Parent),Kolkata,Rural,2017,Pre-Merger,01/04/2017,6.14%,3.29%,49.30%,0.14%,39.24%,10.84%,"1,445.74","1,994.07"
1879,BR-8086,State Bank of India (Consolidated)   ,Chandigarh,Rural,2019,Post-Merger,01/04/2017,2.62%,0.87%,37.99%,0.58%,40.75%,16.81%,"1,161.67","1,460.96"
1880,BR-8842,State Bank of Travancore,Mumbai Metro,Semi-Urban,2015,Pre-Merger,2017-04-01,16.99%,9.73%,50.75%,-0.03%,49.32%,12.26%,"1,355.47","1,824.10"
1881,BR-2311,State Bank of Bikaner and Jaipur,Ahmedabad,Metro,2017,Pre-Merger,2017-04-01,12.32%,7.17%,55.45%,0.37%,41.66%,11.77%,"1,096.88","1,278.00"
1882,BR-7148,State Bank of Travancore,Chennai,Metro,2016,Pre-Merger,2017-04-01,8.43%,5.09%,54.22%,1.19%,41.58%,13.57%,86.44,122.74
1883,BR-9191,State Bank of Bikaner and Jaipur,Hyderabad,Semi-Urban,2015,Pre-Merger,2017-04-01,11.95%,6.72%,45.81%,1.15%,39.50%,12.62%,797.94,990.66
1884,BR-8547,State Bank of India (Consolidated),Mumbai Metro,Urban,2021,Post-Merger,2017-04-01,3.83%,1.47%,50.67%,0.89%,45.51%,14.06%,384.80,453.39
1885,BR-2733,State Bank of India (Consolidated),Kolkata,Semi-Urban,2021,Post-Merger,2017-04-01,4.26%,1.58%,41.88%,0.85%,46.37%,14.99%,"1,075.70","1,556.48"
1886,BR-5721,State Bank of India (Consolidated),Chennai,Semi-Urban,2019,Post-Merger,01/04/2017,4.89%,1.78%,43.90%,0.85%,45.20%,13.85%,915.22,"1,312.92"
1887,BR-7960,State Bank of India (Consolidated),Thiruvananthapuram,Rural,2021,Post-Merger,2017-04-01,7.13%,2.64%,50.16%,1.03%,44.75%,13.85%,409.05,503.86
1888,BR-4992,State Bank of Patiala,Kolkata,Semi-Urban,2016,Pre-Merger,2017-04-01,13.11%,8.44%,45.88%,0.02%,43.99%,12.92%,"1,067.40","1,237.79"
1889,BR-9422,State Bank of Travancore,Kolkata,Rural,2017,Pre-Merger,2017-04-01,11.37%,7.38%,46.40%,1.06%,39.60%,12.63%,542.69,641.19
1890,BR-1122,State Bank of India (Consolidated),Bengaluru,Metro,2018,Post-Merger,2017-04-01,6.29%,1.97%,44.34%,0.94%,47.65%,14.53%,887.31,"1,027.29"
1891,BR-3824,State Bank of Bikaner and Jaipur,Kolkata,Semi-Urban,2014,Pre-Merger,2017-04-01,12.09%,7.80%,51.96%,0.31%,42.39%,13.11%,504.97,702.88
1892,BR-3511,State Bank of Mysore,Delhi NCR,Semi-Urban,2016,Pre-Merger,2017-04-01,7.24%,3.69%,53.86%,0.14%,38.90%,12.61%,725.38,874.47
1893,BR-4679,State Bank of Hyderabad,Kolkata,Metro,2014,Pre-Merger,2017-04-01,5.95%,3.55%,53.67%,0.04%,39.89%,14.50%,146.61,186.29
1894,BR-9704,State Bank of India (Consolidated),Delhi NCR,Urban,2019,Post-Merger,2017-04-01,4.22%,1.82%,46.27%,0.52%,47.82%,15.25%,117.42,150.88
1895,BR-3184,State Bank of Bikaner and Jaipur,Kolkata,Rural,2014,Pre-Merger,2017-04-01,8.32%,5.10%,54.74%,1.07%,44.92%,10.59%,832.04,"1,053.49"
1896,BR-3424,State Bank of Mysore,Kolkata,Metro,2017,Pre-Merger,2017-04-01,13.63%,8.50%,58.58%,0.16%,39.69%,12.58%,"1,364.06","1,749.08"
1897,BR-4114,State Bank of India (Consolidated),Thiruvananthapuram,Rural,2019,Post-Merger,2017-04-01,7.36%,2.18%,46.49%,0.52%,40.86%,14.66%,446.65,643.71
1898,BR-2613,State Bank of India (Consolidated),Bengaluru,Urban,2021,Post-Merger,01/04/2017,5.22%,1.50%,44.77%,0.85%,49.53%,14.70%,581.73,681.41
1899,BR-4158,State Bank of India (Consolidated),Jaipur,Urban,2020,Post-Merger,2017-04-01,5.79%,2.14%,53.61%,0.88%,44.32%,14.60%,"1,470.87","1,847.97"
1900,BR-8008,State Bank of Bikaner and Jaipur,Lucknow,Metro,2016,Pre-Merger,2017-04-01,10.10%,6.79%,52.10%,1.03%,41.56%,12.58%,380.14,441.69
1901,BR-9163,State Bank of Patiala,Hyderabad,Semi-Urban,2016,Pre-Merger,2017-04-01,14.58%,9.06%,50.75%,0.54%,40.27%,10.04%,313.39,404.91
1902,BR-8644,State Bank of India (Consolidated),Bhopal,Urban,2021,Post-Merger,2017-04-01,7.54%,3.08%,50.75%,0.10%,51.52%,13.15%,459.98,550.05
1903,BR-6419,State Bank of Patiala,Thiruvananthapuram,Urban,2016,Pre-Merger,2017-04-01,8.11%,4.26%,65.72%,0.53%,42.84%,13.19%,173.22,226.81
1904,BR-1373,State Bank of Mysore,Lucknow,Rural,2015,Pre-Merger,2017-04-01,9.15%,5.88%,48.98%,0.60%,42.87%,12.07%,489.21,571.82
1905,BR-6394,State Bank of Mysore,Chennai,Semi-Urban,2017,Pre-Merger,01/04/2017,9.28%,5.57%,54.18%,0.16%,45.67%,13.10%,"1,201.37","1,451.45"
1906,BR-5655,State Bank of India (Consolidated),Bhopal,Urban,2021,Post-Merger,2017-04-01,6.36%,1.75%,46.01%,1.60%,49.17%,14.16%,"1,350.67","1,737.04"
1907,BR-4486,State Bank of India (Consolidated),Thiruvananthapuram,Urban,2019,Post-Merger,2017-04-01,6.17%,1.89%,48.85%,1.57%,47.45%,15.42%,332.39,385.60
1908,BR-6713,State Bank of India (Consolidated),Bhopal,Metro,2021,Post-Merger,2017-04-01,9.33%,3.27%,46.62%,1.05%,46.21%,15.45%,"1,086.13","1,538.03"
1909,BR-1684,State Bank of India (Parent),Hyderabad,Urban,2016,Pre-Merger,2017-04-01,7.83%,3.99%,53.18%,1.12%,42.34%,12.28%,607.90,861.85
1910,BR-9401,State Bank of India (Consolidated),Chandigarh,Urban,2021,Post-Merger,01/04/2017,4.94%,1.59%,49.04%,1.05%,46.38%,13.13%,240.48,294.95
1911,BR-3389,State Bank of India (Consolidated),Kolkata,Urban,2018,Post-Merger,2017-04-01,5.59%,2.21%,47.99%,1.07%,43.32%,14.40%,"1,002.81","1,416.90"
1912,BR-3124,State Bank of India (Consolidated),Thiruvananthapuram,Urban,2018,Post-Merger,2017-04-01,9.66%,3.38%,43.55%,1.28%,47.32%,11.50%,941.99,"1,161.31"
1913,BR-6389,State Bank of Patiala,Delhi NCR,Semi-Urban,2014,Pre-Merger,2017-04-01,7.15%,4.86%,60.10%,0.07%,43.69%,11.54%,722.33,"1,015.05"
1914,BR-4904,State Bank of India (Consolidated),Delhi NCR,Metro,2018,Post-Merger,2017-04-01,4.02%,1.75%,49.81%,0.83%,41.93%,16.44%,885.04,"1,238.04"
1915,BR-6862,State Bank of Travancore,Kolkata,Semi-Urban,2016,Pre-Merger,2017-04-01,10.79%,6.30%,56.47%,1.05%,42.19%,14.04%,"1,202.74","1,568.29"
1916,BR-8007,State Bank of Patiala,Bhopal,Rural,2014,Pre-Merger,2017-04-01,10.79%,5.42%,51.15%,0.31%,34.96%,13.91%,807.03,"1,112.64"
1917,BR-5430,State Bank of India (Consolidated),Thiruvananthapuram,Urban,2020,Post-Merger,01/04/2017,4.77%,1.67%,47.36%,0.79%,41.95%,14.67%,"1,010.07","1,248.80"
1918,BR-1134,State Bank of India (Consolidated),Delhi NCR,Rural,2020,Post-Merger,2017-04-01,5.94%,2.03%,40.11%,0.66%,45.89%,14.02%,"1,143.33","1,429.19"
1919,BR-4752,State Bank of India (Parent),Ahmedabad,Metro,2015,Pre-Merger,01/04/2017,10.91%,5.81%,53.24%,0.61%,33.47%,13.51%,658.40,862.68
1920,BR-7710,State Bank of India (Consolidated),Chennai,Semi-Urban,2018,Post-Merger,2017-04-01,6.79%,2.66%,45.49%,1.28%,47.80%,13.29%,"1,032.10","1,458.22"
1921,BR-8895,State Bank of India (Consolidated),Mumbai Metro,Urban,2019,Post-Merger,2017-04-01,6.71%,2.52%,54.69%,1.37%,48.95%,13.33%,704.75,904.79
1922,BR-7652,State Bank of Patiala,Kolkata,Rural,2017,Pre-Merger,01/04/2017,7.13%,3.86%,53.61%,1.15%,34.04%,11.89%,"1,358.25","1,598.17"
1923,BR-5010,State Bank of India (Consolidated),Mumbai Metro,Metro,2019,Post-Merger,01/04/2017,8.34%,2.99%,49.35%,0.51%,40.95%,12.00%,629.10,890.41
1924,BR-1620,State Bank of India (Consolidated),Chandigarh,Metro,2021,Post-Merger,2017-04-01,8.28%,2.86%,40.56%,0.40%,45.86%,12.97%,508.60,685.72
1925,BR-7989,State Bank of India (Consolidated),Mumbai Metro,Urban,2021,Post-Merger,01/04/2017,9.47%,3.04%,45.80%,0.60%,49.14%,12.70%,"1,051.09","1,232.90"
1926,BR-7729,State Bank of India (Consolidated),Chennai,Metro,2020,Post-Merger,2017-04-01,4.64%,1.34%,47.99%,0.10%,48.45%,12.55%,556.83,701.70
1927,BR-8119,State Bank of Travancore   ,Chandigarh,Metro,2015,Pre-Merger,01/04/2017,9.94%,5.96%,58.70%,-0.35%,37.93%,14.50%,227.23,296.74
1928,BR-1741,State Bank of India (Consolidated),Chandigarh,Metro,2020,Post-Merger,2017-04-01,5.49%,2.44%,46.63%,0.62%,48.79%,14.86%,828.74,"1,041.99"
1929,BR-3034,State Bank of Mysore,Chandigarh,Semi-Urban,2016,Pre-Merger,2017-04-01,8.17%,4.38%,52.77%,-0.23%,39.40%,11.78%,"1,247.10","1,598.15"
1930,BR-7071,State Bank of Mysore,Kolkata,Semi-Urban,2016,Pre-Merger,2017-04-01,11.37%,5.98%,49.95%,0.51%,46.46%,10.05%,873.61,"1,035.86"
1931,BR-4472,State Bank of India (Parent),Kolkata,Urban,2015,Pre-Merger,2017-04-01,9.53%,5.17%,46.94%,-0.18%,42.13%,12.13%,957.18,"1,353.25"
1932,BR-1259,State Bank of India (Consolidated),Delhi NCR,Metro,2021,Post-Merger,2017-04-01,9.60%,3.28%,47.36%,0.64%,45.63%,11.75%,873.37,"1,067.28"
1933,BR-4480,State Bank of India (Consolidated),Lucknow,Urban,2019,Post-Merger,2017-04-01,6.98%,2.96%,50.27%,0.95%,45.62%,14.56%,134.25,191.72
1934,BR-4850,State Bank of India (Consolidated),Chennai,Urban,2021,Post-Merger,2017-04-01,5.67%,2.46%,44.02%,1.38%,48.11%,14.88%,704.41,968.16
1935,BR-9682,State Bank of India (Parent),Hyderabad,Semi-Urban,2014,Pre-Merger,2017-04-01,6.30%,3.45%,57.75%,-0.54%,37.25%,12.31%,793.47,"1,029.42"
1936,BR-3879,State Bank of India (Consolidated),Bengaluru,Metro,2019,Post-Merger,2017-04-01,4.55%,1.59%,50.99%,0.60%,43.04%,15.90%,"1,283.62","1,830.54"
1937,BR-7863,State Bank of India (Consolidated)   ,Hyderabad,Urban,2019,Post-Merger,01/04/2017,8.17%,3.55%,43.75%,0.94%,45.99%,14.60%,793.86,925.21
1938,BR-2728,State Bank of India (Parent),Kolkata,Urban,2015,Pre-Merger,2017-04-01,10.10%,5.19%,48.64%,-0.25%,43.25%,14.32%,276.33,393.09
1939,BR-1425,State Bank of India (Consolidated),Hyderabad,Urban,2019,Post-Merger,2017-04-01,6.10%,1.97%,46.65%,0.93%,46.18%,13.59%,120.96,151.10
1940,BR-7411,State Bank of India (Consolidated),Ahmedabad,Urban,2019,Post-Merger,2017-04-01,5.93%,2.31%,49.29%,0.84%,46.45%,15.78%,384.85,494.63
1941,BR-2526,State Bank of Hyderabad,Ahmedabad,Metro,2014,Pre-Merger,01/04/2017,8.61%,4.42%,54.59%,-0.66%,36.92%,12.82%,926.28,"1,196.38"
1942,BR-7396,State Bank of India (Consolidated),Thiruvananthapuram,Urban,2020,Post-Merger,2017-04-01,10.03%,2.71%,47.54%,1.30%,39.63%,13.46%,"1,274.74","1,542.34"
1943,BR-3045,State Bank of India (Consolidated),Bengaluru,Urban,2018,Post-Merger,2017-04-01,4.47%,1.93%,41.51%,0.80%,49.57%,13.25%,"1,434.80","1,737.28"
1944,BR-8948,State Bank of India (Consolidated),Hyderabad,Urban,2020,Post-Merger,2017-04-01,4.76%,1.21%,44.73%,0.38%,45.58%,13.94%,"1,316.48","1,587.53"
1945,BR-5848,State Bank of Travancore,Jaipur,Rural,2015,Pre-Merger,2017-04-01,6.04%,3.52%,51.89%,0.35%,35.13%,12.46%,"1,294.71","1,553.47"
1946,BR-2343,State Bank of Mysore,Chandigarh,Metro,2017,Pre-Merger,01/04/2017,12.36%,7.81%,50.02%,0.34%,50.79%,10.59%,976.79,"1,413.21"
1947,BR-4357,State Bank of India (Parent),Thiruvananthapuram,Urban,2014,Pre-Merger,2017-04-01,8.30%,5.46%,49.71%,1.20%,33.93%,12.17%,"1,320.55","1,825.05"
1948,BR-7449,State Bank of Mysore,Lucknow,Urban,2017,Pre-Merger,01/04/2017,5.54%,2.92%,53.75%,0.39%,47.71%,13.47%,427.19,611.35
1949,BR-3894,State Bank of India (Parent),Bengaluru,Urban,2016,Pre-Merger,01/04/2017,14.32%,9.38%,61.90%,1.20%,50.57%,13.04%,"1,109.73","1,364.27"
1950,BR-7241,State Bank of Bikaner and Jaipur,Chandigarh,Semi-Urban,2014,Pre-Merger,2017-04-01,10.02%,5.22%,58.20%,0.68%,37.42%,13.03%,"1,438.42","1,665.08"
1951,BR-1026,State Bank of India (Consolidated),Lucknow,Rural,2018,Post-Merger,01/04/2017,9.16%,3.91%,42.20%,1.40%,44.63%,13.95%,"1,194.78","1,547.00"
1952,BR-7421,State Bank of India (Parent),Chennai,Metro,2016,Pre-Merger,2017-04-01,13.67%,8.08%,54.40%,-0.29%,40.73%,10.26%,"1,428.48","1,766.62"
1953,BR-6928,State Bank of Hyderabad   ,Ahmedabad,Semi-Urban,2016,Pre-Merger,01/04/2017,11.34%,7.15%,,0.08%,36.99%,12.91%,902.20,"1,051.02"
1954,BR-4891,State Bank of India (Consolidated),Chandigarh,Semi-Urban,2020,Post-Merger,2017-04-01,4.27%,1.16%,51.99%,1.03%,45.09%,11.67%,"1,422.91","2,039.97"
1955,BR-7601,State Bank of India (Consolidated),Chennai,Urban,2021,Post-Merger,2017-04-01,3.56%,1.38%,45.65%,0.36%,41.34%,13.68%,"1,176.21","1,647.50"
1956,BR-7085,State Bank of India (Consolidated),Delhi NCR,Metro,2020,Post-Merger,2017-04-01,2.67%,1.00%,46.08%,0.43%,44.38%,12.68%,215.03,262.92
1957,BR-3583,State Bank of India (Parent),Lucknow,Semi-Urban,2017,Pre-Merger,2017-04-01,12.93%,8.51%,45.83%,0.84%,35.20%,11.71%,"1,425.08","1,958.48"
1958,BR-7664,State Bank of India (Parent),Mumbai Metro,Rural,2017,Pre-Merger,2017-04-01,6.52%,3.57%,62.07%,0.74%,41.28%,11.67%,322.05,383.92
1959,BR-7426,State Bank of India (Parent),Kolkata,Semi-Urban,2015,Pre-Merger,2017-04-01,11.98%,7.91%,52.73%,-0.49%,45.21%,12.78%,371.46,500.93
1960,BR-2140,State Bank of India (Consolidated),Mumbai Metro,Rural,2021,Post-Merger,2017-04-01,5.12%,1.50%,51.04%,1.04%,43.17%,12.19%,133.06,162.48
1961,BR-5735,State Bank of Travancore,Bengaluru,Metro,2017,Pre-Merger,2017-04-01,13.45%,8.37%,58.11%,-0.05%,43.09%,13.47%,107.75,127.90
1962,BR-8618,State Bank of India (Consolidated),Kolkata,Urban,2018,Post-Merger,2017-04-01,6.29%,1.94%,43.18%,1.06%,50.14%,13.18%,"1,203.09","1,447.23"
1963,BR-3978,State Bank of India (Consolidated),Mumbai Metro,Rural,2020,Post-Merger,01/04/2017,3.74%,1.36%,37.26%,0.73%,45.71%,13.46%,"1,139.44","1,386.58"
1964,BR-6626,State Bank of Travancore,Hyderabad,Urban,2014,Pre-Merger,2017-04-01,9.51%,5.50%,49.15%,0.85%,43.42%,14.50%,941.70,"1,275.81"
1965,BR-8069,State Bank of India (Consolidated),Jaipur,Semi-Urban,2021,Post-Merger,01/04/2017,4.63%,1.44%,44.51%,1.03%,46.65%,15.26%,851.86,997.25
1966,BR-5212,State Bank of India (Consolidated),Ahmedabad,Rural,2020,Post-Merger,01/04/2017,6.87%,2.06%,45.53%,1.40%,46.19%,11.92%,619.10,754.68
1967,BR-1833,State Bank of India (Parent),Hyderabad,Urban,2015,Pre-Merger,2017-04-01,10.85%,6.07%,53.06%,0.79%,43.29%,11.58%,"1,411.98","1,903.42"
1968,BR-2260,State Bank of Bikaner and Jaipur,Ahmedabad,Rural,2017,Pre-Merger,01/04/2017,14.17%,8.12%,58.35%,-0.84%,45.05%,13.08%,909.99,"1,073.10"
1969,BR-1249,State Bank of India (Consolidated),Bhopal,Semi-Urban,2019,Post-Merger,2017-04-01,6.63%,2.72%,47.64%,0.96%,43.37%,12.01%,819.35,950.55
1970,BR-4679,State Bank of Patiala,Bengaluru,Rural,2015,Pre-Merger,2017-04-01,6.09%,3.47%,48.60%,0.63%,43.91%,12.04%,884.36,"1,256.30"
1971,BR-7716,State Bank of India (Consolidated),Hyderabad,Urban,2019,Post-Merger,2017-04-01,8.07%,2.99%,51.92%,0.43%,48.72%,16.06%,"1,292.82","1,853.71"
1972,BR-7659,State Bank of India (Consolidated),Bhopal,Rural,2018,Post-Merger,01/04/2017,7.26%,1.82%,44.11%,0.67%,42.94%,12.48%,"1,477.11","1,949.52"
1973,BR-1683,State Bank of Mysore,Chennai,Semi-Urban,2017,Pre-Merger,2017-04-01,13.77%,7.51%,44.92%,0.76%,44.29%,11.87%,680.32,937.47
1974,BR-4613,State Bank of Mysore,Chennai,Metro,2016,Pre-Merger,01/04/2017,5.81%,3.49%,58.55%,-0.60%,36.34%,11.64%,"1,038.60","1,289.84"
1975,BR-1158,State Bank of India (Parent),Lucknow,Urban,2017,Pre-Merger,2017-04-01,6.57%,4.39%,57.57%,-1.39%,45.77%,14.17%,722.21,858.40
1976,BR-7459,State Bank of India (Consolidated),Chennai,Metro,2018,Post-Merger,2017-04-01,4.74%,1.20%,47.91%,0.43%,43.82%,13.64%,540.67,648.30
1977,BR-3421,State Bank of India (Consolidated),Kolkata,Urban,2020,Post-Merger,2017-04-01,4.64%,1.79%,52.53%,0.59%,46.88%,14.84%,"1,388.62","1,782.64"
1978,BR-3173,State Bank of India (Consolidated),Mumbai Metro,Rural,2019,Post-Merger,2017-04-01,3.61%,1.28%,44.37%,0.55%,49.12%,13.74%,167.26,203.31
1979,BR-6873,State Bank of India (Consolidated)   ,Bhopal,Semi-Urban,2019,Post-Merger,01/04/2017,4.33%,,,1.18%,49.57%,14.10%,817.65,"1,096.22"
1980,BR-5247,State Bank of India (Parent),Jaipur,Urban,2016,Pre-Merger,2017-04-01,17.08%,9.19%,55.94%,0.24%,42.27%,13.92%,437.92,518.18
1981,BR-4048,State Bank of India (Consolidated),Mumbai Metro,Semi-Urban,2021,Post-Merger,2017-04-01,5.42%,1.71%,52.51%,1.02%,50.53%,12.71%,548.25,713.13
1982,BR-8323,State Bank of Hyderabad,Chennai,Rural,2015,Pre-Merger,2017-04-01,6.09%,3.76%,51.59%,-0.29%,40.23%,12.08%,935.74,"1,356.30"
1983,BR-2009,State Bank of India (Consolidated),Chandigarh,Semi-Urban,2018,Post-Merger,2017-04-01,6.57%,1.94%,53.13%,0.77%,44.92%,12.52%,668.67,892.38
1984,BR-1282,State Bank of India (Consolidated),Chandigarh,Semi-Urban,2020,Post-Merger,2017-04-01,6.28%,1.64%,45.50%,0.83%,44.61%,13.45%,"1,425.16","1,680.70"
1985,BR-7358,State Bank of Patiala,Lucknow,Urban,2017,Pre-Merger,2017-04-01,9.55%,5.81%,56.67%,0.92%,37.77%,12.84%,407.46,480.55
1986,BR-7911,State Bank of India (Consolidated),Hyderabad,Urban,2018,Post-Merger,2017-04-01,4.73%,1.32%,46.54%,1.29%,47.86%,15.25%,355.33,463.03
1987,BR-1242,State Bank of India (Consolidated),Bengaluru,Urban,2020,Post-Merger,2017-04-01,5.13%,1.94%,40.94%,1.10%,45.51%,14.03%,723.73,"1,002.71"
1988,BR-5652,State Bank of India (Consolidated)   ,Bengaluru,Rural,2019,Post-Merger,01/04/2017,8.14%,,,0.75%,41.59%,15.45%,847.32,"1,039.24"
1989,BR-3054,State Bank of India (Consolidated)   ,Hyderabad,Rural,2021,Post-Merger,01/04/2017,5.72%,,,1.60%,43.17%,15.86%,"1,237.80","1,509.08"
1990,BR-2722,State Bank of India (Consolidated),Chandigarh,Urban,2018,Post-Merger,2017-04-01,5.78%,2.59%,46.72%,0.36%,41.83%,13.64%,208.34,272.84
1991,BR-4589,State Bank of India (Parent),Bhopal,Rural,2016,Pre-Merger,2017-04-01,10.93%,6.65%,63.02%,0.84%,44.71%,9.63%,843.28,"1,124.71"
1992,BR-1728,State Bank of India (Consolidated),Lucknow,Metro,2019,Post-Merger,01/04/2017,7.24%,2.45%,44.45%,0.74%,46.77%,14.71%,"1,202.84","1,652.05"
1993,BR-5111,State Bank of India (Parent)   ,Bengaluru,Urban,2016,Pre-Merger,01/04/2017,8.05%,4.29%,,0.77%,36.20%,9.55%,"1,171.17","1,507.32"
1994,BR-5339,State Bank of India (Parent),Lucknow,Metro,2016,Pre-Merger,2017-04-01,4.02%,2.46%,59.77%,-0.61%,37.43%,12.34%,"1,214.46","1,751.19"
1995,BR-5777,State Bank of India (Consolidated),Delhi NCR,Semi-Urban,2019,Post-Merger,2017-04-01,4.41%,1.34%,42.66%,0.76%,45.88%,14.80%,"1,328.46","1,650.98"
1996,BR-4915,State Bank of India (Consolidated),Hyderabad,Semi-Urban,2020,Post-Merger,01/04/2017,5.82%,1.47%,51.26%,0.67%,51.09%,13.32%,"1,062.53","1,287.40"
1997,BR-6171,State Bank of Patiala,Hyderabad,Metro,2017,Pre-Merger,2017-04-01,9.70%,5.85%,63.83%,1.20%,37.59%,13.10%,"1,303.48","1,538.85"
1998,BR-3921,State Bank of India (Consolidated),Ahmedabad,Urban,2020,Post-Merger,2017-04-01,9.29%,3.85%,48.69%,0.67%,37.47%,14.05%,"1,020.66","1,278.29"
1999,BR-6005,State Bank of India (Consolidated),Chennai,Metro,2020,Post-Merger,2017-04-01,7.40%,2.34%,43.40%,1.21%,40.56%,13.18%,604.21,835.88
2000,BR-2350,State Bank of India (Consolidated),Bengaluru,Metro,2018,Post-Merger,01/04/2017,4.53%,1.93%,49.96%,0.90%,41.18%,13.04%,"1,288.81","1,634.51"
2001,BR-3781,State Bank of Travancore,Jaipur,Metro,2017,Pre-Merger,2017-04-01,9.27%,5.95%,54.54%,0.98%,37.96%,12.04%,356.33,476.67
2002,BR-9613,State Bank of Bikaner and Jaipur,Delhi NCR,Semi-Urban,2014,Pre-Merger,2017-04-01,10.42%,6.53%,58.54%,0.07%,43.72%,12.26%,191.92,250.32
2003,BR-4340,State Bank of India (Consolidated),Bengaluru,Semi-Urban,2018,Post-Merger,2017-04-01,5.72%,2.05%,40.90%,0.59%,50.34%,15.80%,640.03,911.64
2004,BR-5404,State Bank of India (Consolidated)   ,Lucknow,Metro,2018,Post-Merger,01/04/2017,1.50%,0.40%,51.50%,0.66%,39.96%,13.48%,"1,496.89","2,113.52"
2005,BR-5552,Bharatiya Mahila Bank,Jaipur,Metro,2016,Pre-Merger,2017-04-01,11.55%,6.17%,58.01%,-0.06%,45.82%,14.50%,945.30,"1,293.13"
2006,BR-2588,State Bank of India (Consolidated),Jaipur,Semi-Urban,2019,Post-Merger,2017-04-01,7.15%,2.35%,40.65%,0.99%,42.79%,12.74%,"1,235.64","1,579.08"
2007,BR-4771,State Bank of Travancore,Hyderabad,Rural,2015,Pre-Merger,2017-04-01,12.91%,6.55%,53.16%,0.09%,37.55%,13.25%,95.91,128.74
2008,BR-6085,State Bank of India (Consolidated),Ahmedabad,Semi-Urban,2020,Post-Merger,2017-04-01,5.09%,1.78%,49.37%,0.35%,44.20%,13.60%,969.90,"1,403.80"
2009,BR-3997,Bharatiya Mahila Bank,Hyderabad,Urban,2014,Pre-Merger,2017-04-01,2.66%,1.76%,60.46%,0.16%,40.16%,11.36%,609.87,778.85
2010,BR-8039,State Bank of Patiala,Ahmedabad,Urban,2015,Pre-Merger,01/04/2017,10.61%,6.08%,54.64%,0.34%,44.48%,11.63%,"1,023.19","1,441.05"
2011,BR-6723,State Bank of Patiala,Lucknow,Urban,2016,Pre-Merger,01/04/2017,11.50%,7.27%,55.94%,1.20%,39.84%,10.85%,563.50,701.74
2012,BR-7742,State Bank of India (Consolidated),Chennai,Metro,2020,Post-Merger,2017-04-01,6.50%,2.71%,46.40%,1.12%,43.81%,13.90%,"1,401.30","1,639.17"
2013,BR-4058,State Bank of Bikaner and Jaipur,Ahmedabad,Metro,2016,Pre-Merger,2017-04-01,7.94%,4.40%,58.31%,0.79%,41.12%,12.90%,699.06,884.98
2014,BR-1272,State Bank of Travancore,Jaipur,Rural,2016,Pre-Merger,2017-04-01,11.76%,7.92%,57.50%,0.61%,37.63%,14.50%,"1,092.65","1,330.03"
2015,BR-1602,State Bank of India (Consolidated)   ,Jaipur,Semi-Urban,2021,Post-Merger,01/04/2017,6.72%,2.62%,46.67%,1.06%,48.29%,11.50%,663.50,918.57
2016,BR-6647,State Bank of India (Parent),Jaipur,Urban,2015,Pre-Merger,01/04/2017,9.31%,5.29%,49.87%,0.78%,42.36%,12.15%,385.12,540.86
2017,BR-5836,State Bank of India (Consolidated)   ,Bengaluru,Urban,2020,Post-Merger,01/04/2017,8.29%,2.12%,53.82%,0.64%,43.34%,11.52%,"1,344.72","1,793.36"
2018,BR-1076,State Bank of Bikaner and Jaipur,Delhi NCR,Semi-Urban,2016,Pre-Merger,2017-04-01,7.34%,4.76%,49.84%,-0.60%,37.91%,11.75%,436.19,590.90
2019,BR-5927,State Bank of India (Consolidated),Thiruvananthapuram,Semi-Urban,2021,Post-Merger,01/04/2017,7.89%,3.25%,44.97%,0.62%,51.79%,14.14%,277.75,323.06
2020,BR-5438,State Bank of Patiala,Thiruvananthapuram,Urban,2016,Pre-Merger,01/04/2017,9.76%,6.27%,58.47%,0.51%,41.90%,12.26%,222.50,285.20
2021,BR-5380,State Bank of India (Parent)   ,Lucknow,Metro,2014,Pre-Merger,01/04/2017,11.09%,6.31%,55.31%,0.54%,43.24%,12.79%,251.14,311.53
2022,BR-8702,State Bank of India (Consolidated),Thiruvananthapuram,Semi-Urban,2018,Post-Merger,2017-04-01,6.90%,2.12%,44.18%,0.66%,51.30%,12.04%,245.47,327.56
2023,BR-9166,State Bank of India (Consolidated),Kolkata,Urban,2021,Post-Merger,2017-04-01,7.29%,2.86%,41.38%,1.32%,43.53%,13.93%,380.02,469.73
2024,BR-3796,State Bank of India (Parent)   ,Chandigarh,Metro,2017,Pre-Merger,01/04/2017,6.46%,3.31%,60.11%,0.65%,36.54%,10.46%,"1,238.99","1,507.58"
2025,BR-9796,State Bank of India (Parent),Lucknow,Urban,2016,Pre-Merger,01/04/2017,4.97%,3.17%,52.64%,0.12%,43.64%,11.94%,227.69,283.87
2026,BR-9475,State Bank of India (Parent),Lucknow,Metro,2015,Pre-Merger,2017-04-01,8.54%,4.52%,52.47%,0.06%,41.02%,12.34%,852.87,"1,072.29"
2027,BR-4390,State Bank of India (Parent),Thiruvananthapuram,Metro,2016,Pre-Merger,2017-04-01,14.11%,7.10%,56.19%,0.51%,40.82%,13.44%,"1,448.25","1,963.12"
2028,BR-5810,State Bank of India (Consolidated),Thiruvananthapuram,Urban,2019,Post-Merger,2017-04-01,6.39%,2.55%,51.99%,1.37%,42.27%,15.23%,892.06,"1,090.71"
2029,BR-3974,State Bank of Patiala,Ahmedabad,Rural,2016,Pre-Merger,2017-04-01,10.75%,5.67%,56.79%,0.56%,45.09%,12.99%,433.34,529.49
2030,BR-2889,State Bank of India (Consolidated),Thiruvananthapuram,Urban,2018,Post-Merger,01/04/2017,6.26%,2.47%,45.63%,0.45%,42.78%,14.24%,230.90,330.25
2031,BR-9894,State Bank of India (Consolidated),Jaipur,Semi-Urban,2020,Post-Merger,2017-04-01,4.59%,1.83%,46.49%,0.94%,43.75%,14.58%,"1,173.19","1,409.65"
2032,BR-2569,State Bank of India (Parent),Kolkata,Metro,2014,Pre-Merger,01/04/2017,13.02%,8.61%,59.58%,1.16%,45.62%,12.44%,"1,463.88","2,103.79"
2033,BR-8035,State Bank of Bikaner and Jaipur,Delhi NCR,Metro,2016,Pre-Merger,2017-04-01,12.05%,8.05%,51.15%,0.31%,32.86%,11.09%,759.37,883.14
2034,BR-1554,State Bank of India (Consolidated),Bhopal,Semi-Urban,2019,Post-Merger,2017-04-01,4.76%,1.82%,44.77%,0.35%,38.32%,15.62%,"1,171.01","1,651.38"
2035,BR-4271,State Bank of India (Consolidated),Lucknow,Rural,2019,Post-Merger,01/04/2017,6.91%,3.06%,50.46%,0.62%,46.81%,15.11%,997.38,"1,290.83"
2036,BR-6259,State Bank of Patiala,Jaipur,Semi-Urban,2014,Pre-Merger,2017-04-01,13.68%,7.28%,53.79%,0.73%,30.80%,11.28%,478.38,678.59
2037,BR-6982,State Bank of Patiala,Jaipur,Urban,2015,Pre-Merger,2017-04-01,7.44%,4.64%,58.96%,0.67%,48.06%,13.74%,196.25,265.15
2038,BR-3168,State Bank of India (Consolidated),Ahmedabad,Rural,2019,Post-Merger,2017-04-01,9.49%,4.12%,43.37%,1.14%,52.77%,14.34%,354.58,433.95
2039,BR-8483,State Bank of India (Consolidated),Ahmedabad,Urban,2018,Post-Merger,2017-04-01,2.69%,1.04%,50.18%,0.67%,46.61%,11.80%,482.37,679.30
2040,BR-6334,State Bank of India (Consolidated),Jaipur,Metro,2020,Post-Merger,2017-04-01,4.94%,1.77%,44.86%,1.23%,42.35%,13.81%,420.32,504.11
2041,BR-1827,State Bank of Travancore,Bhopal,Semi-Urban,2014,Pre-Merger,2017-04-01,9.54%,5.21%,55.01%,0.06%,38.95%,12.33%,881.21,"1,116.64"
2042,BR-7857,State Bank of Hyderabad,Jaipur,Urban,2016,Pre-Merger,2017-04-01,7.94%,5.01%,57.33%,0.39%,42.18%,11.62%,"1,250.72","1,701.97"
2043,BR-6279,State Bank of India (Consolidated),Chandigarh,Rural,2019,Post-Merger,2017-04-01,5.08%,1.59%,49.36%,0.58%,38.75%,13.53%,683.30,940.46
2044,BR-8796,State Bank of India (Consolidated),Delhi NCR,Metro,2021,Post-Merger,2017-04-01,5.02%,1.47%,48.16%,1.34%,41.76%,13.35%,478.28,611.62
2045,BR-5968,State Bank of India (Consolidated),Lucknow,Urban,2018,Post-Merger,01/04/2017,5.22%,1.37%,47.47%,0.90%,51.97%,14.64%,920.14,"1,214.20"
2046,BR-1598,State Bank of India (Consolidated),Delhi NCR,Urban,2021,Post-Merger,2017-04-01,2.13%,0.55%,51.27%,0.22%,47.06%,13.98%,887.11,"1,225.46"
2047,BR-6615,State Bank of India (Parent),Mumbai Metro,Metro,2015,Pre-Merger,01/04/2017,6.23%,3.42%,51.19%,0.26%,37.56%,11.87%,"1,204.92","1,547.71"
2048,BR-2904,State Bank of India (Consolidated),Lucknow,Metro,2019,Post-Merger,2017-04-01,2.97%,0.76%,48.23%,1.11%,45.82%,15.72%,931.30,"1,266.81"
2049,BR-3227,State Bank of India (Consolidated),Chennai,Urban,2021,Post-Merger,2017-04-01,5.45%,2.40%,46.48%,0.31%,44.48%,15.03%,204.58,256.06
2050,BR-6233,State Bank of India (Parent),Thiruvananthapuram,Rural,2017,Pre-Merger,2017-04-01,14.32%,9.68%,48.77%,-0.13%,38.78%,11.70%,"1,498.77","1,856.28"
2051,BR-2547,State Bank of India (Consolidated),Hyderabad,Metro,2020,Post-Merger,2017-04-01,7.59%,1.97%,42.58%,0.35%,42.23%,13.36%,"1,415.78","1,700.57"
2052,BR-3392,State Bank of Patiala,Chandigarh,Metro,2015,Pre-Merger,2017-04-01,11.20%,6.56%,53.58%,1.05%,44.78%,12.15%,919.71,"1,300.68"
2053,BR-3581,State Bank of India (Consolidated),Delhi NCR,Semi-Urban,2019,Post-Merger,2017-04-01,5.62%,2.22%,49.45%,0.80%,36.31%,12.32%,562.52,755.65
2054,BR-9963,State Bank of Patiala,Bengaluru,Metro,2015,Pre-Merger,01/04/2017,10.30%,5.86%,49.70%,0.97%,35.27%,13.43%,470.57,624.74
2055,BR-1709,State Bank of Travancore,Mumbai Metro,Semi-Urban,2014,Pre-Merger,2017-04-01,8.29%,4.84%,53.96%,0.81%,43.69%,11.18%,621.54,888.57
2056,BR-3716,State Bank of India (Consolidated),Hyderabad,Semi-Urban,2020,Post-Merger,2017-04-01,5.90%,2.30%,48.58%,1.27%,46.03%,15.43%,405.66,532.43
2057,BR-7323,State Bank of India (Consolidated),Thiruvananthapuram,Urban,2020,Post-Merger,2017-04-01,10.02%,4.27%,45.08%,0.88%,46.16%,15.31%,454.66,581.59
2058,BR-8148,State Bank of India (Consolidated)   ,Kolkata,Urban,2021,Post-Merger,01/04/2017,6.45%,2.08%,48.95%,0.12%,45.82%,13.15%,846.35,"1,067.86"
2059,BR-9313,State Bank of India (Parent),Lucknow,Urban,2017,Pre-Merger,2017-04-01,8.24%,5.40%,53.23%,0.98%,36.62%,12.90%,"1,114.97","1,285.06"
2060,BR-6263,State Bank of Bikaner and Jaipur,Hyderabad,Metro,2016,Pre-Merger,01/04/2017,7.22%,3.83%,47.87%,-0.17%,38.27%,13.44%,989.76,"1,338.33"
2061,BR-9275,State Bank of India (Parent),Chennai,Rural,2017,Pre-Merger,2017-04-01,12.21%,7.59%,52.36%,0.50%,40.76%,12.86%,"1,283.04","1,784.20"
2062,BR-8156,State Bank of India (Parent),Kolkata,Metro,2015,Pre-Merger,2017-04-01,5.31%,3.12%,52.13%,0.63%,40.14%,12.76%,331.31,444.40
2063,BR-3448,State Bank of India (Consolidated),Bhopal,Metro,2019,Post-Merger,2017-04-01,5.45%,2.02%,58.00%,0.67%,43.67%,14.55%,471.03,644.92
2064,BR-3894,State Bank of India (Parent),Jaipur,Metro,2015,Pre-Merger,2017-04-01,11.04%,6.99%,53.62%,0.95%,34.26%,11.38%,"1,325.25","1,741.82"
2065,BR-6493,State Bank of India (Consolidated),Chennai,Semi-Urban,2018,Post-Merger,2017-04-01,9.45%,3.09%,44.00%,0.10%,43.14%,13.59%,"1,015.43","1,275.81"
2066,BR-8849,State Bank of India (Consolidated),Hyderabad,Metro,2021,Post-Merger,2017-04-01,6.20%,2.78%,44.53%,0.10%,46.69%,15.68%,132.91,186.46
2067,BR-1159,State Bank of India (Consolidated),Lucknow,Urban,2019,Post-Merger,01/04/2017,7.43%,2.76%,43.67%,1.08%,48.43%,14.92%,900.62,"1,232.27"
2068,BR-5942,State Bank of Travancore,Kolkata,Metro,2016,Pre-Merger,01/04/2017,9.10%,5.40%,47.84%,0.27%,38.68%,12.65%,777.41,992.28
2069,BR-1968,State Bank of Hyderabad,Ahmedabad,Urban,2014,Pre-Merger,2017-04-01,5.86%,3.57%,52.71%,0.27%,35.63%,12.95%,"1,389.38","1,614.34"
2070,BR-6421,State Bank of India (Consolidated),Lucknow,Urban,2021,Post-Merger,01/04/2017,9.42%,2.59%,44.25%,1.26%,46.18%,14.18%,329.69,422.90
2071,BR-1056,State Bank of India (Consolidated),Jaipur,Semi-Urban,2018,Post-Merger,2017-04-01,6.54%,2.02%,47.07%,0.73%,42.50%,11.61%,424.04,573.14
2072,BR-5477,State Bank of India (Consolidated),Bhopal,Rural,2020,Post-Merger,2017-04-01,6.99%,2.27%,41.17%,1.53%,43.10%,13.79%,317.97,400.67
2073,BR-5342,State Bank of Travancore,Bengaluru,Urban,2014,Pre-Merger,2017-04-01,8.98%,5.74%,53.91%,0.33%,46.04%,12.43%,338.64,475.73
2074,BR-6615,State Bank of India (Consolidated),Jaipur,Semi-Urban,2018,Post-Merger,01/04/2017,4.78%,1.31%,51.42%,0.34%,43.82%,13.07%,"1,078.27","1,450.53"
2075,BR-7871,State Bank of India (Consolidated),Bhopal,Rural,2019,Post-Merger,2017-04-01,3.71%,1.29%,43.37%,0.73%,40.76%,14.81%,626.93,837.07
2076,BR-4560,State Bank of India (Consolidated),Hyderabad,Urban,2021,Post-Merger,2017-04-01,6.76%,1.92%,44.50%,0.77%,49.85%,16.31%,369.86,513.87
2077,BR-6403,State Bank of Bikaner and Jaipur,Delhi NCR,Metro,2017,Pre-Merger,2017-04-01,8.67%,4.99%,56.32%,-0.28%,41.64%,10.40%,405.94,484.11
2078,BR-9165,State Bank of India (Consolidated),Lucknow,Urban,2018,Post-Merger,2017-04-01,7.21%,2.54%,48.29%,1.03%,50.25%,12.80%,583.66,797.33
2079,BR-2014,State Bank of Mysore,Jaipur,Metro,2014,Pre-Merger,01/04/2017,13.58%,8.66%,48.88%,-0.52%,43.06%,12.81%,188.74,250.19
2080,BR-6772,State Bank of India (Consolidated),Chennai,Metro,2018,Post-Merger,2017-04-01,7.61%,3.04%,48.26%,0.67%,45.65%,13.01%,709.65,863.31
2081,BR-5380,State Bank of Hyderabad,Bhopal,Metro,2014,Pre-Merger,01/04/2017,6.05%,3.68%,57.85%,-0.66%,41.96%,13.17%,685.78,918.23
2082,BR-7940,State Bank of Patiala,Kolkata,Semi-Urban,2014,Pre-Merger,2017-04-01,9.55%,5.37%,57.85%,-0.14%,38.91%,11.45%,691.92,864.51
2083,BR-8755,State Bank of India (Parent),Hyderabad,Semi-Urban,2016,Pre-Merger,2017-04-01,9.44%,6.23%,48.72%,1.05%,42.02%,13.84%,542.63,756.72
2084,BR-5558,State Bank of India (Consolidated),Bhopal,Urban,2021,Post-Merger,01/04/2017,6.07%,2.64%,50.12%,0.93%,46.25%,11.58%,"1,219.37","1,547.77"
2085,BR-8579,State Bank of India (Parent),Bengaluru,Semi-Urban,2016,Pre-Merger,2017-04-01,11.48%,6.22%,61.20%,0.15%,47.35%,13.44%,237.11,332.43
2086,BR-3091,State Bank of India (Consolidated),Thiruvananthapuram,Urban,2020,Post-Merger,2017-04-01,8.30%,2.40%,49.75%,0.68%,45.40%,14.97%,504.29,690.42
2087,BR-1305,State Bank of Bikaner and Jaipur,Hyderabad,Rural,2017,Pre-Merger,01/04/2017,6.42%,3.68%,55.35%,-0.31%,38.39%,11.59%,"1,162.49","1,409.58"
2088,BR-2909,State Bank of Mysore,Hyderabad,Semi-Urban,2017,Pre-Merger,2017-04-01,6.17%,3.90%,55.05%,-0.55%,44.14%,13.94%,626.89,897.73
2089,BR-3142,State Bank of India (Parent),Thiruvananthapuram,Rural,2017,Pre-Merger,2017-04-01,12.08%,7.48%,56.40%,-0.10%,46.69%,11.93%,"1,311.28","1,607.13"
2090,BR-9516,State Bank of Hyderabad,Hyderabad,Urban,2016,Pre-Merger,2017-04-01,3.24%,1.81%,59.89%,-0.10%,40.44%,11.90%,297.31,426.16
2091,BR-8093,State Bank of India (Consolidated),Mumbai Metro,Urban,2018,Post-Merger,01/04/2017,7.22%,2.36%,47.86%,1.34%,43.59%,12.90%,118.53,170.85
2092,BR-7767,State Bank of Mysore,Thiruvananthapuram,Metro,2015,Pre-Merger,01/04/2017,5.83%,3.77%,53.74%,0.22%,36.70%,11.61%,"1,367.18","1,661.22"
2093,BR-6210,State Bank of India (Consolidated),Jaipur,Metro,2018,Post-Merger,01/04/2017,7.07%,3.06%,51.21%,0.76%,47.55%,12.65%,130.74,161.32
2094,BR-6190,State Bank of India (Consolidated),Delhi NCR,Urban,2018,Post-Merger,01/04/2017,3.76%,1.00%,45.93%,0.34%,37.27%,12.97%,738.02,"1,006.64"
2095,BR-8069,State Bank of India (Consolidated),Bengaluru,Semi-Urban,2020,Post-Merger,2017-04-01,8.22%,2.86%,41.22%,0.94%,51.43%,13.79%,777.27,"1,050.09"
2096,BR-2878,State Bank of India (Parent),Bhopal,Semi-Urban,2015,Pre-Merger,2017-04-01,14.17%,7.73%,55.01%,0.81%,41.71%,10.98%,"1,173.88","1,602.96"
2097,BR-5794,State Bank of Hyderabad,Bhopal,Rural,2016,Pre-Merger,2017-04-01,11.41%,7.46%,55.80%,0.93%,41.67%,11.77%,789.74,"1,100.39"
2098,BR-4566,State Bank of India (Consolidated),Lucknow,Urban,2021,Post-Merger,01/04/2017,5.39%,2.42%,49.12%,0.85%,49.18%,13.77%,"1,371.03","1,948.57"
2099,BR-9608,State Bank of India (Consolidated),Mumbai Metro,Urban,2018,Post-Merger,2017-04-01,5.50%,1.61%,37.61%,0.87%,47.27%,13.26%,488.77,653.43
2100,BR-3828,State Bank of Travancore,Bengaluru,Semi-Urban,2014,Pre-Merger,01/04/2017,8.48%,5.30%,52.77%,1.20%,44.76%,9.91%,251.20,323.15
2101,BR-5381,State Bank of Mysore,Thiruvananthapuram,Metro,2016,Pre-Merger,2017-04-01,10.27%,6.29%,58.99%,-0.75%,46.62%,12.42%,"1,332.85","1,921.57"
2102,BR-9532,State Bank of India (Parent),Kolkata,Metro,2017,Pre-Merger,2017-04-01,14.30%,8.90%,59.33%,0.73%,35.93%,12.28%,"1,457.35","1,787.80"
2103,BR-9679,State Bank of Patiala,Kolkata,Semi-Urban,2017,Pre-Merger,01/04/2017,10.84%,5.97%,55.09%,0.39%,37.86%,12.67%,720.89,"1,023.33"
2104,BR-7174,State Bank of Hyderabad,Thiruvananthapuram,Semi-Urban,2016,Pre-Merger,2017-04-01,9.06%,5.16%,52.44%,0.55%,48.13%,11.58%,657.96,768.21
2105,BR-8513,State Bank of India (Consolidated),Bhopal,Metro,2019,Post-Merger,2017-04-01,4.46%,1.89%,43.28%,0.35%,45.73%,13.28%,665.72,879.03
2106,BR-8231,State Bank of Mysore,Bhopal,Rural,2017,Pre-Merger,2017-04-01,11.87%,6.64%,56.89%,0.36%,40.99%,10.54%,966.77,"1,151.81"
2107,BR-1883,State Bank of Bikaner and Jaipur,Chandigarh,Rural,2016,Pre-Merger,2017-04-01,7.36%,4.92%,55.34%,1.20%,38.60%,12.69%,"1,272.22","1,651.91"
2108,BR-8030,State Bank of Bikaner and Jaipur,Kolkata,Metro,2016,Pre-Merger,01/04/2017,12.05%,6.98%,64.04%,0.29%,44.58%,13.01%,"1,033.68","1,437.89"
2109,BR-9934,State Bank of India (Parent),Delhi NCR,Rural,2014,Pre-Merger,2017-04-01,6.74%,4.28%,53.44%,-0.65%,45.98%,12.57%,"1,185.61","1,474.57"
2110,BR-9086,Bharatiya Mahila Bank,Bengaluru,Urban,2014,Pre-Merger,2017-04-01,6.00%,3.01%,52.79%,0.25%,37.57%,10.36%,"1,387.62","1,629.30"
2111,BR-6999,State Bank of Travancore,Thiruvananthapuram,Metro,2014,Pre-Merger,2017-04-01,8.36%,4.88%,50.82%,0.35%,38.00%,11.28%,"1,247.10","1,803.40"
2112,BR-4374,State Bank of Bikaner and Jaipur,Bhopal,Rural,2015,Pre-Merger,01/04/2017,6.82%,4.59%,57.02%,0.90%,35.97%,13.41%,"1,206.57","1,564.33"
2113,BR-4206,State Bank of India (Consolidated),Thiruvananthapuram,Metro,2019,Post-Merger,2017-04-01,3.86%,1.35%,51.08%,0.64%,46.75%,15.12%,"1,422.89","1,735.40"
2114,BR-2932,State Bank of Bikaner and Jaipur,Bhopal,Rural,2014,Pre-Merger,2017-04-01,10.02%,6.45%,48.55%,0.50%,44.31%,12.17%,956.44,"1,306.92"
2115,BR-4562,State Bank of India (Consolidated)   ,Kolkata,Metro,2020,Post-Merger,01/04/2017,4.09%,1.31%,43.92%,0.12%,40.97%,14.00%,863.26,"1,186.63"
2116,BR-8032,State Bank of India (Parent),Lucknow,Semi-Urban,2016,Pre-Merger,2017-04-01,11.71%,6.16%,57.64%,0.38%,46.80%,13.04%,481.37,638.63
2117,BR-2934,State Bank of India (Consolidated),Ahmedabad,Urban,2021,Post-Merger,2017-04-01,4.36%,1.46%,45.90%,0.83%,46.70%,14.57%,674.33,780.57
2118,BR-6826,State Bank of Travancore   ,Lucknow,Rural,2017,Pre-Merger,01/04/2017,12.91%,8.40%,53.80%,0.56%,40.17%,12.15%,"1,418.99","1,772.06"
2119,BR-5235,State Bank of India (Parent),Delhi NCR,Semi-Urban,2017,Pre-Merger,2017-04-01,12.50%,7.51%,54.49%,0.84%,33.59%,12.33%,823.25,"1,140.23"
2120,BR-1698,State Bank of India (Consolidated)   ,Thiruvananthapuram,Semi-Urban,2019,Post-Merger,01/04/2017,4.99%,2.21%,47.76%,0.35%,46.57%,11.71%,864.23,"1,017.06"
2121,BR-4756,State Bank of India (Parent),Thiruvananthapuram,Semi-Urban,2017,Pre-Merger,2017-04-01,12.95%,6.79%,48.52%,0.10%,41.67%,13.22%,"1,179.49","1,584.56"
2122,BR-2108,State Bank of India (Consolidated)   ,Jaipur,Rural,2021,Post-Merger,01/04/2017,5.06%,2.26%,50.38%,1.34%,48.49%,13.87%,499.91,576.28
2123,BR-5974,State Bank of India (Consolidated),Kolkata,Semi-Urban,2021,Post-Merger,2017-04-01,6.82%,1.94%,51.16%,0.79%,50.68%,11.50%,"1,307.76","1,628.81"
2124,BR-3380,State Bank of India (Consolidated),Chandigarh,Semi-Urban,2020,Post-Merger,01/04/2017,6.30%,1.81%,48.41%,0.51%,41.68%,15.83%,"1,276.78","1,842.98"
2125,BR-9327,State Bank of Mysore,Kolkata,Semi-Urban,2015,Pre-Merger,01/04/2017,5.66%,3.60%,52.87%,0.29%,41.34%,12.08%,968.91,"1,344.87"
2126,BR-1566,State Bank of Hyderabad,Lucknow,Urban,2016,Pre-Merger,2017-04-01,8.86%,5.41%,59.19%,0.38%,37.88%,11.24%,261.71,365.31
2127,BR-8057,State Bank of India (Consolidated),Mumbai Metro,Rural,2020,Post-Merger,2017-04-01,5.11%,1.32%,43.73%,1.49%,41.07%,14.29%,966.19,"1,219.65"
2128,BR-7630,State Bank of Mysore,Chandigarh,Semi-Urban,2016,Pre-Merger,2017-04-01,11.60%,7.52%,50.68%,-0.13%,48.38%,14.21%,389.49,516.56
2129,BR-6124,State Bank of India (Consolidated),Mumbai Metro,Semi-Urban,2018,Post-Merger,2017-04-01,4.17%,1.84%,48.57%,1.39%,49.97%,11.81%,382.00,508.52
2130,BR-5594,State Bank of India (Parent),Chandigarh,Urban,2017,Pre-Merger,2017-04-01,7.23%,4.84%,48.98%,-0.57%,48.12%,11.87%,"1,101.91","1,425.74"
2131,BR-7514,State Bank of India (Consolidated),Kolkata,Semi-Urban,2018,Post-Merger,2017-04-01,9.99%,3.13%,52.56%,0.82%,47.12%,14.12%,596.69,691.94
2132,BR-7275,State Bank of Hyderabad   ,Hyderabad,Urban,2015,Pre-Merger,01/04/2017,9.42%,,,1.20%,39.04%,13.02%,649.69,930.34
2133,BR-2365,State Bank of India (Consolidated),Chandigarh,Rural,2018,Post-Merger,2017-04-01,7.13%,3.05%,47.89%,1.55%,45.60%,13.24%,305.39,439.50
2134,BR-9168,State Bank of Mysore,Chennai,Metro,2017,Pre-Merger,2017-04-01,10.17%,6.58%,55.99%,0.46%,38.73%,11.18%,983.44,"1,347.23"
2135,BR-8325,State Bank of Bikaner and Jaipur,Thiruvananthapuram,Rural,2017,Pre-Merger,2017-04-01,12.30%,8.17%,49.89%,0.42%,37.47%,11.00%,889.25,"1,213.45"
2136,BR-6690,State Bank of India (Parent),Bhopal,Semi-Urban,2014,Pre-Merger,2017-04-01,12.84%,7.40%,50.46%,1.20%,49.85%,12.10%,701.62,973.79
2137,BR-9708,State Bank of Bikaner and Jaipur,Ahmedabad,Urban,2014,Pre-Merger,2017-04-01,7.56%,3.95%,52.53%,0.28%,42.74%,14.10%,147.38,180.14
2138,BR-1331,State Bank of India (Parent),Mumbai Metro,Semi-Urban,2015,Pre-Merger,2017-04-01,10.44%,5.63%,53.36%,-0.41%,39.89%,12.22%,"1,262.75","1,646.41"
2139,BR-4420,State Bank of India (Parent),Bengaluru,Semi-Urban,2014,Pre-Merger,2017-04-01,15.42%,7.87%,52.24%,0.25%,38.75%,10.38%,"1,080.78","1,364.46"
2140,BR-6652,State Bank of India (Parent),Thiruvananthapuram,Semi-Urban,2015,Pre-Merger,2017-04-01,11.83%,6.49%,51.77%,-0.01%,44.77%,12.78%,"1,096.53","1,473.43"
2141,BR-2516,State Bank of India (Parent),Chennai,Urban,2016,Pre-Merger,01/04/2017,5.54%,3.11%,61.33%,-0.22%,35.80%,11.45%,"1,048.42","1,488.95"
2142,BR-4062,State Bank of India (Parent),Chandigarh,Metro,2015,Pre-Merger,2017-04-01,12.26%,7.73%,56.04%,1.09%,36.27%,10.98%,256.52,366.82
2143,BR-4871,State Bank of Patiala,Delhi NCR,Rural,2015,Pre-Merger,2017-04-01,11.52%,6.77%,50.88%,0.70%,37.31%,11.67%,998.15,"1,338.02"
2144,BR-6989,State Bank of India (Consolidated),Delhi NCR,Rural,2020,Post-Merger,2017-04-01,5.99%,2.33%,45.79%,1.16%,42.06%,14.80%,"1,482.96","1,967.43"
2145,BR-5814,State Bank of India (Consolidated),Chandigarh,Semi-Urban,2018,Post-Merger,2017-04-01,5.19%,1.67%,48.24%,0.10%,47.39%,12.77%,403.46,566.73
2146,BR-4157,State Bank of Patiala,Ahmedabad,Rural,2015,Pre-Merger,2017-04-01,6.69%,3.99%,52.81%,1.20%,41.34%,11.96%,710.66,"1,003.60"
2147,BR-4411,State Bank of Hyderabad,Mumbai Metro,Urban,2016,Pre-Merger,2017-04-01,9.53%,6.19%,54.36%,1.20%,40.46%,10.26%,395.52,546.28
2148,BR-7389,State Bank of Bikaner and Jaipur,Mumbai Metro,Semi-Urban,2015,Pre-Merger,01/04/2017,6.57%,3.89%,50.72%,0.59%,41.61%,12.99%,"1,300.36","1,844.65"
2149,BR-7914,State Bank of India (Consolidated),Chandigarh,Semi-Urban,2020,Post-Merger,01/04/2017,1.50%,0.43%,41.79%,1.10%,42.73%,14.04%,162.94,210.64
2150,BR-5167,State Bank of Patiala,Bhopal,Urban,2016,Pre-Merger,2017-04-01,7.56%,4.73%,55.23%,0.20%,38.81%,11.47%,640.40,796.89
2151,BR-9727,State Bank of India (Consolidated),Hyderabad,Urban,2018,Post-Merger,2017-04-01,5.86%,2.36%,45.71%,0.86%,46.46%,16.01%,488.80,570.27
2152,BR-6505,State Bank of India (Consolidated),Mumbai Metro,Semi-Urban,2018,Post-Merger,2017-04-01,4.81%,1.79%,47.88%,0.72%,49.63%,14.69%,"1,179.23","1,461.49"
2153,BR-2783,State Bank of India (Consolidated),Chennai,Metro,2019,Post-Merger,2017-04-01,7.60%,3.22%,46.86%,1.23%,41.58%,14.42%,"1,378.69","1,731.95"
2154,BR-7346,State Bank of India (Parent),Chandigarh,Urban,2015,Pre-Merger,2017-04-01,8.74%,4.61%,59.10%,0.96%,39.58%,14.50%,"1,038.37","1,435.17"
2155,BR-7118,State Bank of Mysore,Bhopal,Urban,2015,Pre-Merger,2017-04-01,6.61%,3.50%,55.38%,0.64%,43.06%,11.00%,116.97,146.00
2156,BR-1193,State Bank of India (Consolidated),Lucknow,Metro,2021,Post-Merger,01/04/2017,9.79%,3.73%,48.06%,0.67%,38.51%,12.80%,"1,485.39","2,139.05"
2157,BR-5991,State Bank of Bikaner and Jaipur,Bhopal,Urban,2016,Pre-Merger,2017-04-01,11.25%,5.99%,55.72%,0.12%,35.84%,11.71%,996.88,"1,389.50"
2158,BR-9160,State Bank of India (Consolidated)   ,Thiruvananthapuram,Semi-Urban,2020,Post-Merger,01/04/2017,3.89%,1.05%,41.88%,0.44%,48.51%,14.46%,725.88,997.36
2159,BR-5017,State Bank of India (Consolidated),Mumbai Metro,Rural,2018,Post-Merger,2017-04-01,8.81%,2.91%,48.78%,1.43%,41.60%,13.63%,241.29,319.58
2160,BR-7310,State Bank of Patiala,Jaipur,Rural,2016,Pre-Merger,2017-04-01,9.81%,4.99%,47.14%,0.47%,46.25%,14.50%,396.60,527.85
2161,BR-7992,State Bank of India (Consolidated),Kolkata,Urban,2018,Post-Merger,2017-04-01,7.02%,2.96%,43.18%,1.43%,46.17%,14.17%,"1,445.91","1,949.53"
2162,BR-8049,State Bank of India (Consolidated),Bhopal,Urban,2018,Post-Merger,2017-04-01,5.40%,1.48%,47.08%,0.41%,49.75%,12.97%,"1,361.72","1,819.00"
2163,BR-4185,State Bank of India (Consolidated),Lucknow,Semi-Urban,2021,Post-Merger,2017-04-01,5.35%,1.37%,47.03%,0.31%,45.07%,12.03%,"1,009.28","1,449.04"
2164,BR-1285,State Bank of Hyderabad,Mumbai Metro,Urban,2015,Pre-Merger,01/04/2017,14.92%,9.37%,53.09%,0.79%,45.86%,12.93%,656.10,941.92
2165,BR-4113,State Bank of India (Consolidated),Chennai,Rural,2018,Post-Merger,01/04/2017,10.19%,4.23%,52.90%,1.25%,44.86%,14.94%,376.03,475.92
2166,BR-4716,State Bank of Patiala,Hyderabad,Urban,2016,Pre-Merger,2017-04-01,4.16%,2.25%,52.01%,0.73%,40.23%,12.74%,324.01,387.01
2167,BR-6401,State Bank of India (Consolidated),Lucknow,Semi-Urban,2018,Post-Merger,2017-04-01,5.49%,1.61%,50.02%,0.57%,46.90%,13.85%,951.65,"1,147.55"
2168,BR-7466,State Bank of India (Consolidated),Mumbai Metro,Semi-Urban,2020,Post-Merger,2017-04-01,7.62%,2.64%,44.24%,0.38%,47.90%,13.81%,"1,498.49","2,071.21"
2169,BR-3985,State Bank of Bikaner and Jaipur,Jaipur,Semi-Urban,2016,Pre-Merger,01/04/2017,7.60%,4.77%,61.79%,-0.17%,38.59%,12.78%,420.16,543.02
2170,BR-5881,State Bank of India (Consolidated),Chennai,Urban,2020,Post-Merger,2017-04-01,4.45%,1.12%,44.69%,0.57%,44.98%,16.07%,306.80,376.46
2171,BR-6073,State Bank of India (Consolidated),Thiruvananthapuram,Metro,2021,Post-Merger,2017-04-01,5.99%,2.20%,43.65%,0.46%,48.58%,16.04%,825.28,966.27
2172,BR-8851,State Bank of India (Parent),Thiruvananthapuram,Rural,2014,Pre-Merger,01/04/2017,9.78%,6.04%,57.37%,-0.04%,42.91%,13.20%,175.73,213.09
2173,BR-5928,State Bank of India (Consolidated),Bengaluru,Urban,2021,Post-Merger,2017-04-01,4.38%,1.11%,48.79%,0.84%,48.79%,11.50%,961.70,"1,108.24"
2174,BR-1025,State Bank of Patiala,Thiruvananthapuram,Rural,2016,Pre-Merger,2017-04-01,6.40%,3.57%,56.06%,0.43%,32.96%,13.60%,460.95,659.26
2175,BR-6897,State Bank of India (Consolidated),Bengaluru,Urban,2019,Post-Merger,2017-04-01,4.89%,1.69%,44.03%,0.81%,37.91%,14.78%,159.14,200.27
2176,BR-7900,State Bank of India (Parent),Ahmedabad,Metro,2017,Pre-Merger,2017-04-01,6.67%,4.28%,46.46%,0.84%,36.87%,10.53%,949.99,"1,232.20"
2177,BR-4498,State Bank of India (Consolidated),Jaipur,Semi-Urban,2021,Post-Merger,01/04/2017,4.28%,1.89%,50.47%,1.02%,42.49%,14.48%,"1,158.51","1,631.06"
2178,BR-8671,State Bank of India (Parent),Chandigarh,Rural,2016,Pre-Merger,2017-04-01,7.18%,4.24%,51.65%,0.87%,44.11%,11.63%,289.92,387.05
2179,BR-5540,State Bank of India (Parent),Mumbai Metro,Semi-Urban,2016,Pre-Merger,01/04/2017,6.33%,4.18%,50.98%,0.09%,44.54%,12.76%,565.46,760.15
2180,BR-4178,State Bank of India (Consolidated),Thiruvananthapuram,Metro,2019,Post-Merger,2017-04-01,6.31%,2.23%,43.98%,0.85%,46.36%,14.09%,205.59,268.45
2181,BR-3927,State Bank of India (Parent),Bhopal,Metro,2015,Pre-Merger,2017-04-01,11.44%,6.73%,53.81%,0.96%,41.60%,12.28%,241.46,297.27
2182,BR-2660,State Bank of Mysore,Delhi NCR,Metro,2017,Pre-Merger,01/04/2017,13.05%,8.59%,53.89%,0.45%,40.51%,11.50%,956.86,"1,285.00"
2183,BR-7222,State Bank of Bikaner and Jaipur,Chennai,Metro,2014,Pre-Merger,2017-04-01,6.98%,4.54%,57.26%,0.27%,46.27%,10.36%,145.38,183.33
2184,BR-1773,State Bank of India (Parent),Kolkata,Semi-Urban,2014,Pre-Merger,01/04/2017,13.05%,8.86%,57.22%,1.20%,39.86%,11.87%,"1,484.74","1,909.11"
2185,BR-1973,State Bank of India (Consolidated),Chandigarh,Urban,2019,Post-Merger,2017-04-01,4.06%,1.39%,47.93%,0.10%,46.36%,15.10%,790.20,"1,105.72"
2186,BR-1438,State Bank of India (Consolidated),Ahmedabad,Urban,2018,Post-Merger,01/04/2017,5.84%,2.38%,45.24%,0.97%,51.38%,12.50%,528.55,712.22
2187,BR-7924,State Bank of India (Parent),Jaipur,Urban,2015,Pre-Merger,01/04/2017,9.67%,5.82%,60.18%,-0.23%,39.64%,10.53%,"1,269.51","1,835.76"
2188,BR-8599,State Bank of India (Consolidated),Mumbai Metro,Rural,2018,Post-Merger,2017-04-01,5.36%,1.93%,44.17%,0.49%,41.92%,13.69%,559.47,758.25
2189,BR-8245,State Bank of Patiala,Bengaluru,Semi-Urban,2015,Pre-Merger,2017-04-01,7.45%,4.80%,47.32%,-0.50%,45.04%,13.34%,"1,127.41","1,543.98"
2190,BR-9644,State Bank of India (Consolidated),Hyderabad,Urban,2019,Post-Merger,2017-04-01,8.87%,2.89%,49.22%,0.83%,44.47%,13.21%,270.19,378.44
2191,BR-8464,State Bank of India (Parent),Kolkata,Rural,2015,Pre-Merger,2017-04-01,14.29%,9.09%,55.47%,-0.14%,39.80%,11.49%,155.32,199.36
2192,BR-7551,State Bank of India (Consolidated),Mumbai Metro,Metro,2020,Post-Merger,2017-04-01,7.46%,2.15%,50.31%,0.24%,43.47%,14.92%,662.08,842.51
2193,BR-3819,State Bank of India (Parent),Chandigarh,Metro,2016,Pre-Merger,2017-04-01,15.12%,10.16%,60.04%,0.47%,51.14%,11.41%,725.30,896.67
2194,BR-6128,State Bank of India (Consolidated),Thiruvananthapuram,Semi-Urban,2020,Post-Merger,2017-04-01,5.83%,1.87%,47.66%,1.03%,42.80%,11.67%,"1,441.87","1,921.42"
2195,BR-2868,State Bank of India (Parent),Kolkata,Urban,2015,Pre-Merger,01/04/2017,8.01%,5.43%,53.52%,0.10%,51.65%,11.52%,219.70,252.73
2196,BR-4655,State Bank of India (Consolidated),Jaipur,Semi-Urban,2021,Post-Merger,2017-04-01,5.57%,2.20%,41.11%,0.81%,44.68%,14.62%,"1,130.33","1,383.11"
2197,BR-4892,State Bank of Bikaner and Jaipur,Jaipur,Semi-Urban,2015,Pre-Merger,01/04/2017,3.84%,2.53%,55.51%,0.34%,46.01%,13.40%,359.59,421.24
2198,BR-4733,State Bank of India (Consolidated),Chennai,Urban,2020,Post-Merger,2017-04-01,4.80%,1.45%,51.24%,1.24%,38.18%,14.82%,"1,287.65","1,754.95"
2199,BR-8334,State Bank of Patiala,Lucknow,Urban,2014,Pre-Merger,2017-04-01,11.28%,6.95%,58.69%,0.27%,43.12%,14.14%,615.37,737.01
2200,BR-1267,State Bank of Mysore,Delhi NCR,Metro,2017,Pre-Merger,2017-04-01,9.59%,5.23%,56.56%,0.48%,40.00%,12.37%,746.16,955.52
2201,BR-5317,State Bank of India (Parent),Kolkata,Semi-Urban,2014,Pre-Merger,2017-04-01,11.15%,7.24%,54.20%,0.36%,37.06%,13.21%,"1,160.40","1,493.71"
2202,BR-3808,State Bank of India (Parent),Chennai,Semi-Urban,2017,Pre-Merger,2017-04-01,13.22%,7.26%,48.99%,-0.33%,39.62%,13.66%,948.43,"1,205.75"
2203,BR-7363,State Bank of India (Consolidated),Chennai,Urban,2018,Post-Merger,2017-04-01,8.67%,2.56%,44.72%,0.39%,46.51%,14.17%,"1,038.52","1,229.62"
2204,BR-4316,State Bank of India (Parent),Thiruvananthapuram,Metro,2017,Pre-Merger,2017-04-01,6.75%,4.52%,55.83%,1.02%,34.95%,11.50%,891.47,"1,167.78"
2205,BR-1550,State Bank of India (Parent),Chennai,Urban,2017,Pre-Merger,2017-04-01,16.42%,10.51%,55.38%,-0.21%,43.64%,12.32%,362.45,426.05
2206,BR-8375,State Bank of India (Consolidated),Kolkata,Metro,2019,Post-Merger,2017-04-01,3.98%,1.78%,58.00%,0.92%,45.42%,16.43%,766.49,966.07
2207,BR-3261,State Bank of India (Consolidated),Bengaluru,Metro,2021,Post-Merger,2017-04-01,4.30%,1.62%,46.56%,0.61%,44.97%,14.22%,758.36,"1,067.57"
2208,BR-9521,State Bank of India (Consolidated),Bhopal,Semi-Urban,2018,Post-Merger,2017-04-01,7.07%,2.94%,47.58%,0.71%,46.00%,13.32%,"1,030.32","1,298.32"
2209,BR-9672,State Bank of India (Consolidated),Bhopal,Urban,2019,Post-Merger,2017-04-01,5.32%,1.99%,51.66%,0.69%,42.32%,14.99%,767.95,923.81
2210,BR-6038,State Bank of India (Parent),Chandigarh,Urban,2016,Pre-Merger,2017-04-01,14.33%,7.76%,49.54%,1.20%,39.04%,14.50%,994.91,"1,235.90"
2211,BR-2391,State Bank of India (Consolidated)   ,Thiruvananthapuram,Rural,2018,Post-Merger,01/04/2017,6.67%,2.00%,43.75%,0.54%,46.35%,14.75%,"1,157.99","1,404.45"
2212,BR-7460,State Bank of India (Parent),Jaipur,Metro,2014,Pre-Merger,01/04/2017,6.04%,3.85%,52.44%,0.39%,46.50%,12.41%,472.09,669.99
2213,BR-1237,State Bank of Mysore   ,Bengaluru,Urban,2016,Pre-Merger,01/04/2017,5.14%,,,0.92%,40.85%,12.14%,"1,160.42","1,580.31"
2214,BR-5768,State Bank of India (Parent),Chennai,Rural,2014,Pre-Merger,01/04/2017,11.49%,6.02%,56.75%,0.75%,45.52%,11.76%,194.69,260.38
2215,BR-3199,State Bank of India (Consolidated),Chennai,Rural,2021,Post-Merger,2017-04-01,2.81%,1.06%,49.66%,0.72%,43.52%,13.21%,157.08,214.77
2216,BR-1181,State Bank of India (Consolidated),Delhi NCR,Urban,2018,Post-Merger,2017-04-01,3.30%,0.95%,54.44%,1.60%,41.76%,11.82%,764.55,914.12
2217,BR-9501,State Bank of India (Parent)   ,Jaipur,Urban,2015,Pre-Merger,01/04/2017,9.76%,6.10%,54.34%,1.08%,36.11%,13.36%,221.27,292.77
2218,BR-1589,State Bank of India (Consolidated),Chennai,Urban,2020,Post-Merger,2017-04-01,6.99%,2.64%,43.63%,0.93%,50.66%,14.10%,709.47,851.18
2219,BR-5827,State Bank of India (Parent),Bhopal,Rural,2017,Pre-Merger,2017-04-01,7.31%,4.45%,54.84%,0.03%,44.02%,10.77%,"1,263.98","1,748.27"
2220,BR-9234,State Bank of India (Consolidated),Delhi NCR,Rural,2018,Post-Merger,2017-04-01,6.24%,2.47%,52.39%,0.37%,46.80%,13.28%,"1,460.39","1,698.55"
2221,BR-1537,State Bank of India (Parent),Bhopal,Rural,2017,Pre-Merger,2017-04-01,12.17%,7.84%,59.33%,0.77%,39.15%,10.39%,95.06,134.17
2222,BR-8197,State Bank of India (Parent),Chennai,Rural,2016,Pre-Merger,2017-04-01,8.53%,5.17%,54.68%,0.15%,46.19%,10.71%,849.04,"1,042.97"
2223,BR-7041,State Bank of India (Parent),Hyderabad,Metro,2015,Pre-Merger,2017-04-01,5.50%,2.91%,61.77%,0.44%,37.01%,10.72%,972.97,"1,190.21"
2224,BR-8837,State Bank of India (Consolidated),Jaipur,Urban,2018,Post-Merger,01/04/2017,5.06%,1.85%,50.44%,0.74%,44.85%,15.15%,"1,322.11","1,545.82"
2225,BR-7833,State Bank of India (Parent),Hyderabad,Urban,2014,Pre-Merger,2017-04-01,16.56%,10.12%,50.33%,0.88%,44.79%,11.49%,606.12,766.51
2226,BR-5891,State Bank of Bikaner and Jaipur,Thiruvananthapuram,Semi-Urban,2014,Pre-Merger,2017-04-01,12.09%,6.59%,50.56%,0.72%,36.95%,14.34%,533.22,764.53
2227,BR-8255,State Bank of India (Consolidated),Delhi NCR,Semi-Urban,2018,Post-Merger,2017-04-01,5.82%,1.95%,44.89%,1.21%,43.38%,14.58%,641.59,846.42
2228,BR-8604,State Bank of India (Consolidated),Bhopal,Rural,2019,Post-Merger,2017-04-01,6.36%,1.77%,49.05%,1.02%,48.53%,12.47%,529.07,679.96
2229,BR-4595,State Bank of India (Parent),Jaipur,Urban,2017,Pre-Merger,01/04/2017,7.06%,3.68%,56.41%,0.54%,35.25%,11.68%,"1,315.42","1,845.29"
2230,BR-5289,State Bank of India (Consolidated),Hyderabad,Metro,2019,Post-Merger,2017-04-01,6.55%,2.32%,42.77%,0.97%,47.31%,15.25%,749.36,"1,067.60"
2231,BR-7797,State Bank of India (Consolidated)   ,Chennai,Urban,2018,Post-Merger,01/04/2017,10.48%,,,0.69%,46.91%,14.37%,"1,467.31","1,712.60"
2232,BR-1108,State Bank of India (Consolidated),Jaipur,Urban,2021,Post-Merger,2017-04-01,4.75%,1.71%,45.22%,1.26%,50.42%,16.10%,263.93,360.72
2233,BR-5811,State Bank of Hyderabad,Chennai,Metro,2017,Pre-Merger,2017-04-01,6.05%,3.50%,59.10%,0.00%,45.18%,11.76%,178.29,243.43
2234,BR-9114,State Bank of India (Consolidated)   ,Lucknow,Rural,2020,Post-Merger,01/04/2017,3.82%,1.53%,43.07%,1.41%,47.34%,16.41%,471.55,633.72
2235,BR-9156,State Bank of Hyderabad,Mumbai Metro,Urban,2015,Pre-Merger,2017-04-01,4.62%,2.74%,50.84%,0.53%,41.38%,12.78%,760.13,963.57
2236,BR-5239,State Bank of India (Parent),Jaipur,Metro,2016,Pre-Merger,2017-04-01,12.37%,7.55%,64.21%,-0.28%,46.60%,12.44%,"1,146.44","1,583.73"
2237,BR-7316,State Bank of Bikaner and Jaipur,Chennai,Metro,2015,Pre-Merger,2017-04-01,7.20%,4.67%,57.13%,0.75%,36.67%,10.90%,115.43,164.98
2238,BR-3136,State Bank of India (Consolidated),Chandigarh,Rural,2021,Post-Merger,2017-04-01,5.94%,1.83%,49.82%,1.35%,54.81%,13.21%,874.15,"1,085.79"
2239,BR-3256,State Bank of Mysore,Ahmedabad,Semi-Urban,2016,Pre-Merger,01/04/2017,14.94%,9.04%,53.49%,-0.12%,39.32%,12.47%,"1,079.64","1,468.36"
2240,BR-1830,State Bank of India (Consolidated),Kolkata,Metro,2019,Post-Merger,2017-04-01,5.03%,2.24%,48.01%,0.75%,47.01%,13.41%,978.70,"1,365.35"
2241,BR-1753,State Bank of India (Consolidated),Bengaluru,Urban,2019,Post-Merger,01/04/2017,2.52%,0.91%,50.22%,0.67%,40.14%,13.71%,581.30,746.29
2242,BR-9890,State Bank of India (Consolidated),Lucknow,Urban,2018,Post-Merger,01/04/2017,7.72%,3.24%,55.38%,1.14%,46.53%,14.01%,251.06,359.87
2243,BR-8618,State Bank of Hyderabad,Chandigarh,Metro,2016,Pre-Merger,2017-04-01,9.49%,5.87%,63.41%,0.19%,40.70%,12.10%,981.73,"1,185.12"
2244,BR-8697,State Bank of India (Parent),Jaipur,Urban,2015,Pre-Merger,2017-04-01,7.32%,4.66%,49.41%,-0.12%,44.56%,13.19%,472.49,667.05
2245,BR-2624,State Bank of India (Parent),Thiruvananthapuram,Urban,2016,Pre-Merger,2017-04-01,14.10%,7.99%,55.30%,1.20%,39.54%,11.93%,835.37,"1,205.05"
2246,BR-4420,State Bank of India (Consolidated),Bengaluru,Rural,2020,Post-Merger,2017-04-01,7.93%,2.93%,51.35%,0.12%,42.79%,13.45%,500.43,612.53
2247,BR-3884,State Bank of India (Consolidated),Chennai,Metro,2019,Post-Merger,2017-04-01,5.52%,1.60%,42.83%,0.68%,36.88%,14.74%,878.79,"1,232.83"
2248,BR-4689,State Bank of India (Consolidated),Bhopal,Urban,2020,Post-Merger,2017-04-01,5.55%,2.35%,49.14%,0.11%,43.35%,16.96%,"1,373.82","1,884.76"
2249,BR-4554,State Bank of India (Parent),Chandigarh,Rural,2017,Pre-Merger,2017-04-01,6.68%,4.49%,51.45%,0.94%,40.06%,12.72%,386.30,496.09
2250,BR-9720,State Bank of India (Parent),Chandigarh,Urban,2014,Pre-Merger,2017-04-01,11.34%,7.61%,48.37%,0.38%,47.02%,12.13%,"1,254.23","1,767.45"
2251,BR-7462,State Bank of Patiala,Delhi NCR,Urban,2014,Pre-Merger,01/04/2017,9.40%,4.75%,52.02%,0.14%,42.48%,10.95%,"1,238.81","1,614.05"
2252,BR-1254,State Bank of Patiala,Delhi NCR,Metro,2014,Pre-Merger,2017-04-01,14.22%,8.93%,54.01%,-0.86%,43.13%,11.85%,927.45,"1,224.55"
2253,BR-2960,State Bank of Bikaner and Jaipur,Bengaluru,Rural,2016,Pre-Merger,01/04/2017,4.81%,3.09%,52.08%,0.20%,43.19%,12.92%,"1,485.41","1,799.13"
2254,BR-2719,State Bank of Travancore,Chennai,Urban,2014,Pre-Merger,2017-04-01,13.60%,8.08%,58.38%,0.55%,34.64%,10.26%,828.60,957.64
2255,BR-8257,State Bank of India (Consolidated),Bengaluru,Semi-Urban,2019,Post-Merger,2017-04-01,5.80%,2.42%,44.81%,0.67%,44.49%,11.50%,877.02,"1,257.75"
2256,BR-9448,State Bank of Mysore,Hyderabad,Rural,2016,Pre-Merger,2017-04-01,8.23%,4.65%,65.26%,-0.58%,38.66%,12.87%,646.25,768.41
2257,BR-2350,State Bank of India (Consolidated),Ahmedabad,Rural,2019,Post-Merger,01/04/2017,3.80%,0.99%,47.60%,0.75%,41.86%,15.50%,285.08,382.02
2258,BR-1467,State Bank of India (Parent),Ahmedabad,Urban,2017,Pre-Merger,2017-04-01,14.24%,7.45%,51.97%,-0.28%,32.49%,12.65%,"1,315.59","1,868.42"
2259,BR-6650,State Bank of India (Parent),Mumbai Metro,Rural,2015,Pre-Merger,2017-04-01,9.47%,6.37%,51.48%,0.01%,40.59%,13.39%,271.93,337.19
2260,BR-5945,State Bank of India (Consolidated),Mumbai Metro,Urban,2018,Post-Merger,2017-04-01,3.63%,0.98%,40.48%,0.41%,51.23%,14.40%,239.85,332.75
2261,BR-5358,State Bank of Bikaner and Jaipur,Chennai,Metro,2017,Pre-Merger,2017-04-01,14.71%,7.47%,57.99%,-0.09%,38.87%,12.22%,"1,130.77","1,392.92"
2262,BR-2540,State Bank of Hyderabad,Chandigarh,Urban,2015,Pre-Merger,2017-04-01,5.41%,3.01%,55.09%,0.08%,44.04%,11.94%,129.53,150.48
2263,BR-4678,State Bank of Mysore,Bhopal,Urban,2014,Pre-Merger,2017-04-01,5.17%,2.59%,55.09%,0.85%,35.56%,12.80%,"1,277.01","1,498.38"
2264,BR-1092,State Bank of India (Consolidated),Ahmedabad,Urban,2021,Post-Merger,2017-04-01,8.96%,3.04%,56.30%,1.05%,46.26%,16.31%,"1,052.38","1,317.04"
2265,BR-4234,State Bank of India (Consolidated),Mumbai Metro,Urban,2019,Post-Merger,2017-04-01,5.68%,1.71%,43.98%,1.24%,43.71%,14.69%,"1,300.81","1,772.22"
2266,BR-4345,State Bank of India (Consolidated),Mumbai Metro,Metro,2018,Post-Merger,2017-04-01,4.98%,1.28%,47.55%,1.18%,41.27%,12.91%,853.47,"1,065.14"
2267,BR-5482,State Bank of India (Consolidated),Ahmedabad,Metro,2019,Post-Merger,2017-04-01,5.13%,1.80%,49.17%,1.08%,52.31%,15.79%,120.11,151.46
2268,BR-2542,State Bank of India (Consolidated),Bengaluru,Semi-Urban,2019,Post-Merger,2017-04-01,3.37%,1.28%,45.51%,0.88%,40.90%,13.24%,893.51,"1,263.88"
2269,BR-9065,State Bank of India (Consolidated),Chennai,Rural,2020,Post-Merger,2017-04-01,3.13%,1.10%,45.77%,0.10%,42.92%,11.60%,"1,414.65","2,042.86"
2270,BR-6851,State Bank of India (Consolidated),Hyderabad,Semi-Urban,2021,Post-Merger,2017-04-01,3.95%,1.58%,49.30%,0.59%,44.74%,13.63%,"1,247.17","1,713.80"
2271,BR-5520,State Bank of Travancore,Hyderabad,Rural,2015,Pre-Merger,01/04/2017,13.84%,7.63%,58.13%,-0.05%,41.43%,11.23%,"1,137.40","1,614.72"
2272,BR-2596,State Bank of India (Parent),Thiruvananthapuram,Semi-Urban,2015,Pre-Merger,2017-04-01,9.29%,6.15%,64.36%,1.20%,47.71%,11.97%,"1,499.77","2,044.43"
2273,BR-9103,State Bank of India (Parent),Mumbai Metro,Rural,2014,Pre-Merger,01/04/2017,12.04%,7.15%,57.10%,0.32%,44.53%,11.68%,"1,366.33","1,978.61"
2274,BR-9728,State Bank of India (Consolidated),Ahmedabad,Metro,2019,Post-Merger,2017-04-01,3.82%,1.30%,47.64%,0.71%,52.40%,16.10%,486.85,678.90
2275,BR-1732,State Bank of India (Consolidated),Chennai,Semi-Urban,2021,Post-Merger,01/04/2017,4.87%,1.89%,49.03%,0.38%,46.22%,13.12%,645.78,802.43
2276,BR-4006,State Bank of India (Consolidated),Ahmedabad,Urban,2018,Post-Merger,2017-04-01,6.72%,2.77%,47.25%,0.70%,53.67%,14.48%,420.37,484.67
2277,BR-3861,State Bank of India (Consolidated),Mumbai Metro,Urban,2020,Post-Merger,01/04/2017,9.36%,3.78%,43.94%,0.97%,44.72%,14.05%,918.72,"1,133.12"
2278,BR-3772,State Bank of India (Consolidated),Jaipur,Metro,2021,Post-Merger,2017-04-01,5.39%,1.53%,48.50%,1.04%,50.45%,12.83%,239.97,309.68
2279,BR-4319,State Bank of India (Parent),Jaipur,Metro,2015,Pre-Merger,2017-04-01,14.41%,7.59%,59.47%,1.16%,40.91%,12.75%,431.02,588.80
2280,BR-6078,State Bank of India (Consolidated),Chennai,Urban,2020,Post-Merger,01/04/2017,7.34%,2.83%,48.96%,0.91%,40.88%,16.43%,"1,280.35","1,752.34"
2281,BR-6311,State Bank of India (Consolidated),Bengaluru,Urban,2020,Post-Merger,2017-04-01,4.53%,1.57%,46.03%,0.94%,47.96%,13.09%,"1,085.96","1,400.52"
2282,BR-7988,State Bank of Patiala,Kolkata,Semi-Urban,2017,Pre-Merger,01/04/2017,14.25%,7.16%,61.38%,0.62%,33.65%,12.32%,"1,290.19","1,714.73"
2283,BR-2552,State Bank of India (Consolidated),Kolkata,Rural,2020,Post-Merger,01/04/2017,4.28%,1.47%,49.81%,0.79%,46.78%,12.66%,512.13,687.80
2284,BR-5876,State Bank of Patiala,Lucknow,Urban,2017,Pre-Merger,01/04/2017,14.05%,8.97%,57.76%,0.53%,43.89%,11.58%,616.46,859.19
2285,BR-6906,State Bank of India (Consolidated),Chennai,Metro,2021,Post-Merger,2017-04-01,4.56%,1.15%,50.47%,0.86%,36.46%,13.06%,268.94,331.65
2286,BR-4942,State Bank of India (Consolidated),Bengaluru,Rural,2019,Post-Merger,2017-04-01,3.03%,1.10%,43.05%,0.79%,48.89%,12.98%,99.40,142.28
2287,BR-6534,State Bank of India (Consolidated),Chennai,Urban,2020,Post-Merger,2017-04-01,7.16%,3.10%,47.22%,0.43%,40.92%,14.25%,592.27,700.42
2288,BR-4579,State Bank of India (Parent),Bengaluru,Metro,2014,Pre-Merger,01/04/2017,9.69%,6.53%,58.72%,0.10%,38.67%,12.67%,449.80,544.85
2289,BR-4198,State Bank of Bikaner and Jaipur,Chennai,Urban,2015,Pre-Merger,2017-04-01,14.86%,9.44%,60.12%,1.20%,52.00%,13.77%,572.30,714.87
2290,BR-8496,State Bank of India (Parent),Chandigarh,Semi-Urban,2017,Pre-Merger,2017-04-01,12.76%,6.84%,59.76%,0.64%,40.01%,12.99%,"1,074.67","1,253.86"
2291,BR-9463,State Bank of India (Consolidated),Bhopal,Urban,2020,Post-Merger,01/04/2017,6.89%,2.11%,47.31%,0.61%,42.78%,12.67%,"1,370.52","1,745.09"
2292,BR-4367,State Bank of India (Consolidated),Chennai,Metro,2021,Post-Merger,2017-04-01,6.72%,1.76%,46.94%,0.18%,45.01%,14.77%,988.44,"1,263.54"
2293,BR-9058,State Bank of India (Consolidated)   ,Jaipur,Rural,2019,Post-Merger,01/04/2017,5.54%,,,0.37%,45.25%,14.56%,892.88,"1,053.25"
2294,BR-2191,State Bank of Travancore,Jaipur,Rural,2016,Pre-Merger,01/04/2017,10.32%,6.18%,53.86%,-0.04%,36.43%,13.92%,"1,499.42","1,906.68"
2295,BR-2943,State Bank of India (Consolidated),Mumbai Metro,Semi-Urban,2019,Post-Merger,2017-04-01,7.95%,2.00%,53.94%,1.10%,40.77%,13.40%,999.36,"1,228.79"
2296,BR-8253,State Bank of India (Consolidated)   ,Thiruvananthapuram,Metro,2021,Post-Merger,01/04/2017,7.73%,3.05%,,0.23%,43.79%,15.08%,"1,353.98","1,809.07"
2297,BR-3294,State Bank of India (Consolidated),Chennai,Rural,2019,Post-Merger,2017-04-01,1.50%,0.67%,51.98%,0.18%,48.63%,13.74%,468.76,608.60
2298,BR-3615,State Bank of Mysore,Thiruvananthapuram,Metro,2014,Pre-Merger,2017-04-01,11.83%,7.32%,51.30%,0.71%,39.13%,11.00%,"1,288.36","1,757.76"
2299,BR-8661,State Bank of Patiala,Chennai,Metro,2014,Pre-Merger,2017-04-01,10.02%,6.80%,51.76%,-0.41%,35.86%,12.63%,998.28,"1,178.37"
2300,BR-1391,State Bank of Hyderabad   ,Jaipur,Rural,2017,Pre-Merger,01/04/2017,7.15%,,,-0.10%,38.59%,12.12%,515.31,630.81
2301,BR-6170,State Bank of Travancore,Bhopal,Urban,2017,Pre-Merger,2017-04-01,14.31%,8.18%,56.56%,0.31%,43.78%,13.51%,"1,321.79","1,783.73"
2302,BR-8718,State Bank of India (Consolidated),Lucknow,Semi-Urban,2021,Post-Merger,2017-04-01,8.02%,2.83%,49.29%,1.16%,47.56%,13.15%,920.49,"1,218.26"
2303,BR-4469,State Bank of India (Consolidated),Mumbai Metro,Urban,2020,Post-Merger,01/04/2017,6.93%,3.07%,42.22%,0.79%,41.76%,13.93%,961.26,"1,347.99"
2304,BR-5767,State Bank of India (Parent),Chandigarh,Rural,2017,Pre-Merger,2017-04-01,8.69%,5.52%,58.75%,0.31%,41.17%,12.23%,384.23,518.88
2305,BR-5203,State Bank of India (Parent),Lucknow,Rural,2015,Pre-Merger,01/04/2017,12.59%,8.20%,52.53%,0.15%,36.00%,12.70%,"1,144.15","1,437.12"
2306,BR-3240,State Bank of India (Parent),Lucknow,Rural,2015,Pre-Merger,2017-04-01,8.64%,5.44%,52.15%,0.90%,37.23%,11.31%,638.43,750.90
2307,BR-6351,State Bank of India (Consolidated),Lucknow,Urban,2021,Post-Merger,2017-04-01,2.72%,0.90%,44.83%,1.42%,42.57%,13.97%,522.47,688.56
2308,BR-8742,State Bank of India (Parent),Bhopal,Urban,2017,Pre-Merger,2017-04-01,9.37%,5.52%,51.06%,-0.47%,37.29%,11.92%,400.67,492.22
2309,BR-8397,State Bank of Mysore,Lucknow,Metro,2014,Pre-Merger,2017-04-01,4.78%,2.50%,49.86%,-0.08%,38.04%,12.23%,443.39,523.78
2310,BR-6020,State Bank of Hyderabad,Kolkata,Rural,2016,Pre-Merger,2017-04-01,9.47%,6.40%,57.51%,0.77%,41.82%,12.16%,281.23,348.43
2311,BR-7879,State Bank of India (Consolidated),Jaipur,Urban,2020,Post-Merger,01/04/2017,6.09%,2.09%,50.59%,0.70%,46.05%,13.22%,478.75,636.66
2312,BR-8731,State Bank of India (Parent),Kolkata,Semi-Urban,2015,Pre-Merger,2017-04-01,12.30%,7.02%,50.90%,0.47%,42.35%,10.99%,710.47,933.95
2313,BR-6862,State Bank of Mysore,Thiruvananthapuram,Semi-Urban,2014,Pre-Merger,2017-04-01,13.61%,7.12%,51.40%,-0.64%,43.10%,9.99%,"1,202.53","1,704.44"
2314,BR-9704,State Bank of Hyderabad,Ahmedabad,Urban,2015,Pre-Merger,01/04/2017,10.80%,6.90%,52.67%,0.10%,41.05%,11.67%,"1,009.51","1,299.31"
2315,BR-6787,State Bank of India (Consolidated),Bhopal,Semi-Urban,2019,Post-Merger,2017-04-01,5.14%,2.15%,42.51%,1.18%,46.39%,13.22%,536.57,673.62
2316,BR-9162,State Bank of India (Consolidated),Jaipur,Semi-Urban,2019,Post-Merger,2017-04-01,5.82%,1.87%,43.68%,0.98%,45.67%,17.50%,"1,249.78","1,784.80"
2317,BR-7377,State Bank of India (Consolidated),Ahmedabad,Rural,2018,Post-Merger,01/04/2017,7.36%,1.99%,45.46%,0.65%,40.56%,13.52%,"1,495.93","1,879.75"
2318,BR-3990,State Bank of Patiala,Jaipur,Rural,2014,Pre-Merger,2017-04-01,11.96%,7.44%,52.47%,0.81%,46.21%,12.03%,994.22,"1,250.71"
2319,BR-1003,State Bank of Hyderabad,Lucknow,Urban,2014,Pre-Merger,2017-04-01,9.09%,6.10%,60.15%,-0.81%,43.32%,11.96%,887.47,"1,207.82"
2320,BR-9197,State Bank of India (Consolidated),Bhopal,Semi-Urban,2018,Post-Merger,01/04/2017,4.51%,1.33%,53.53%,1.04%,44.30%,15.54%,"1,055.43","1,309.75"
2321,BR-3661,State Bank of India (Consolidated),Delhi NCR,Urban,2021,Post-Merger,2017-04-01,5.03%,1.66%,44.75%,0.84%,47.05%,15.31%,"1,039.58","1,276.97"
2322,BR-1847,State Bank of India (Consolidated),Delhi NCR,Urban,2020,Post-Merger,2017-04-01,8.72%,3.53%,43.57%,0.60%,42.92%,14.38%,"1,459.32","1,955.08"
2323,BR-1325,State Bank of India (Parent),Hyderabad,Semi-Urban,2015,Pre-Merger,2017-04-01,10.82%,7.27%,58.09%,0.72%,43.79%,13.67%,665.97,931.09
2324,BR-2978,State Bank of India (Consolidated),Chennai,Semi-Urban,2021,Post-Merger,2017-04-01,5.90%,2.22%,37.00%,0.97%,45.51%,14.44%,125.42,167.80
2325,BR-6917,State Bank of India (Consolidated),Thiruvananthapuram,Metro,2019,Post-Merger,2017-04-01,4.56%,1.77%,47.58%,1.07%,40.65%,13.67%,"1,267.43","1,635.20"
2326,BR-1259,State Bank of India (Consolidated),Thiruvananthapuram,Rural,2018,Post-Merger,01/04/2017,4.04%,1.54%,45.29%,0.12%,45.28%,16.72%,"1,411.81","2,005.68"
2327,BR-9052,State Bank of Mysore,Chennai,Semi-Urban,2016,Pre-Merger,2017-04-01,10.06%,6.55%,56.66%,0.41%,43.62%,11.92%,243.75,315.14
2328,BR-4479,Bharatiya Mahila Bank,Bhopal,Urban,2015,Pre-Merger,2017-04-01,9.00%,4.97%,62.00%,1.04%,41.07%,13.92%,360.06,453.93
2329,BR-1220,State Bank of Hyderabad,Hyderabad,Rural,2014,Pre-Merger,2017-04-01,7.01%,4.51%,54.14%,1.20%,35.68%,14.06%,"1,343.94","1,929.42"
2330,BR-9521,State Bank of India (Parent)   ,Hyderabad,Urban,2015,Pre-Merger,01/04/2017,12.89%,8.42%,,0.23%,39.21%,11.03%,341.54,438.21
2331,BR-9168,State Bank of India (Parent)   ,Kolkata,Semi-Urban,2015,Pre-Merger,01/04/2017,9.31%,5.53%,54.91%,0.13%,38.29%,12.97%,354.79,494.06
2332,BR-1440,State Bank of India (Consolidated),Bengaluru,Rural,2019,Post-Merger,2017-04-01,4.96%,1.71%,49.73%,0.60%,43.12%,13.40%,"1,035.95","1,324.57"
2333,BR-1452,State Bank of India (Consolidated),Chandigarh,Rural,2020,Post-Merger,2017-04-01,7.18%,3.15%,45.95%,0.10%,45.28%,11.98%,381.63,509.68
2334,BR-5803,State Bank of Patiala,Chennai,Urban,2016,Pre-Merger,2017-04-01,6.88%,3.66%,55.76%,-0.18%,38.52%,12.04%,584.91,808.07
2335,BR-1940,State Bank of India (Parent)   ,Jaipur,Rural,2017,Pre-Merger,01/04/2017,9.40%,5.68%,59.11%,-0.20%,46.25%,11.88%,"1,282.52","1,572.91"
2336,BR-6254,State Bank of India (Consolidated),Jaipur,Urban,2020,Post-Merger,01/04/2017,8.51%,3.25%,46.06%,0.89%,49.05%,14.71%,488.89,621.66
2337,BR-5325,State Bank of India (Parent),Mumbai Metro,Rural,2014,Pre-Merger,2017-04-01,8.92%,4.85%,52.41%,0.63%,47.33%,9.96%,"1,286.91","1,753.20"
2338,BR-2750,State Bank of Hyderabad,Thiruvananthapuram,Rural,2015,Pre-Merger,01/04/2017,9.25%,4.71%,49.04%,0.89%,40.52%,12.59%,"1,312.67","1,887.49"
2339,BR-6826,State Bank of Patiala,Bhopal,Urban,2016,Pre-Merger,01/04/2017,10.01%,6.23%,50.65%,-0.55%,42.44%,12.02%,999.65,"1,447.01"
2340,BR-6178,State Bank of Travancore,Lucknow,Rural,2014,Pre-Merger,01/04/2017,7.83%,5.09%,62.87%,-0.15%,37.24%,11.23%,526.73,678.82
2341,BR-4349,State Bank of India (Consolidated),Ahmedabad,Metro,2020,Post-Merger,2017-04-01,4.94%,1.31%,49.85%,0.81%,44.13%,13.43%,"1,242.48","1,521.33"
2342,BR-8491,State Bank of India (Parent)   ,Chandigarh,Metro,2014,Pre-Merger,01/04/2017,3.88%,2.22%,59.98%,0.13%,36.14%,9.71%,"1,258.60","1,514.36"
2343,BR-7612,State Bank of India (Parent),Chennai,Semi-Urban,2017,Pre-Merger,2017-04-01,5.34%,3.27%,51.61%,0.11%,41.41%,10.35%,515.43,664.97
2344,BR-8398,State Bank of India (Consolidated),Ahmedabad,Rural,2018,Post-Merger,2017-04-01,6.25%,2.39%,48.18%,1.04%,42.19%,12.42%,543.71,666.37
2345,BR-8861,State Bank of India (Consolidated),Jaipur,Semi-Urban,2020,Post-Merger,2017-04-01,6.22%,1.83%,52.64%,0.43%,40.28%,16.04%,372.78,503.70
2346,BR-3861,State Bank of India (Consolidated),Hyderabad,Metro,2020,Post-Merger,01/04/2017,1.50%,0.58%,48.16%,0.78%,42.37%,13.84%,"1,246.54","1,512.88"
2347,BR-6032,State Bank of India (Parent),Chandigarh,Urban,2016,Pre-Merger,01/04/2017,7.12%,3.81%,53.32%,0.80%,43.96%,12.63%,677.02,954.78
2348,BR-2545,State Bank of Hyderabad,Delhi NCR,Metro,2017,Pre-Merger,01/04/2017,10.96%,6.22%,54.41%,-0.45%,39.93%,12.19%,211.89,261.75
2349,BR-9932,State Bank of India (Consolidated),Thiruvananthapuram,Urban,2019,Post-Merger,01/04/2017,7.25%,2.62%,48.34%,1.11%,50.80%,14.51%,917.51,"1,229.24"
2350,BR-7870,State Bank of Patiala,Mumbai Metro,Urban,2014,Pre-Merger,2017-04-01,10.88%,6.62%,54.28%,0.24%,38.23%,10.92%,956.56,"1,119.12"
2351,BR-2204,State Bank of Patiala,Bengaluru,Rural,2014,Pre-Merger,01/04/2017,10.93%,7.05%,50.39%,0.76%,44.59%,11.94%,232.35,310.10
2352,BR-1201,State Bank of India (Consolidated)   ,Mumbai Metro,Rural,2018,Post-Merger,01/04/2017,6.53%,2.67%,45.93%,0.83%,46.22%,13.76%,361.50,418.85
2353,BR-5319,State Bank of Travancore,Jaipur,Metro,2016,Pre-Merger,2017-04-01,7.33%,4.48%,52.95%,0.83%,40.66%,13.07%,191.66,268.16
2354,BR-4128,State Bank of Patiala,Bengaluru,Semi-Urban,2016,Pre-Merger,2017-04-01,9.75%,5.38%,54.31%,0.56%,37.08%,10.75%,817.81,"1,170.29"
2355,BR-2243,State Bank of India (Consolidated),Chennai,Metro,2019,Post-Merger,01/04/2017,9.26%,3.71%,47.26%,0.68%,44.80%,14.97%,854.42,"1,064.63"
2356,BR-6038,State Bank of Mysore,Chennai,Semi-Urban,2015,Pre-Merger,2017-04-01,9.16%,4.60%,52.48%,0.20%,32.11%,9.94%,"1,449.98","1,954.51"
2357,BR-8543,State Bank of India (Consolidated),Lucknow,Rural,2021,Post-Merger,2017-04-01,6.84%,2.31%,44.73%,1.31%,46.39%,15.57%,708.06,894.39
2358,BR-6629,State Bank of India (Consolidated),Delhi NCR,Semi-Urban,2018,Post-Merger,01/04/2017,4.42%,1.34%,43.72%,0.31%,41.81%,13.11%,"1,148.53","1,332.52"
2359,BR-8477,State Bank of Bikaner and Jaipur   ,Ahmedabad,Urban,2017,Pre-Merger,01/04/2017,2.90%,1.73%,55.58%,1.20%,39.68%,12.01%,582.63,724.20
2360,BR-9662,State Bank of India (Consolidated)   ,Hyderabad,Rural,2018,Post-Merger,01/04/2017,11.02%,3.31%,,1.09%,55.67%,12.98%,193.48,276.03
2361,BR-4110,State Bank of Mysore,Delhi NCR,Urban,2017,Pre-Merger,2017-04-01,14.83%,10.03%,50.07%,-0.45%,45.99%,12.75%,740.67,950.37
2362,BR-1054,State Bank of India (Consolidated),Mumbai Metro,Semi-Urban,2019,Post-Merger,2017-04-01,4.92%,2.00%,46.16%,0.38%,42.34%,13.88%,709.12,987.19
2363,BR-3499,State Bank of Travancore,Bengaluru,Rural,2015,Pre-Merger,2017-04-01,7.76%,4.67%,56.56%,0.24%,39.78%,12.11%,"1,346.79","1,615.88"
2364,BR-2123,State Bank of Patiala,Bhopal,Semi-Urban,2015,Pre-Merger,2017-04-01,12.61%,7.67%,64.17%,1.02%,43.08%,12.54%,668.93,930.40
2365,BR-7035,State Bank of India (Parent),Kolkata,Metro,2014,Pre-Merger,2017-04-01,11.33%,6.67%,56.70%,1.08%,42.21%,11.87%,765.29,"1,089.86"
2366,BR-2141,State Bank of India (Consolidated),Jaipur,Metro,2021,Post-Merger,2017-04-01,5.67%,2.37%,47.96%,0.97%,47.41%,15.01%,"1,076.11","1,485.80"
2367,BR-7353,Bharatiya Mahila Bank,Delhi NCR,Urban,2016,Pre-Merger,01/04/2017,13.53%,7.55%,61.24%,-0.32%,42.08%,12.05%,821.39,"1,070.77"
2368,BR-8004,State Bank of India (Consolidated),Ahmedabad,Rural,2021,Post-Merger,01/04/2017,6.21%,2.28%,43.55%,0.50%,48.30%,14.88%,927.90,"1,248.58"
2369,BR-8163,State Bank of India (Consolidated),Thiruvananthapuram,Semi-Urban,2019,Post-Merger,2017-04-01,7.81%,2.96%,53.29%,0.54%,43.03%,13.05%,185.95,218.77
2370,BR-8618,State Bank of India (Consolidated),Mumbai Metro,Metro,2021,Post-Merger,01/04/2017,5.61%,1.63%,40.66%,1.20%,47.31%,13.07%,"1,268.27","1,562.66"
2371,BR-7122,State Bank of Patiala,Jaipur,Metro,2014,Pre-Merger,2017-04-01,8.97%,4.75%,47.15%,0.22%,40.83%,12.49%,552.60,781.58
2372,BR-7142,State Bank of India (Consolidated),Chandigarh,Metro,2018,Post-Merger,2017-04-01,7.07%,3.16%,37.06%,1.00%,49.83%,13.41%,182.21,262.01
2373,BR-8329,State Bank of India (Consolidated),Mumbai Metro,Rural,2018,Post-Merger,2017-04-01,9.46%,3.81%,47.21%,0.94%,46.99%,13.76%,"1,342.70","1,833.96"
2374,BR-8001,State Bank of India (Consolidated),Chandigarh,Metro,2019,Post-Merger,2017-04-01,8.03%,2.60%,51.52%,0.83%,43.82%,14.51%,"1,177.47","1,524.18"
2375,BR-1860,State Bank of India (Consolidated),Lucknow,Semi-Urban,2021,Post-Merger,2017-04-01,6.15%,2.50%,41.72%,0.57%,40.51%,12.37%,683.93,945.34
2376,BR-2832,State Bank of India (Parent),Jaipur,Urban,2015,Pre-Merger,01/04/2017,11.01%,5.55%,47.75%,0.51%,41.78%,11.81%,787.12,"1,093.22"
2377,BR-5626,State Bank of India (Consolidated),Chandigarh,Metro,2020,Post-Merger,2017-04-01,4.89%,1.75%,50.49%,0.51%,48.26%,12.72%,207.03,264.50
2378,BR-2643,State Bank of Bikaner and Jaipur,Delhi NCR,Semi-Urban,2017,Pre-Merger,2017-04-01,13.07%,8.02%,50.21%,-0.64%,43.45%,12.41%,368.81,500.18
2379,BR-2068,State Bank of India (Parent)   ,Chandigarh,Urban,2016,Pre-Merger,01/04/2017,7.33%,4.31%,51.21%,0.65%,37.14%,10.60%,735.03,964.93
2380,BR-9312,State Bank of India (Consolidated),Chennai,Semi-Urban,2020,Post-Merger,2017-04-01,3.85%,1.50%,52.65%,0.52%,47.24%,14.60%,"1,428.11","1,879.54"
2381,BR-8313,State Bank of India (Parent),Lucknow,Semi-Urban,2016,Pre-Merger,2017-04-01,5.94%,3.50%,53.58%,-0.62%,35.61%,10.98%,620.28,874.97
2382,BR-8204,State Bank of India (Consolidated),Jaipur,Metro,2018,Post-Merger,2017-04-01,6.73%,2.90%,45.50%,0.55%,48.90%,15.24%,"1,049.85","1,278.96"
2383,BR-7026,State Bank of Mysore,Lucknow,Metro,2014,Pre-Merger,01/04/2017,2.10%,1.16%,53.78%,0.36%,43.66%,12.88%,"1,008.51","1,449.59"
2384,BR-8252,State Bank of India (Consolidated)   ,Kolkata,Semi-Urban,2020,Post-Merger,01/04/2017,6.06%,,,0.23%,43.75%,14.44%,"1,152.86","1,364.00"
2385,BR-2408,State Bank of India (Consolidated),Bengaluru,Urban,2020,Post-Merger,01/04/2017,4.68%,1.63%,41.35%,1.49%,36.77%,14.67%,842.87,"1,010.83"
2386,BR-8727,State Bank of India (Consolidated),Thiruvananthapuram,Urban,2019,Post-Merger,2017-04-01,3.44%,1.17%,46.23%,0.82%,40.32%,14.37%,"1,165.77","1,449.80"
2387,BR-8927,State Bank of India (Consolidated),Lucknow,Semi-Urban,2018,Post-Merger,2017-04-01,6.66%,2.69%,46.26%,0.97%,45.47%,11.75%,215.56,283.06
2388,BR-9696,State Bank of India (Consolidated),Delhi NCR,Rural,2019,Post-Merger,2017-04-01,6.92%,2.04%,49.44%,0.10%,43.82%,14.00%,"1,185.72","1,618.62"
2389,BR-7003,State Bank of Hyderabad,Lucknow,Urban,2016,Pre-Merger,2017-04-01,7.70%,4.86%,57.37%,0.61%,37.32%,13.67%,863.24,"1,008.15"
2390,BR-6584,State Bank of India (Consolidated),Mumbai Metro,Rural,2019,Post-Merger,2017-04-01,6.91%,1.97%,44.11%,1.00%,42.40%,12.91%,309.73,435.13
2391,BR-2895,State Bank of India (Consolidated),Ahmedabad,Urban,2018,Post-Merger,2017-04-01,7.67%,2.50%,49.66%,0.95%,45.34%,14.03%,770.42,886.32
2392,BR-2962,State Bank of India (Consolidated),Chennai,Semi-Urban,2019,Post-Merger,2017-04-01,5.57%,2.28%,46.88%,0.80%,44.68%,13.49%,131.05,170.38
2393,BR-9132,State Bank of India (Consolidated)   ,Mumbai Metro,Urban,2018,Post-Merger,01/04/2017,3.88%,1.47%,45.01%,1.12%,47.27%,14.56%,"1,056.25","1,232.65"
2394,BR-6347,State Bank of India (Consolidated),Thiruvananthapuram,Semi-Urban,2019,Post-Merger,2017-04-01,7.23%,1.91%,54.36%,0.91%,46.52%,15.51%,344.57,495.96
2395,BR-9865,State Bank of India (Consolidated),Ahmedabad,Semi-Urban,2021,Post-Merger,2017-04-01,8.21%,2.45%,44.96%,1.16%,48.71%,13.80%,254.46,305.58
2396,BR-5711,State Bank of India (Consolidated),Chandigarh,Urban,2021,Post-Merger,2017-04-01,5.09%,1.60%,50.28%,0.72%,43.74%,13.30%,940.79,"1,114.73"
2397,BR-8636,State Bank of India (Consolidated),Lucknow,Metro,2021,Post-Merger,01/04/2017,5.56%,1.44%,49.59%,0.93%,50.75%,12.45%,"1,362.64","1,611.97"
2398,BR-3007,State Bank of India (Parent),Kolkata,Rural,2015,Pre-Merger,2017-04-01,11.91%,6.67%,50.24%,0.54%,35.45%,11.88%,"1,294.53","1,506.17"
2399,BR-2610,State Bank of Mysore,Lucknow,Urban,2016,Pre-Merger,01/04/2017,8.71%,4.79%,51.55%,-0.74%,44.26%,13.73%,127.84,171.55
2400,BR-8693,State Bank of India (Consolidated),Chandigarh,Rural,2018,Post-Merger,2017-04-01,7.86%,2.82%,51.66%,0.58%,50.51%,15.31%,408.07,587.98
2401,BR-4450,State Bank of India (Parent),Bhopal,Urban,2016,Pre-Merger,2017-04-01,12.45%,6.74%,51.12%,-0.25%,41.22%,11.42%,482.48,651.15
2402,BR-7868,State Bank of India (Parent),Chennai,Semi-Urban,2015,Pre-Merger,2017-04-01,9.19%,5.50%,56.46%,0.29%,48.75%,10.50%,"1,421.57","2,056.69"
2403,BR-9932,State Bank of India (Consolidated),Bengaluru,Semi-Urban,2018,Post-Merger,2017-04-01,2.64%,0.87%,52.15%,0.87%,41.39%,12.48%,849.26,"1,224.57"
2404,BR-8552,State Bank of India (Consolidated)   ,Bhopal,Urban,2019,Post-Merger,01/04/2017,6.29%,1.83%,48.14%,1.24%,48.97%,15.90%,985.37,"1,351.03"
2405,BR-9406,State Bank of Hyderabad   ,Delhi NCR,Metro,2016,Pre-Merger,01/04/2017,14.37%,7.39%,47.70%,1.01%,38.73%,13.21%,896.70,"1,281.00"
2406,BR-9601,State Bank of India (Parent),Jaipur,Semi-Urban,2015,Pre-Merger,2017-04-01,9.64%,6.20%,59.42%,0.79%,45.58%,11.82%,780.84,920.15
2407,BR-9205,State Bank of Travancore,Kolkata,Semi-Urban,2015,Pre-Merger,2017-04-01,14.32%,8.73%,48.73%,0.29%,41.17%,12.77%,681.82,980.59
2408,BR-1894,State Bank of India (Consolidated),Mumbai Metro,Metro,2020,Post-Merger,2017-04-01,5.40%,1.69%,43.61%,0.40%,45.41%,15.96%,842.66,"1,179.30"
2409,BR-5833,State Bank of India (Parent),Bengaluru,Rural,2017,Pre-Merger,01/04/2017,9.95%,6.50%,54.73%,0.17%,48.41%,10.37%,174.02,249.66
2410,BR-2446,State Bank of Patiala,Thiruvananthapuram,Semi-Urban,2016,Pre-Merger,2017-04-01,4.96%,3.01%,53.15%,-0.06%,40.44%,12.23%,140.54,190.19
2411,BR-5489,State Bank of Travancore,Thiruvananthapuram,Metro,2017,Pre-Merger,2017-04-01,13.27%,7.36%,58.93%,0.95%,45.09%,10.30%,"1,231.64","1,762.79"
2412,BR-9493,State Bank of India (Consolidated),Ahmedabad,Semi-Urban,2018,Post-Merger,2017-04-01,8.07%,3.36%,43.10%,1.02%,42.64%,13.78%,927.84,"1,114.11"
2413,BR-6109,State Bank of Travancore,Delhi NCR,Metro,2014,Pre-Merger,2017-04-01,5.63%,3.82%,58.79%,0.41%,43.39%,11.67%,670.77,808.41
2414,BR-5228,State Bank of Mysore,Thiruvananthapuram,Metro,2016,Pre-Merger,01/04/2017,12.03%,7.58%,53.06%,1.01%,45.08%,9.84%,"1,155.40","1,550.89"
2415,BR-3704,State Bank of Hyderabad,Delhi NCR,Urban,2017,Pre-Merger,2017-04-01,6.32%,3.33%,47.40%,0.10%,35.05%,13.29%,843.75,"1,178.46"
2416,BR-6855,State Bank of India (Consolidated),Chandigarh,Urban,2021,Post-Merger,01/04/2017,3.88%,1.24%,52.02%,1.11%,43.90%,13.35%,318.89,431.20
2417,BR-1902,State Bank of India (Consolidated),Lucknow,Urban,2018,Post-Merger,2017-04-01,5.52%,1.78%,48.04%,1.22%,49.26%,14.78%,"1,432.58","1,865.44"
2418,BR-7462,State Bank of India (Parent),Bengaluru,Rural,2017,Pre-Merger,2017-04-01,15.93%,8.80%,46.05%,-0.18%,46.72%,11.41%,319.10,427.05
2419,BR-1434,State Bank of India (Consolidated),Ahmedabad,Metro,2020,Post-Merger,2017-04-01,4.40%,1.65%,50.02%,1.14%,48.57%,14.66%,677.78,823.44
2420,BR-5824,State Bank of India (Consolidated),Chennai,Urban,2021,Post-Merger,2017-04-01,5.15%,2.06%,41.30%,0.39%,49.89%,14.69%,607.60,773.52
2421,BR-2371,State Bank of Bikaner and Jaipur,Thiruvananthapuram,Semi-Urban,2016,Pre-Merger,01/04/2017,12.34%,7.83%,60.50%,0.26%,40.41%,10.93%,"1,293.43","1,711.76"
2422,BR-7236,State Bank of Patiala,Bhopal,Urban,2015,Pre-Merger,2017-04-01,8.94%,5.76%,49.23%,0.44%,38.29%,13.31%,396.17,511.52
2423,BR-7285,State Bank of India (Consolidated),Mumbai Metro,Metro,2020,Post-Merger,2017-04-01,7.52%,3.11%,51.78%,0.46%,47.52%,14.99%,416.11,489.35
2424,BR-5561,State Bank of India (Consolidated),Lucknow,Rural,2018,Post-Merger,2017-04-01,7.13%,1.95%,43.57%,0.64%,50.72%,12.49%,798.63,"1,116.69"
2425,BR-1577,State Bank of India (Parent)   ,Jaipur,Urban,2016,Pre-Merger,01/04/2017,3.92%,2.03%,60.55%,0.73%,39.78%,13.14%,663.34,957.65
2426,BR-3326,State Bank of Travancore   ,Jaipur,Semi-Urban,2015,Pre-Merger,01/04/2017,10.39%,6.03%,56.29%,-0.16%,39.65%,13.66%,216.98,260.52
2427,BR-8981,State Bank of India (Parent),Kolkata,Rural,2017,Pre-Merger,2017-04-01,11.07%,6.37%,56.27%,0.11%,47.80%,13.04%,619.43,814.25
2428,BR-1464,State Bank of Bikaner and Jaipur,Kolkata,Urban,2014,Pre-Merger,2017-04-01,5.46%,3.53%,59.27%,0.39%,34.87%,12.19%,"1,223.31","1,514.82"
2429,BR-1043,State Bank of India (Consolidated),Chandigarh,Semi-Urban,2021,Post-Merger,01/04/2017,3.99%,1.37%,41.82%,1.12%,43.56%,15.67%,"1,445.22","1,822.60"
2430,BR-6312,State Bank of India (Parent),Kolkata,Urban,2016,Pre-Merger,01/04/2017,13.29%,7.84%,54.14%,0.94%,36.47%,11.06%,"1,351.21","1,625.87"
2431,BR-6764,State Bank of India (Consolidated),Jaipur,Urban,2021,Post-Merger,01/04/2017,6.00%,2.48%,50.73%,1.01%,45.79%,14.06%,531.95,707.76
2432,BR-2859,State Bank of India (Consolidated),Bhopal,Semi-Urban,2021,Post-Merger,2017-04-01,7.60%,2.92%,45.93%,0.61%,45.05%,14.45%,116.68,136.41
2433,BR-1761,State Bank of India (Consolidated),Mumbai Metro,Urban,2020,Post-Merger,2017-04-01,3.87%,1.37%,48.24%,0.47%,42.83%,14.35%,110.32,131.16
2434,BR-1217,State Bank of Bikaner and Jaipur,Thiruvananthapuram,Urban,2017,Pre-Merger,2017-04-01,17.32%,9.45%,52.51%,0.27%,38.76%,10.54%,"1,304.45","1,639.99"
2435,BR-9141,State Bank of India (Consolidated),Kolkata,Rural,2021,Post-Merger,2017-04-01,2.06%,0.69%,44.20%,1.30%,49.02%,15.64%,"1,419.82","1,999.37"
2436,BR-4060,State Bank of Hyderabad,Chandigarh,Semi-Urban,2014,Pre-Merger,2017-04-01,11.93%,7.81%,56.27%,1.20%,43.67%,14.50%,"1,459.71","2,036.04"
2437,BR-1496,State Bank of Hyderabad,Hyderabad,Urban,2017,Pre-Merger,2017-04-01,5.68%,3.47%,52.71%,-0.81%,43.35%,10.91%,833.65,"1,121.90"
2438,BR-1506,State Bank of India (Consolidated)   ,Lucknow,Rural,2019,Post-Merger,01/04/2017,8.89%,3.04%,47.63%,0.85%,41.92%,13.65%,"1,468.98","1,946.91"
2439,BR-2957,State Bank of Bikaner and Jaipur,Hyderabad,Rural,2016,Pre-Merger,2017-04-01,9.63%,6.47%,56.42%,1.20%,31.23%,12.89%,959.84,"1,223.89"
2440,BR-2062,State Bank of Travancore,Ahmedabad,Metro,2014,Pre-Merger,01/04/2017,12.54%,7.74%,55.09%,0.41%,44.35%,13.27%,"1,449.94","2,043.12"
2441,BR-5067,State Bank of India (Consolidated),Bhopal,Metro,2018,Post-Merger,01/04/2017,9.25%,2.87%,49.01%,0.68%,43.40%,14.63%,"1,376.32","1,739.20"
2442,BR-6530,State Bank of India (Consolidated),Bengaluru,Urban,2019,Post-Merger,01/04/2017,6.50%,1.82%,46.89%,0.99%,45.87%,13.41%,363.59,418.87
2443,BR-3832,State Bank of India (Consolidated),Thiruvananthapuram,Rural,2018,Post-Merger,2017-04-01,4.39%,1.29%,47.88%,0.22%,49.33%,15.80%,"1,205.49","1,638.74"
2444,BR-6604,State Bank of India (Consolidated),Mumbai Metro,Urban,2018,Post-Merger,2017-04-01,6.19%,2.72%,48.86%,0.52%,46.02%,13.97%,529.58,660.94
2445,BR-9785,State Bank of India (Parent),Kolkata,Metro,2015,Pre-Merger,2017-04-01,11.72%,6.99%,50.76%,0.36%,43.39%,12.13%,944.17,"1,321.30"
2446,BR-2577,State Bank of India (Consolidated),Bengaluru,Metro,2019,Post-Merger,2017-04-01,5.78%,1.58%,42.42%,0.68%,47.01%,14.49%,633.30,825.44
2447,BR-2235,State Bank of India (Parent),Chennai,Metro,2016,Pre-Merger,2017-04-01,5.69%,3.16%,46.76%,-1.06%,42.14%,12.31%,"1,043.24","1,251.89"
2448,BR-2940,State Bank of India (Parent),Bhopal,Semi-Urban,2014,Pre-Merger,2017-04-01,12.17%,7.58%,56.47%,0.12%,38.27%,10.57%,503.21,675.90
2449,BR-4092,State Bank of Bikaner and Jaipur,Delhi NCR,Urban,2015,Pre-Merger,2017-04-01,6.84%,4.09%,62.19%,-0.58%,43.40%,12.68%,340.61,428.70
2450,BR-1887,State Bank of Travancore,Chennai,Semi-Urban,2017,Pre-Merger,2017-04-01,11.73%,5.90%,51.19%,0.84%,35.92%,10.16%,512.72,604.02
2451,BR-9250,State Bank of India (Consolidated),Hyderabad,Metro,2018,Post-Merger,2017-04-01,6.30%,1.73%,49.06%,0.55%,49.84%,14.85%,"1,178.46","1,592.52"
2452,BR-4589,Bharatiya Mahila Bank,Thiruvananthapuram,Semi-Urban,2016,Pre-Merger,2017-04-01,8.43%,4.91%,55.44%,0.16%,36.22%,11.69%,766.21,"1,093.93"
2453,BR-2974,State Bank of India (Parent)   ,Lucknow,Urban,2014,Pre-Merger,01/04/2017,9.69%,5.23%,54.12%,0.10%,48.10%,13.69%,759.48,997.56
2454,BR-3736,State Bank of Hyderabad   ,Kolkata,Semi-Urban,2016,Pre-Merger,01/04/2017,10.12%,6.12%,46.85%,0.40%,38.61%,10.80%,316.04,426.59
2455,BR-6322,State Bank of Patiala,Jaipur,Metro,2014,Pre-Merger,2017-04-01,11.18%,5.95%,49.53%,0.44%,42.52%,11.87%,"1,125.54","1,389.18"
2456,BR-4286,State Bank of India (Consolidated),Chandigarh,Urban,2019,Post-Merger,2017-04-01,9.86%,2.94%,47.74%,0.67%,48.13%,15.55%,598.54,780.08
2457,BR-3180,State Bank of India (Consolidated)   ,Bhopal,Semi-Urban,2018,Post-Merger,01/04/2017,5.57%,,,0.48%,39.37%,14.37%,512.90,605.71
2458,BR-7605,State Bank of India (Consolidated),Mumbai Metro,Rural,2020,Post-Merger,2017-04-01,2.57%,1.10%,50.08%,0.16%,49.13%,13.12%,225.01,271.50
2459,BR-8928,State Bank of India (Consolidated),Delhi NCR,Rural,2019,Post-Merger,2017-04-01,6.51%,1.85%,49.37%,0.89%,39.61%,14.45%,"1,203.47","1,492.65"
2460,BR-2166,State Bank of India (Consolidated),Mumbai Metro,Semi-Urban,2018,Post-Merger,2017-04-01,5.16%,1.36%,47.54%,0.77%,45.16%,15.85%,513.57,655.82
2461,BR-3419,State Bank of Bikaner and Jaipur,Kolkata,Rural,2017,Pre-Merger,2017-04-01,6.29%,4.26%,54.43%,0.05%,43.58%,11.91%,179.09,206.52
2462,BR-4905,State Bank of India (Consolidated)   ,Mumbai Metro,Rural,2020,Post-Merger,01/04/2017,6.99%,1.89%,39.84%,0.58%,46.68%,11.97%,766.70,992.56
2463,BR-8008,State Bank of Patiala,Bhopal,Urban,2015,Pre-Merger,2017-04-01,8.10%,4.05%,58.75%,0.45%,42.10%,12.55%,108.43,125.60
2464,BR-9097,State Bank of India (Parent),Bengaluru,Urban,2017,Pre-Merger,01/04/2017,7.79%,4.54%,45.73%,0.10%,37.35%,11.39%,88.44,101.75
2465,BR-4520,State Bank of Travancore   ,Bengaluru,Semi-Urban,2016,Pre-Merger,01/04/2017,16.05%,,,0.51%,40.26%,11.18%,889.70,"1,272.65"
2466,BR-5493,State Bank of Bikaner and Jaipur,Bengaluru,Metro,2016,Pre-Merger,2017-04-01,11.70%,6.73%,56.87%,0.16%,39.76%,13.42%,123.47,158.53
2467,BR-3145,State Bank of India (Consolidated),Mumbai Metro,Metro,2020,Post-Merger,01/04/2017,5.68%,1.60%,45.14%,0.60%,46.31%,15.92%,"1,429.08","1,942.92"
2468,BR-1608,State Bank of India (Parent),Chandigarh,Urban,2017,Pre-Merger,2017-04-01,10.63%,6.17%,60.81%,0.76%,43.61%,10.45%,480.53,568.77
2469,BR-9087,State Bank of India (Parent),Ahmedabad,Rural,2016,Pre-Merger,2017-04-01,8.39%,4.89%,56.47%,0.98%,40.36%,12.41%,794.03,"1,047.89"
2470,BR-1869,State Bank of India (Parent),Ahmedabad,Semi-Urban,2017,Pre-Merger,2017-04-01,8.01%,4.33%,50.44%,0.84%,41.50%,12.51%,94.15,131.46
2471,BR-7211,State Bank of Bikaner and Jaipur,Kolkata,Urban,2016,Pre-Merger,2017-04-01,13.86%,8.85%,47.86%,1.00%,42.81%,11.72%,523.87,632.96
2472,BR-6225,State Bank of India (Parent),Chennai,Urban,2015,Pre-Merger,2017-04-01,6.20%,3.79%,56.97%,-0.92%,37.50%,10.79%,"1,082.13","1,434.24"
2473,BR-3202,State Bank of Mysore,Bengaluru,Metro,2016,Pre-Merger,2017-04-01,10.23%,6.42%,52.18%,0.84%,39.22%,12.94%,"1,430.56","1,823.05"
2474,BR-5735,State Bank of India (Parent)   ,Thiruvananthapuram,Rural,2014,Pre-Merger,01/04/2017,8.25%,4.75%,67.16%,1.20%,41.41%,13.92%,940.15,"1,293.64"
2475,BR-7670,State Bank of Mysore,Lucknow,Metro,2014,Pre-Merger,2017-04-01,11.67%,6.23%,56.47%,0.51%,39.48%,12.61%,905.99,"1,245.60"
2476,BR-4443,State Bank of India (Consolidated),Kolkata,Urban,2020,Post-Merger,2017-04-01,8.28%,2.93%,52.23%,0.35%,44.23%,13.49%,840.40,"1,206.79"
2477,BR-4362,State Bank of India (Consolidated),Bengaluru,Semi-Urban,2020,Post-Merger,01/04/2017,5.33%,1.56%,52.42%,1.43%,41.92%,14.79%,549.40,785.45
2478,BR-9904,State Bank of Hyderabad,Kolkata,Metro,2016,Pre-Merger,01/04/2017,7.70%,4.80%,56.82%,1.02%,38.74%,12.80%,474.07,577.85
2479,BR-4693,State Bank of India (Parent),Kolkata,Metro,2017,Pre-Merger,2017-04-01,15.76%,9.37%,58.93%,0.23%,40.62%,13.76%,329.14,469.28
2480,BR-6825,State Bank of India (Parent),Bhopal,Metro,2014,Pre-Merger,2017-04-01,13.83%,7.42%,53.16%,0.35%,44.45%,12.67%,"1,083.57","1,512.04"
2481,BR-4249,State Bank of India (Consolidated),Mumbai Metro,Rural,2019,Post-Merger,01/04/2017,4.09%,1.05%,42.82%,0.83%,42.16%,16.45%,936.29,"1,111.65"
2482,BR-2461,State Bank of Bikaner and Jaipur,Chandigarh,Urban,2016,Pre-Merger,01/04/2017,8.70%,5.84%,55.72%,1.02%,40.94%,12.07%,"1,074.48","1,273.46"
2483,BR-3796,State Bank of India (Consolidated),Kolkata,Urban,2020,Post-Merger,2017-04-01,5.66%,2.43%,43.17%,0.10%,43.39%,13.27%,215.00,260.77
2484,BR-9555,State Bank of India (Consolidated),Bengaluru,Semi-Urban,2020,Post-Merger,01/04/2017,7.53%,3.02%,51.15%,0.59%,44.93%,13.58%,213.99,251.57
2485,BR-9014,State Bank of Hyderabad,Chennai,Urban,2016,Pre-Merger,01/04/2017,7.19%,4.48%,52.86%,0.04%,35.74%,13.44%,449.49,592.53
2486,BR-4943,State Bank of India (Consolidated),Thiruvananthapuram,Rural,2019,Post-Merger,2017-04-01,3.92%,1.34%,41.18%,1.36%,49.64%,13.62%,122.15,151.30
2487,BR-1087,State Bank of Mysore,Ahmedabad,Semi-Urban,2015,Pre-Merger,2017-04-01,9.75%,6.39%,55.42%,0.23%,36.99%,11.24%,"1,076.81","1,266.59"
2488,BR-7445,State Bank of India (Consolidated),Thiruvananthapuram,Urban,2020,Post-Merger,01/04/2017,2.87%,1.19%,39.40%,0.85%,44.38%,13.16%,995.62,"1,213.85"
2489,BR-2551,State Bank of India (Consolidated),Mumbai Metro,Urban,2020,Post-Merger,01/04/2017,4.70%,1.37%,48.21%,0.71%,44.99%,14.67%,"1,119.68","1,509.43"
2490,BR-4630,State Bank of India (Parent),Hyderabad,Metro,2017,Pre-Merger,2017-04-01,5.66%,3.55%,49.34%,1.06%,33.50%,11.93%,"1,117.90","1,568.13"
2491,BR-8688,State Bank of India (Consolidated),Chandigarh,Metro,2019,Post-Merger,2017-04-01,6.09%,1.95%,48.38%,1.28%,49.09%,13.06%,941.46,"1,309.23"
2492,BR-2014,State Bank of India (Consolidated),Delhi NCR,Metro,2018,Post-Merger,2017-04-01,5.47%,2.28%,52.84%,1.34%,54.83%,13.14%,934.51,"1,346.02"
2493,BR-8922,State Bank of India (Consolidated),Ahmedabad,Rural,2020,Post-Merger,2017-04-01,7.08%,1.93%,54.83%,0.39%,43.87%,14.53%,"1,050.31","1,210.24"
2494,BR-9692,State Bank of Mysore,Chandigarh,Semi-Urban,2016,Pre-Merger,2017-04-01,9.37%,5.94%,61.75%,-0.64%,33.78%,11.94%,"1,151.73","1,567.33"
2495,BR-5445,State Bank of India (Consolidated),Bengaluru,Urban,2020,Post-Merger,01/04/2017,4.51%,1.14%,43.68%,0.87%,47.43%,14.91%,"1,058.82","1,529.53"
2496,BR-7763,State Bank of India (Consolidated),Thiruvananthapuram,Urban,2020,Post-Merger,2017-04-01,9.27%,2.54%,42.91%,0.93%,45.97%,14.16%,444.11,529.67
2497,BR-1005,State Bank of India (Consolidated),Chennai,Rural,2019,Post-Merger,01/04/2017,12.11%,3.87%,43.04%,0.91%,46.32%,14.73%,266.29,324.50
2498,BR-8552,State Bank of India (Consolidated),Ahmedabad,Urban,2018,Post-Merger,2017-04-01,5.04%,1.81%,46.72%,1.24%,42.13%,15.28%,564.21,764.97
2499,BR-2971,State Bank of India (Parent),Mumbai Metro,Rural,2016,Pre-Merger,2017-04-01,12.50%,6.36%,55.47%,-1.36%,44.77%,12.43%,575.81,785.09
2500,BR-8044,State Bank of India (Consolidated)   ,Ahmedabad,Semi-Urban,2021,Post-Merger,01/04/2017,6.94%,2.36%,46.54%,0.68%,42.86%,13.17%,781.31,"1,035.21"
2501,BR-7832,State Bank of Hyderabad,Chandigarh,Metro,2015,Pre-Merger,2017-04-01,9.21%,5.00%,56.16%,1.20%,52.00%,13.01%,122.08,165.69
2502,BR-4456,State Bank of India (Parent),Delhi NCR,Semi-Urban,2017,Pre-Merger,2017-04-01,6.57%,4.28%,50.78%,0.73%,41.69%,12.65%,"1,427.06","1,727.56"
2503,BR-4809,State Bank of India (Parent),Lucknow,Semi-Urban,2017,Pre-Merger,2017-04-01,15.22%,8.21%,53.85%,0.53%,37.74%,12.25%,"1,061.30","1,399.17"
2504,BR-2396,State Bank of India (Consolidated),Chennai,Urban,2018,Post-Merger,2017-04-01,6.30%,2.72%,49.05%,0.79%,44.72%,13.40%,621.69,851.17
2505,BR-8864,State Bank of India (Consolidated),Lucknow,Urban,2019,Post-Merger,2017-04-01,6.51%,2.54%,45.27%,0.92%,42.80%,12.05%,521.82,730.49
2506,BR-6209,State Bank of India (Consolidated),Jaipur,Metro,2021,Post-Merger,2017-04-01,6.96%,1.92%,46.80%,0.85%,49.49%,12.61%,191.03,255.65
2507,BR-6172,State Bank of India (Parent),Ahmedabad,Semi-Urban,2014,Pre-Merger,2017-04-01,13.32%,7.63%,46.98%,-0.05%,33.14%,12.38%,493.83,570.84
2508,BR-1877,State Bank of India (Consolidated),Chennai,Semi-Urban,2020,Post-Merger,2017-04-01,5.62%,2.26%,43.15%,0.10%,47.45%,15.28%,297.71,362.56
2509,BR-7263,State Bank of Mysore,Chandigarh,Semi-Urban,2014,Pre-Merger,2017-04-01,11.87%,6.94%,52.26%,-0.16%,34.09%,12.36%,90.34,128.89
2510,BR-2545,State Bank of Patiala,Bengaluru,Metro,2014,Pre-Merger,01/04/2017,15.74%,9.38%,50.93%,0.36%,44.03%,11.41%,"1,345.59","1,761.02"
2511,BR-2675,State Bank of Bikaner and Jaipur,Kolkata,Semi-Urban,2015,Pre-Merger,2017-04-01,8.16%,4.27%,57.79%,0.65%,52.00%,13.71%,215.10,287.50
2512,BR-8409,State Bank of India (Consolidated),Ahmedabad,Metro,2018,Post-Merger,2017-04-01,3.61%,1.12%,46.02%,0.76%,41.36%,15.82%,"1,093.93","1,464.17"
2513,BR-5986,State Bank of Bikaner and Jaipur,Jaipur,Urban,2016,Pre-Merger,01/04/2017,6.83%,4.37%,53.29%,-0.12%,44.23%,12.48%,759.74,877.69
2514,BR-7897,State Bank of Travancore,Mumbai Metro,Metro,2017,Pre-Merger,2017-04-01,13.16%,6.73%,57.02%,0.19%,41.68%,12.48%,"1,136.22","1,594.12"
2515,BR-7250,State Bank of India (Parent),Chennai,Rural,2016,Pre-Merger,2017-04-01,11.18%,5.62%,62.87%,-0.11%,43.39%,11.68%,560.84,646.95
2516,BR-3906,State Bank of India (Consolidated)   ,Mumbai Metro,Metro,2019,Post-Merger,01/04/2017,7.92%,2.13%,,1.12%,44.41%,13.43%,439.61,515.05
2517,BR-3697,State Bank of India (Consolidated),Chennai,Metro,2021,Post-Merger,2017-04-01,4.43%,1.56%,45.52%,1.60%,36.58%,14.02%,"1,358.77","1,905.73"
2518,BR-1372,State Bank of India (Parent),Delhi NCR,Semi-Urban,2015,Pre-Merger,2017-04-01,14.01%,7.73%,50.42%,0.35%,41.76%,12.04%,"1,454.35","1,976.88"
2519,BR-3050,State Bank of India (Consolidated),Ahmedabad,Semi-Urban,2019,Post-Merger,2017-04-01,3.90%,1.11%,47.99%,0.81%,49.41%,13.03%,836.13,"1,206.65"
2520,BR-5845,State Bank of India (Consolidated),Bengaluru,Urban,2021,Post-Merger,01/04/2017,8.66%,2.37%,49.18%,0.93%,42.23%,14.65%,421.63,600.13
2521,BR-7992,State Bank of India (Parent),Delhi NCR,Metro,2016,Pre-Merger,2017-04-01,4.42%,2.90%,58.61%,0.29%,43.82%,14.50%,"1,023.64","1,196.61"
2522,BR-3262,State Bank of India (Consolidated),Kolkata,Semi-Urban,2020,Post-Merger,2017-04-01,6.93%,2.54%,43.08%,0.92%,47.35%,14.55%,485.24,685.81
2523,BR-5911,State Bank of India (Consolidated),Bengaluru,Rural,2020,Post-Merger,2017-04-01,3.15%,1.02%,48.89%,0.75%,48.57%,14.89%,742.41,940.25
2524,BR-9064,State Bank of Bikaner and Jaipur,Ahmedabad,Rural,2015,Pre-Merger,2017-04-01,10.26%,5.48%,55.56%,0.00%,36.68%,11.40%,619.54,822.67
2525,BR-4051,State Bank of India (Consolidated),Delhi NCR,Semi-Urban,2021,Post-Merger,2017-04-01,6.11%,2.24%,43.67%,0.60%,40.88%,13.75%,697.00,996.58
2526,BR-7294,State Bank of Hyderabad,Chennai,Rural,2017,Pre-Merger,2017-04-01,10.67%,6.42%,57.24%,0.56%,36.38%,12.42%,929.34,"1,173.04"
2527,BR-1657,State Bank of India (Consolidated),Mumbai Metro,Urban,2019,Post-Merger,01/04/2017,5.54%,1.64%,42.81%,0.93%,43.01%,14.05%,681.00,848.98
2528,BR-2976,State Bank of Patiala,Hyderabad,Semi-Urban,2015,Pre-Merger,01/04/2017,17.26%,11.65%,57.58%,1.20%,39.20%,11.96%,957.59,"1,241.47"
2529,BR-5492,State Bank of India (Parent),Chennai,Semi-Urban,2016,Pre-Merger,2017-04-01,7.28%,4.43%,55.64%,-1.25%,52.00%,12.41%,692.47,881.74
2530,BR-5394,State Bank of Travancore,Mumbai Metro,Urban,2014,Pre-Merger,01/04/2017,7.92%,4.29%,59.69%,-0.24%,42.69%,10.34%,270.31,337.69
2531,BR-5971,State Bank of Travancore,Chennai,Urban,2015,Pre-Merger,01/04/2017,5.47%,3.42%,52.55%,1.20%,36.35%,13.40%,"1,353.63","1,876.64"
2532,BR-1947,State Bank of Bikaner and Jaipur,Ahmedabad,Metro,2014,Pre-Merger,2017-04-01,8.04%,4.63%,52.31%,-0.76%,46.05%,12.09%,"1,025.41","1,312.47"
2533,BR-4624,State Bank of Travancore,Ahmedabad,Metro,2014,Pre-Merger,2017-04-01,10.39%,6.49%,55.62%,-0.11%,42.20%,12.41%,865.38,"1,111.40"
2534,BR-5821,State Bank of India (Consolidated),Thiruvananthapuram,Rural,2019,Post-Merger,01/04/2017,6.11%,2.01%,44.19%,1.18%,44.48%,12.95%,"1,333.91","1,696.28"
2535,BR-2560,State Bank of India (Parent),Chennai,Urban,2017,Pre-Merger,2017-04-01,11.01%,6.66%,55.11%,1.20%,40.25%,11.78%,742.11,919.87
2536,BR-9377,State Bank of Hyderabad,Kolkata,Urban,2016,Pre-Merger,01/04/2017,6.33%,3.79%,49.48%,1.09%,48.51%,10.44%,678.61,870.84
2537,BR-5538,State Bank of India (Parent),Jaipur,Metro,2016,Pre-Merger,2017-04-01,13.38%,6.69%,53.32%,0.77%,41.12%,12.67%,343.39,484.48
2538,BR-6085,State Bank of India (Parent),Lucknow,Rural,2015,Pre-Merger,2017-04-01,13.09%,8.20%,58.30%,1.16%,41.19%,13.26%,832.63,"1,134.13"
2539,BR-3181,State Bank of India (Consolidated),Delhi NCR,Rural,2019,Post-Merger,2017-04-01,4.50%,1.97%,42.74%,0.89%,40.29%,13.99%,797.67,949.49
2540,BR-1483,State Bank of Travancore,Kolkata,Metro,2014,Pre-Merger,2017-04-01,13.10%,6.69%,54.82%,0.74%,37.36%,12.85%,"1,008.98","1,427.29"
2541,BR-4646,State Bank of Patiala   ,Mumbai Metro,Semi-Urban,2017,Pre-Merger,01/04/2017,12.57%,,,0.79%,33.25%,12.78%,"1,483.14","1,712.73"
2542,BR-5445,State Bank of India (Consolidated),Ahmedabad,Metro,2021,Post-Merger,2017-04-01,7.80%,3.48%,51.51%,0.19%,40.31%,13.97%,"1,017.79","1,272.48"
2543,BR-4487,State Bank of India (Consolidated),Delhi NCR,Metro,2019,Post-Merger,2017-04-01,5.23%,1.43%,54.18%,0.58%,43.02%,14.28%,601.69,708.83
2544,BR-4687,State Bank of India (Consolidated),Ahmedabad,Urban,2018,Post-Merger,2017-04-01,5.31%,1.67%,47.94%,0.48%,41.08%,13.16%,"1,104.49","1,378.90"
2545,BR-6473,State Bank of Patiala,Kolkata,Metro,2015,Pre-Merger,2017-04-01,8.98%,5.77%,59.57%,0.27%,45.70%,13.48%,"1,364.35","1,966.91"
2546,BR-8611,State Bank of India (Consolidated)   ,Chandigarh,Rural,2018,Post-Merger,01/04/2017,3.92%,1.53%,52.14%,0.70%,50.11%,14.51%,"1,148.42","1,533.91"
2547,BR-2405,Bharatiya Mahila Bank,Ahmedabad,Urban,2015,Pre-Merger,2017-04-01,15.24%,9.97%,53.38%,0.69%,35.82%,14.01%,"1,067.51","1,487.94"
2548,BR-1278,State Bank of India (Consolidated),Delhi NCR,Urban,2021,Post-Merger,2017-04-01,6.51%,2.10%,43.54%,0.34%,47.00%,16.20%,"1,096.84","1,384.15"
2549,BR-2992,State Bank of India (Consolidated),Hyderabad,Rural,2020,Post-Merger,2017-04-01,8.58%,3.05%,54.00%,0.58%,42.58%,15.86%,693.42,839.85
2550,BR-1571,State Bank of India (Consolidated),Jaipur,Rural,2018,Post-Merger,2017-04-01,6.13%,1.69%,43.15%,1.00%,38.70%,14.21%,"1,403.00","1,709.54"
2551,BR-6126,State Bank of India (Consolidated),Delhi NCR,Semi-Urban,2020,Post-Merger,01/04/2017,8.40%,2.44%,47.32%,1.05%,43.07%,11.59%,"1,339.65","1,785.80"
2552,BR-5388,State Bank of India (Consolidated),Chennai,Semi-Urban,2020,Post-Merger,2017-04-01,3.37%,1.28%,47.09%,1.00%,47.15%,16.07%,370.88,448.23
2553,BR-5008,State Bank of India (Parent),Bengaluru,Metro,2015,Pre-Merger,01/04/2017,12.87%,8.03%,59.51%,0.42%,41.92%,11.10%,635.38,736.56
2554,BR-9344,State Bank of India (Consolidated)   ,Mumbai Metro,Metro,2020,Post-Merger,01/04/2017,3.33%,0.93%,49.28%,0.48%,44.85%,13.90%,"1,468.54","1,695.31"
2555,BR-6021,State Bank of India (Consolidated),Delhi NCR,Rural,2020,Post-Merger,01/04/2017,4.82%,1.80%,47.60%,0.78%,41.78%,13.02%,785.81,"1,011.51"
2556,BR-9992,State Bank of India (Consolidated),Ahmedabad,Metro,2021,Post-Merger,2017-04-01,6.72%,2.83%,50.47%,0.90%,52.47%,12.62%,"1,280.14","1,824.74"
2557,BR-3753,State Bank of Hyderabad,Mumbai Metro,Urban,2016,Pre-Merger,2017-04-01,8.45%,4.62%,59.80%,0.92%,41.99%,11.96%,"1,149.54","1,560.06"
2558,BR-3488,State Bank of India (Parent),Delhi NCR,Rural,2014,Pre-Merger,2017-04-01,15.44%,7.88%,53.66%,0.60%,33.42%,12.80%,429.05,513.02
2559,BR-4049,State Bank of India (Consolidated),Bhopal,Rural,2020,Post-Merger,2017-04-01,6.47%,2.31%,49.81%,0.64%,44.05%,15.40%,243.61,353.12
2560,BR-8408,State Bank of Travancore,Thiruvananthapuram,Metro,2016,Pre-Merger,2017-04-01,9.54%,4.98%,51.57%,0.21%,41.51%,12.74%,557.38,687.05
2561,BR-8963,State Bank of Bikaner and Jaipur,Chandigarh,Urban,2014,Pre-Merger,2017-04-01,6.87%,4.06%,57.99%,0.70%,38.88%,11.62%,185.80,259.61
2562,BR-1474,State Bank of Mysore   ,Thiruvananthapuram,Semi-Urban,2017,Pre-Merger,01/04/2017,11.12%,6.14%,56.74%,1.20%,41.77%,12.08%,491.91,630.34
2563,BR-2201,State Bank of Travancore,Bhopal,Semi-Urban,2016,Pre-Merger,01/04/2017,13.87%,8.93%,64.00%,1.05%,41.85%,12.19%,"1,234.02","1,733.19"
2564,BR-2224,State Bank of India (Consolidated),Ahmedabad,Metro,2019,Post-Merger,2017-04-01,4.68%,1.28%,49.22%,1.60%,47.73%,13.09%,102.53,142.40
2565,BR-9582,State Bank of India (Consolidated),Chennai,Urban,2020,Post-Merger,2017-04-01,5.77%,1.77%,42.54%,0.78%,45.66%,12.36%,660.34,783.95
2566,BR-6413,State Bank of India (Parent),Delhi NCR,Semi-Urban,2015,Pre-Merger,2017-04-01,10.90%,7.39%,56.95%,0.42%,38.29%,12.46%,847.48,"1,205.83"
2567,BR-8153,State Bank of India (Parent),Jaipur,Semi-Urban,2014,Pre-Merger,01/04/2017,7.54%,4.01%,53.23%,0.59%,40.53%,12.56%,337.54,486.38
2568,BR-4820,State Bank of India (Consolidated),Thiruvananthapuram,Semi-Urban,2021,Post-Merger,01/04/2017,5.57%,2.29%,53.96%,0.80%,49.91%,13.19%,702.53,844.10
2569,BR-8549,State Bank of India (Consolidated),Delhi NCR,Urban,2018,Post-Merger,2017-04-01,5.94%,2.12%,39.75%,0.92%,38.79%,13.81%,"1,139.39","1,372.79"
2570,BR-5910,State Bank of India (Consolidated),Thiruvananthapuram,Semi-Urban,2018,Post-Merger,2017-04-01,5.22%,1.65%,43.46%,0.66%,43.77%,13.35%,650.83,814.04
2571,BR-2201,State Bank of India (Parent),Chennai,Metro,2014,Pre-Merger,2017-04-01,7.55%,4.97%,50.33%,0.83%,40.36%,12.50%,"1,410.86","1,942.01"
2572,BR-8312,State Bank of India (Consolidated),Lucknow,Rural,2020,Post-Merger,01/04/2017,4.51%,1.82%,48.87%,1.00%,46.13%,14.46%,"1,409.23","1,702.26"
2573,BR-9132,State Bank of India (Parent),Mumbai Metro,Metro,2016,Pre-Merger,2017-04-01,11.05%,5.86%,57.79%,0.50%,43.45%,12.09%,"1,410.01","1,817.34"
2574,BR-2521,State Bank of India (Parent),Ahmedabad,Urban,2017,Pre-Merger,01/04/2017,12.40%,6.22%,57.21%,0.15%,49.82%,12.82%,"1,389.80","1,812.09"
2575,BR-7411,State Bank of India (Parent),Chennai,Metro,2017,Pre-Merger,2017-04-01,12.66%,6.77%,60.14%,-0.59%,37.27%,12.40%,"1,491.01","1,964.97"
2576,BR-7365,State Bank of India (Parent),Bhopal,Metro,2014,Pre-Merger,2017-04-01,7.08%,4.25%,47.15%,0.89%,42.16%,10.15%,513.99,735.16
2577,BR-2637,State Bank of India (Parent),Lucknow,Semi-Urban,2017,Pre-Merger,01/04/2017,12.46%,7.33%,54.29%,-0.14%,41.63%,10.21%,"1,237.59","1,464.12"
2578,BR-8779,Bharatiya Mahila Bank,Delhi NCR,Semi-Urban,2016,Pre-Merger,2017-04-01,7.21%,4.20%,49.19%,-0.27%,41.35%,11.96%,452.77,650.94
2579,BR-4786,State Bank of India (Consolidated)   ,Lucknow,Rural,2019,Post-Merger,01/04/2017,6.38%,,,1.57%,52.53%,14.12%,468.10,589.04
2580,BR-9129,State Bank of India (Parent),Jaipur,Semi-Urban,2016,Pre-Merger,01/04/2017,9.73%,6.04%,52.72%,1.04%,37.57%,10.09%,649.79,797.56
2581,BR-9560,State Bank of India (Parent),Jaipur,Urban,2016,Pre-Merger,2017-04-01,12.60%,8.34%,52.38%,0.15%,44.96%,10.90%,670.29,846.90
2582,BR-6721,State Bank of India (Consolidated),Bhopal,Urban,2020,Post-Merger,2017-04-01,3.40%,1.22%,45.27%,0.65%,40.98%,15.33%,"1,300.93","1,708.16"
2583,BR-5944,State Bank of India (Consolidated),Thiruvananthapuram,Metro,2019,Post-Merger,2017-04-01,2.54%,1.11%,48.07%,0.67%,53.64%,15.94%,299.44,422.05
2584,BR-4420,State Bank of Patiala,Thiruvananthapuram,Semi-Urban,2017,Pre-Merger,2017-04-01,11.39%,6.46%,62.57%,-0.11%,37.00%,12.26%,"1,210.13","1,596.54"
2585,BR-2625,State Bank of India (Consolidated)   ,Lucknow,Rural,2019,Post-Merger,01/04/2017,7.15%,2.03%,45.33%,0.71%,44.99%,13.62%,893.18,"1,263.00"
2586,BR-6894,State Bank of Hyderabad   ,Jaipur,Urban,2016,Pre-Merger,01/04/2017,7.96%,4.79%,54.85%,0.18%,39.84%,11.60%,279.27,332.67
2587,BR-6706,State Bank of Travancore   ,Mumbai Metro,Metro,2015,Pre-Merger,01/04/2017,8.78%,4.42%,54.99%,-0.02%,36.93%,13.57%,527.04,665.63
2588,BR-6765,State Bank of India (Consolidated),Bengaluru,Rural,2019,Post-Merger,2017-04-01,5.79%,1.61%,44.58%,0.64%,48.17%,14.08%,223.00,285.95
2589,BR-1441,State Bank of India (Consolidated),Jaipur,Urban,2019,Post-Merger,2017-04-01,9.10%,3.58%,48.33%,0.54%,56.00%,12.97%,"1,244.07","1,710.51"
2590,BR-7476,Bharatiya Mahila Bank,Chandigarh,Rural,2015,Pre-Merger,2017-04-01,11.77%,6.87%,62.77%,0.61%,41.07%,11.76%,443.24,527.18
2591,BR-7116,State Bank of Patiala,Thiruvananthapuram,Urban,2016,Pre-Merger,2017-04-01,7.16%,4.78%,50.18%,-1.15%,39.26%,10.91%,180.18,227.17
2592,BR-8365,State Bank of India (Parent),Thiruvananthapuram,Semi-Urban,2016,Pre-Merger,2017-04-01,11.38%,7.26%,50.50%,0.93%,32.76%,12.11%,799.91,"1,003.08"
2593,BR-4976,State Bank of India (Consolidated),Hyderabad,Metro,2020,Post-Merger,01/04/2017,6.46%,2.35%,50.35%,0.73%,55.33%,14.36%,"1,285.40","1,482.22"
2594,BR-8831,State Bank of Travancore,Chandigarh,Semi-Urban,2016,Pre-Merger,2017-04-01,12.84%,7.21%,49.54%,-0.18%,44.27%,11.22%,"1,369.21","1,897.47"
2595,BR-4161,State Bank of India (Consolidated),Hyderabad,Rural,2018,Post-Merger,2017-04-01,5.11%,1.40%,46.12%,0.62%,45.86%,13.82%,"1,170.67","1,681.69"
2596,BR-6316,State Bank of Travancore,Kolkata,Urban,2014,Pre-Merger,2017-04-01,6.18%,3.99%,52.27%,0.10%,49.39%,11.14%,"1,287.96","1,570.78"
2597,BR-2446,State Bank of India (Consolidated),Jaipur,Rural,2018,Post-Merger,2017-04-01,4.97%,2.13%,52.66%,1.26%,56.00%,14.63%,"1,432.87","1,682.45"
2598,BR-7508,State Bank of India (Consolidated),Hyderabad,Rural,2021,Post-Merger,2017-04-01,3.31%,1.05%,42.51%,0.55%,43.96%,14.52%,460.23,570.03
2599,BR-1641,State Bank of India (Consolidated),Bengaluru,Metro,2021,Post-Merger,2017-04-01,7.21%,1.97%,51.34%,1.09%,48.95%,12.76%,894.18,"1,232.60"
2600,BR-4849,State Bank of India (Consolidated),Lucknow,Rural,2019,Post-Merger,2017-04-01,7.70%,2.35%,48.67%,0.42%,43.51%,14.59%,328.25,378.68
2601,BR-8094,State Bank of Hyderabad,Bengaluru,Urban,2017,Pre-Merger,2017-04-01,10.98%,6.35%,55.52%,-0.23%,33.28%,13.46%,"1,404.46","1,668.25"
2602,BR-6110,State Bank of India (Parent),Delhi NCR,Semi-Urban,2017,Pre-Merger,2017-04-01,5.60%,3.36%,54.33%,0.07%,41.41%,10.41%,826.68,"1,137.47"
2603,BR-9230,State Bank of India (Consolidated),Chennai,Semi-Urban,2021,Post-Merger,2017-04-01,7.16%,2.69%,50.08%,0.10%,46.85%,13.36%,131.90,179.31
2604,BR-2056,State Bank of India (Consolidated),Chandigarh,Metro,2019,Post-Merger,01/04/2017,6.97%,2.82%,47.68%,0.72%,45.49%,13.48%,"1,303.24","1,532.54"
2605,BR-5014,State Bank of Hyderabad,Bengaluru,Semi-Urban,2017,Pre-Merger,2017-04-01,12.43%,8.01%,54.81%,0.79%,43.67%,11.55%,361.54,485.51
2606,BR-1857,State Bank of India (Consolidated),Ahmedabad,Metro,2021,Post-Merger,2017-04-01,5.88%,1.99%,50.16%,0.45%,46.05%,14.38%,250.45,328.44
2607,BR-7850,State Bank of India (Parent),Delhi NCR,Metro,2016,Pre-Merger,2017-04-01,6.09%,3.26%,51.06%,0.52%,51.44%,11.22%,734.37,994.42
2608,BR-7107,State Bank of India (Consolidated),Hyderabad,Rural,2018,Post-Merger,2017-04-01,7.98%,3.51%,52.31%,0.50%,40.81%,12.87%,366.56,511.82
2609,BR-6987,Bharatiya Mahila Bank,Mumbai Metro,Semi-Urban,2014,Pre-Merger,2017-04-01,6.92%,3.85%,52.80%,-0.18%,41.12%,13.68%,"1,380.62","1,752.33"
2610,BR-4936,State Bank of Mysore,Bhopal,Rural,2017,Pre-Merger,01/04/2017,6.03%,3.81%,54.57%,0.23%,49.07%,14.25%,"1,104.89","1,575.99"
2611,BR-2052,State Bank of Bikaner and Jaipur   ,Bengaluru,Urban,2014,Pre-Merger,01/04/2017,6.57%,3.87%,52.95%,0.37%,37.87%,9.50%,358.59,451.24
2612,BR-4036,State Bank of India (Parent),Delhi NCR,Urban,2016,Pre-Merger,2017-04-01,6.98%,4.31%,43.96%,1.09%,37.58%,14.13%,"1,246.35","1,706.10"
2613,BR-3514,State Bank of Hyderabad,Chennai,Urban,2015,Pre-Merger,2017-04-01,10.16%,5.73%,51.22%,1.20%,43.29%,13.70%,"1,044.56","1,235.49"
2614,BR-3848,State Bank of India (Consolidated),Chandigarh,Semi-Urban,2019,Post-Merger,2017-04-01,8.07%,3.04%,37.03%,0.36%,43.30%,15.79%,"1,021.89","1,391.13"
2615,BR-2237,State Bank of India (Parent),Lucknow,Urban,2014,Pre-Merger,2017-04-01,6.32%,3.28%,52.86%,0.51%,41.34%,13.21%,371.22,440.03
2616,BR-2189,State Bank of India (Consolidated),Hyderabad,Metro,2020,Post-Merger,2017-04-01,5.61%,1.44%,45.74%,0.75%,47.82%,11.92%,502.81,718.52
2617,BR-2915,State Bank of India (Consolidated),Jaipur,Metro,2021,Post-Merger,2017-04-01,5.37%,1.59%,53.13%,0.71%,48.05%,15.46%,"1,263.39","1,694.69"
2618,BR-3923,State Bank of India (Parent),Jaipur,Semi-Urban,2014,Pre-Merger,2017-04-01,10.24%,5.56%,62.21%,0.96%,44.34%,11.23%,621.78,773.19
2619,BR-1257,State Bank of India (Consolidated),Bengaluru,Rural,2019,Post-Merger,01/04/2017,5.82%,2.21%,47.85%,0.58%,51.21%,12.19%,741.47,921.83
2620,BR-4884,State Bank of India (Consolidated),Chandigarh,Semi-Urban,2018,Post-Merger,01/04/2017,6.32%,1.78%,49.96%,0.91%,48.66%,13.48%,551.52,765.66
2621,BR-6446,State Bank of Mysore,Hyderabad,Urban,2015,Pre-Merger,2017-04-01,10.37%,6.98%,55.94%,1.20%,30.74%,12.03%,502.73,636.43
2622,BR-9066,State Bank of India (Consolidated),Lucknow,Semi-Urban,2018,Post-Merger,2017-04-01,4.95%,1.42%,48.89%,0.61%,44.16%,13.82%,401.83,569.20
2623,BR-7205,State Bank of India (Parent),Delhi NCR,Metro,2016,Pre-Merger,01/04/2017,6.55%,3.51%,54.75%,1.00%,31.91%,11.57%,"1,192.86","1,521.19"
2624,BR-6156,State Bank of India (Consolidated),Bhopal,Metro,2019,Post-Merger,2017-04-01,4.33%,1.14%,49.28%,0.51%,37.49%,11.50%,929.47,"1,288.76"
2625,BR-5765,State Bank of India (Consolidated),Thiruvananthapuram,Urban,2021,Post-Merger,2017-04-01,6.13%,1.65%,49.79%,1.03%,42.37%,14.41%,143.64,183.54
2626,BR-7331,State Bank of India (Consolidated),Delhi NCR,Metro,2021,Post-Merger,2017-04-01,4.26%,1.86%,50.77%,1.04%,42.67%,15.46%,"1,154.84","1,599.86"
2627,BR-3947,State Bank of India (Parent),Bengaluru,Rural,2017,Pre-Merger,2017-04-01,6.64%,3.54%,55.57%,1.20%,42.25%,13.13%,"1,480.50","1,790.53"
2628,BR-3790,State Bank of India (Parent),Hyderabad,Urban,2016,Pre-Merger,01/04/2017,15.69%,9.40%,47.83%,-0.15%,39.14%,12.67%,"1,177.65","1,406.80"
2629,BR-9050,State Bank of India (Consolidated),Bengaluru,Semi-Urban,2018,Post-Merger,2017-04-01,3.93%,1.73%,49.31%,0.99%,42.91%,13.50%,301.86,362.16
2630,BR-4860,State Bank of India (Parent),Jaipur,Urban,2016,Pre-Merger,2017-04-01,13.64%,6.87%,55.83%,0.42%,42.11%,11.73%,297.60,412.96
2631,BR-9748,State Bank of India (Consolidated),Chennai,Urban,2020,Post-Merger,01/04/2017,7.06%,2.06%,49.60%,0.94%,50.64%,14.11%,"1,402.22","1,825.60"
2632,BR-3860,State Bank of Travancore,Kolkata,Rural,2017,Pre-Merger,01/04/2017,6.62%,3.90%,59.99%,-0.46%,36.53%,11.86%,785.25,"1,030.35"
2633,BR-5481,State Bank of Travancore,Ahmedabad,Urban,2014,Pre-Merger,01/04/2017,13.53%,8.61%,49.13%,-0.22%,39.08%,9.74%,458.38,661.00
2634,BR-5734,State Bank of Travancore,Jaipur,Metro,2015,Pre-Merger,2017-04-01,9.95%,6.39%,52.53%,1.08%,51.21%,11.77%,"1,201.47","1,687.73"
2635,BR-1719,State Bank of Mysore,Ahmedabad,Semi-Urban,2017,Pre-Merger,01/04/2017,5.23%,2.94%,52.25%,1.20%,41.25%,10.99%,393.40,527.18
2636,BR-7460,State Bank of Hyderabad,Bhopal,Urban,2015,Pre-Merger,2017-04-01,12.18%,7.44%,56.19%,0.31%,39.84%,11.12%,691.16,925.68
2637,BR-6361,State Bank of Patiala,Jaipur,Rural,2015,Pre-Merger,2017-04-01,3.36%,2.17%,57.76%,0.20%,42.57%,12.43%,636.59,882.34
2638,BR-8420,State Bank of India (Consolidated),Lucknow,Metro,2018,Post-Merger,2017-04-01,8.89%,3.94%,52.50%,0.37%,46.91%,13.59%,309.14,385.74
2639,BR-7947,State Bank of India (Parent),Chennai,Urban,2016,Pre-Merger,2017-04-01,9.60%,5.82%,54.64%,-0.08%,43.94%,11.51%,"1,073.45","1,316.53"
2640,BR-3385,State Bank of Bikaner and Jaipur,Jaipur,Rural,2015,Pre-Merger,2017-04-01,6.91%,3.66%,51.45%,0.66%,48.75%,12.01%,404.04,473.86
2641,BR-5944,State Bank of Patiala,Kolkata,Metro,2014,Pre-Merger,2017-04-01,7.58%,4.00%,57.24%,0.04%,46.32%,12.21%,356.85,504.84
2642,BR-5719,State Bank of Bikaner and Jaipur,Chandigarh,Semi-Urban,2016,Pre-Merger,2017-04-01,16.04%,10.64%,51.35%,0.12%,44.08%,10.43%,"1,280.23","1,620.28"
2643,BR-2089,State Bank of India (Parent),Chennai,Metro,2016,Pre-Merger,2017-04-01,13.43%,8.62%,46.51%,-0.07%,38.43%,11.59%,839.85,969.22
2644,BR-4728,State Bank of India (Consolidated),Thiruvananthapuram,Rural,2020,Post-Merger,01/04/2017,3.42%,1.13%,48.57%,0.63%,49.96%,13.88%,701.53,852.43
2645,BR-4456,State Bank of India (Parent),Lucknow,Metro,2014,Pre-Merger,01/04/2017,5.07%,2.55%,54.23%,0.38%,40.44%,12.14%,266.50,384.47
2646,BR-3900,State Bank of Travancore,Bhopal,Urban,2016,Pre-Merger,2017-04-01,3.02%,1.73%,52.03%,0.78%,39.32%,11.30%,565.18,717.33
2647,BR-8492,State Bank of Bikaner and Jaipur,Mumbai Metro,Semi-Urban,2014,Pre-Merger,2017-04-01,9.00%,4.68%,46.48%,0.45%,42.85%,12.50%,"1,397.89","1,717.78"
2648,BR-1491,State Bank of India (Consolidated)   ,Mumbai Metro,Semi-Urban,2020,Post-Merger,01/04/2017,5.31%,1.51%,,1.11%,42.53%,16.41%,600.81,706.30
2649,BR-6609,State Bank of India (Parent),Kolkata,Rural,2017,Pre-Merger,01/04/2017,7.17%,3.96%,55.98%,0.97%,42.98%,13.33%,"1,042.41","1,307.81"
2650,BR-1242,State Bank of Mysore,Hyderabad,Urban,2017,Pre-Merger,2017-04-01,7.82%,4.81%,65.62%,0.60%,46.11%,14.50%,181.30,235.26
2651,BR-8883,State Bank of Mysore,Ahmedabad,Metro,2015,Pre-Merger,2017-04-01,9.27%,4.88%,48.77%,1.20%,43.59%,12.54%,349.26,430.49
2652,BR-6163,State Bank of Travancore,Delhi NCR,Metro,2015,Pre-Merger,2017-04-01,6.02%,3.90%,57.17%,-0.54%,43.80%,12.52%,857.40,"1,130.38"
2653,BR-8856,State Bank of Bikaner and Jaipur,Chandigarh,Metro,2017,Pre-Merger,2017-04-01,8.09%,4.44%,50.87%,0.33%,37.22%,14.50%,"1,021.40","1,193.89"
2654,BR-3557,State Bank of India (Consolidated),Lucknow,Urban,2020,Post-Merger,2017-04-01,6.83%,1.85%,46.29%,0.62%,42.60%,15.15%,"1,236.35","1,725.82"
2655,BR-9120,State Bank of India (Parent),Chandigarh,Urban,2015,Pre-Merger,2017-04-01,11.55%,6.64%,56.93%,0.02%,39.64%,13.01%,447.29,544.59
2656,BR-5525,State Bank of India (Parent),Thiruvananthapuram,Rural,2015,Pre-Merger,2017-04-01,5.26%,2.73%,59.51%,-0.39%,41.97%,12.00%,489.65,611.75
2657,BR-2225,State Bank of India (Consolidated),Kolkata,Metro,2019,Post-Merger,2017-04-01,7.33%,2.84%,45.56%,0.24%,44.62%,12.96%,648.64,824.73
2658,BR-9139,State Bank of India (Consolidated),Delhi NCR,Urban,2019,Post-Merger,2017-04-01,3.84%,1.65%,51.82%,1.20%,48.07%,15.01%,"1,374.94","1,819.66"
2659,BR-5857,State Bank of Mysore,Kolkata,Rural,2015,Pre-Merger,01/04/2017,7.18%,3.89%,45.80%,0.85%,44.53%,9.50%,"1,233.64","1,469.93"
2660,BR-4474,State Bank of Travancore,Chennai,Metro,2017,Pre-Merger,01/04/2017,18.47%,10.08%,49.56%,0.57%,37.96%,11.98%,902.93,"1,132.06"
2661,BR-2291,State Bank of India (Consolidated),Lucknow,Urban,2018,Post-Merger,2017-04-01,4.02%,1.03%,47.77%,1.19%,49.53%,15.35%,194.84,230.22
2662,BR-3577,State Bank of India (Consolidated),Ahmedabad,Semi-Urban,2018,Post-Merger,01/04/2017,6.45%,2.42%,58.00%,0.66%,48.20%,13.57%,"1,138.28","1,528.41"
2663,BR-6919,State Bank of Hyderabad,Bengaluru,Urban,2015,Pre-Merger,2017-04-01,6.45%,3.98%,57.61%,0.32%,40.55%,11.22%,395.52,559.16
2664,BR-8157,State Bank of India (Parent),Thiruvananthapuram,Metro,2015,Pre-Merger,2017-04-01,11.21%,6.76%,54.21%,-0.38%,38.43%,9.50%,229.90,271.73
2665,BR-4548,State Bank of India (Consolidated),Thiruvananthapuram,Rural,2018,Post-Merger,01/04/2017,4.94%,1.82%,42.84%,0.58%,38.57%,14.26%,"1,012.99","1,195.14"
2666,BR-6891,State Bank of Hyderabad   ,Jaipur,Urban,2014,Pre-Merger,01/04/2017,8.22%,5.13%,59.27%,0.14%,41.32%,12.78%,728.36,"1,021.79"
2667,BR-2339,State Bank of India (Consolidated),Jaipur,Rural,2020,Post-Merger,01/04/2017,4.81%,2.06%,53.21%,1.23%,40.52%,12.74%,484.49,690.30
2668,BR-3174,State Bank of India (Parent),Bengaluru,Rural,2017,Pre-Merger,2017-04-01,11.34%,6.27%,60.82%,0.34%,44.56%,12.96%,619.50,758.31
2669,BR-1920,State Bank of Hyderabad,Kolkata,Urban,2017,Pre-Merger,2017-04-01,5.82%,3.06%,50.07%,-0.32%,35.14%,12.84%,"1,140.36","1,532.58"
2670,BR-2244,State Bank of India (Consolidated),Bengaluru,Metro,2019,Post-Merger,2017-04-01,6.65%,1.91%,42.38%,0.46%,43.99%,12.82%,521.34,622.65
2671,BR-4522,State Bank of Patiala,Thiruvananthapuram,Metro,2015,Pre-Merger,2017-04-01,5.29%,3.00%,57.66%,0.52%,36.59%,13.32%,"1,295.26","1,814.77"
2672,BR-9431,State Bank of India (Consolidated),Bengaluru,Metro,2018,Post-Merger,2017-04-01,6.35%,2.26%,46.76%,0.95%,46.65%,14.67%,562.76,665.17
2673,BR-3397,State Bank of India (Parent),Lucknow,Rural,2015,Pre-Merger,2017-04-01,6.19%,3.94%,56.40%,-0.22%,49.55%,11.15%,546.17,764.54
2674,BR-9552,State Bank of India (Parent),Delhi NCR,Rural,2017,Pre-Merger,2017-04-01,3.98%,2.33%,57.20%,0.54%,37.04%,12.18%,603.51,793.68
2675,BR-1946,Bharatiya Mahila Bank,Kolkata,Rural,2017,Pre-Merger,2017-04-01,10.56%,6.88%,56.96%,0.77%,35.44%,12.36%,"1,457.22","2,052.11"
2676,BR-7708,State Bank of India (Consolidated),Lucknow,Urban,2018,Post-Merger,2017-04-01,5.32%,1.56%,44.66%,1.08%,47.47%,13.11%,328.18,392.97
2677,BR-3038,State Bank of India (Consolidated),Bengaluru,Rural,2019,Post-Merger,01/04/2017,6.64%,2.43%,48.84%,0.65%,45.90%,12.46%,293.01,371.21
2678,BR-8963,State Bank of India (Consolidated),Lucknow,Urban,2020,Post-Merger,01/04/2017,4.45%,1.95%,44.39%,1.43%,46.01%,13.39%,379.17,532.75
2679,BR-3398,State Bank of India (Consolidated),Mumbai Metro,Rural,2018,Post-Merger,01/04/2017,3.85%,0.97%,39.75%,0.78%,42.51%,14.60%,469.77,554.03
2680,BR-1589,State Bank of India (Parent),Lucknow,Urban,2016,Pre-Merger,2017-04-01,8.13%,4.54%,58.95%,-0.02%,39.47%,12.67%,255.99,343.09
2681,BR-8555,State Bank of Travancore,Kolkata,Semi-Urban,2017,Pre-Merger,2017-04-01,2.10%,1.28%,58.38%,-1.32%,44.85%,11.78%,480.50,610.30
2682,BR-1198,State Bank of India (Consolidated),Bhopal,Urban,2021,Post-Merger,2017-04-01,3.62%,1.18%,54.44%,0.67%,47.92%,11.50%,824.45,988.92
2683,BR-4634,State Bank of India (Consolidated),Ahmedabad,Rural,2021,Post-Merger,01/04/2017,2.51%,1.09%,48.61%,1.21%,42.43%,13.89%,877.07,"1,071.73"
2684,BR-6336,State Bank of Mysore,Thiruvananthapuram,Urban,2014,Pre-Merger,2017-04-01,9.23%,5.17%,58.81%,-0.69%,39.26%,12.55%,"1,087.44","1,546.19"
2685,BR-7068,State Bank of Hyderabad,Chennai,Semi-Urban,2015,Pre-Merger,01/04/2017,8.06%,5.16%,55.39%,1.20%,41.68%,12.70%,636.95,887.54
2686,BR-2667,State Bank of India (Consolidated),Thiruvananthapuram,Urban,2020,Post-Merger,2017-04-01,6.52%,1.66%,46.12%,0.56%,45.81%,13.72%,529.49,725.88
2687,BR-2620,State Bank of India (Parent),Thiruvananthapuram,Urban,2017,Pre-Merger,2017-04-01,8.67%,4.79%,47.57%,0.06%,35.62%,12.12%,394.76,485.28
2688,BR-1156,State Bank of India (Consolidated),Mumbai Metro,Metro,2020,Post-Merger,2017-04-01,5.24%,1.44%,49.99%,0.54%,45.46%,13.44%,833.18,"1,130.30"
2689,BR-3155,State Bank of India (Parent),Ahmedabad,Metro,2016,Pre-Merger,2017-04-01,12.63%,6.60%,54.50%,0.65%,37.12%,13.78%,"1,496.38","2,163.86"
2690,BR-4778,State Bank of Hyderabad,Mumbai Metro,Urban,2016,Pre-Merger,2017-04-01,5.14%,2.80%,58.91%,0.07%,40.82%,13.91%,950.43,"1,117.46"
2691,BR-8501,State Bank of India (Consolidated),Lucknow,Semi-Urban,2021,Post-Merger,2017-04-01,6.37%,1.96%,41.05%,0.87%,48.22%,14.36%,"1,332.44","1,759.27"
2692,BR-9240,State Bank of Travancore,Thiruvananthapuram,Semi-Urban,2017,Pre-Merger,2017-04-01,16.28%,10.07%,56.06%,0.65%,45.46%,11.13%,357.33,454.68
2693,BR-9450,State Bank of India (Consolidated),Bengaluru,Metro,2019,Post-Merger,2017-04-01,5.09%,2.15%,45.91%,0.45%,41.49%,15.06%,"1,462.16","1,769.03"
2694,BR-8655,State Bank of India (Consolidated),Chandigarh,Urban,2018,Post-Merger,2017-04-01,4.27%,1.88%,46.10%,0.63%,45.17%,16.87%,748.86,"1,047.47"
2695,BR-6377,State Bank of India (Parent),Delhi NCR,Rural,2017,Pre-Merger,2017-04-01,14.06%,8.82%,42.00%,0.37%,48.99%,10.80%,161.95,229.95
2696,BR-7039,State Bank of Mysore,Bengaluru,Urban,2014,Pre-Merger,2017-04-01,5.95%,2.98%,42.00%,0.32%,37.58%,13.85%,"1,466.74","1,981.66"
2697,BR-9304,State Bank of Patiala,Hyderabad,Semi-Urban,2014,Pre-Merger,2017-04-01,9.30%,4.82%,48.96%,0.00%,50.07%,13.82%,959.59,"1,188.17"
2698,BR-9940,Bharatiya Mahila Bank,Bhopal,Metro,2017,Pre-Merger,2017-04-01,13.20%,7.27%,63.38%,0.53%,39.65%,11.24%,"1,218.40","1,487.70"
2699,BR-8544,State Bank of India (Consolidated),Hyderabad,Semi-Urban,2021,Post-Merger,2017-04-01,6.80%,3.05%,45.35%,0.90%,48.75%,14.32%,680.01,923.22
2700,BR-3125,State Bank of India (Consolidated),Jaipur,Urban,2020,Post-Merger,2017-04-01,9.29%,3.12%,48.76%,1.06%,41.44%,14.89%,659.14,843.82
2701,BR-8605,State Bank of India (Parent),Jaipur,Semi-Urban,2017,Pre-Merger,01/04/2017,7.55%,4.11%,52.63%,1.20%,36.59%,13.02%,505.39,601.96
2702,BR-2282,State Bank of India (Consolidated),Bhopal,Urban,2020,Post-Merger,2017-04-01,5.25%,1.39%,50.64%,1.16%,50.70%,12.95%,601.78,705.25
2703,BR-2833,State Bank of Patiala,Chandigarh,Urban,2017,Pre-Merger,01/04/2017,9.39%,5.31%,59.34%,0.79%,37.25%,11.78%,495.19,594.53
2704,BR-4223,State Bank of India (Consolidated),Chennai,Urban,2018,Post-Merger,2017-04-01,3.61%,1.25%,55.27%,0.81%,43.59%,15.33%,"1,356.97","1,757.91"
2705,BR-4611,State Bank of Travancore,Thiruvananthapuram,Urban,2015,Pre-Merger,2017-04-01,8.36%,5.10%,54.98%,0.51%,38.97%,13.42%,"1,418.39","1,808.64"
2706,BR-5146,State Bank of India (Consolidated),Lucknow,Semi-Urban,2021,Post-Merger,2017-04-01,5.21%,1.35%,53.37%,0.71%,42.19%,13.33%,260.98,341.47
2707,BR-9012,State Bank of Hyderabad,Ahmedabad,Urban,2017,Pre-Merger,01/04/2017,7.36%,4.61%,51.97%,0.74%,38.33%,12.73%,994.30,"1,294.27"
2708,BR-6565,State Bank of India (Parent),Chandigarh,Metro,2014,Pre-Merger,2017-04-01,5.76%,3.23%,55.89%,-0.28%,38.17%,14.50%,"1,102.63","1,555.03"
2709,BR-9933,State Bank of India (Parent),Thiruvananthapuram,Metro,2015,Pre-Merger,01/04/2017,11.70%,7.76%,53.88%,-0.34%,40.56%,11.72%,378.31,444.47
2710,BR-7360,State Bank of India (Parent),Jaipur,Metro,2017,Pre-Merger,2017-04-01,6.15%,3.91%,52.96%,0.71%,39.58%,11.55%,998.90,"1,253.68"
2711,BR-6754,State Bank of India (Consolidated),Kolkata,Metro,2018,Post-Merger,2017-04-01,5.85%,1.76%,46.12%,0.47%,46.01%,13.56%,521.61,623.28
2712,BR-6287,State Bank of India (Parent),Thiruvananthapuram,Urban,2017,Pre-Merger,2017-04-01,10.07%,6.23%,43.72%,-0.67%,40.77%,10.49%,596.73,730.12
2713,BR-7228,State Bank of India (Parent),Hyderabad,Semi-Urban,2014,Pre-Merger,2017-04-01,4.80%,3.15%,49.61%,0.44%,40.97%,12.94%,220.11,269.84
2714,BR-9085,State Bank of Mysore,Jaipur,Semi-Urban,2015,Pre-Merger,2017-04-01,11.26%,5.65%,57.92%,0.12%,37.19%,12.30%,472.11,583.06
2715,BR-3117,State Bank of India (Consolidated),Bengaluru,Urban,2018,Post-Merger,2017-04-01,7.55%,2.97%,44.77%,1.43%,49.55%,14.67%,"1,384.41","1,662.11"
2716,BR-9428,State Bank of India (Consolidated),Ahmedabad,Urban,2020,Post-Merger,2017-04-01,8.60%,3.67%,51.52%,0.98%,45.91%,15.19%,911.12,"1,259.64"
2717,BR-4382,State Bank of Patiala,Ahmedabad,Metro,2016,Pre-Merger,01/04/2017,12.64%,6.84%,60.66%,0.61%,43.49%,14.39%,888.23,"1,242.17"
2718,BR-3222,State Bank of India (Consolidated),Ahmedabad,Urban,2019,Post-Merger,2017-04-01,11.53%,4.32%,45.63%,0.97%,52.81%,12.94%,"1,379.51","1,592.99"
2719,BR-6621,State Bank of Travancore,Chandigarh,Urban,2016,Pre-Merger,2017-04-01,5.66%,3.71%,57.59%,-0.40%,43.35%,13.52%,"1,129.28","1,494.01"
2720,BR-8009,State Bank of India (Consolidated),Mumbai Metro,Semi-Urban,2021,Post-Merger,2017-04-01,4.81%,1.95%,42.27%,1.06%,44.08%,13.72%,423.56,507.15
2721,BR-9021,State Bank of Mysore,Jaipur,Metro,2015,Pre-Merger,2017-04-01,11.29%,5.81%,48.05%,0.55%,37.70%,13.98%,684.46,813.33
2722,BR-8134,Bharatiya Mahila Bank,Ahmedabad,Rural,2016,Pre-Merger,2017-04-01,9.53%,5.89%,55.01%,0.80%,36.88%,14.31%,"1,236.49","1,613.83"
2723,BR-9930,State Bank of India (Consolidated)   ,Hyderabad,Metro,2021,Post-Merger,01/04/2017,1.68%,0.49%,49.00%,0.60%,46.14%,14.25%,"1,442.30","1,776.46"
2724,BR-1376,State Bank of Hyderabad,Chennai,Semi-Urban,2014,Pre-Merger,2017-04-01,11.04%,5.87%,57.02%,1.00%,36.51%,10.54%,301.36,422.08
2725,BR-2727,State Bank of India (Parent),Bengaluru,Metro,2014,Pre-Merger,2017-04-01,9.99%,6.13%,53.72%,0.06%,39.43%,13.02%,537.93,688.50
2726,BR-6860,State Bank of India (Parent),Mumbai Metro,Semi-Urban,2016,Pre-Merger,01/04/2017,15.23%,9.72%,47.92%,0.46%,50.61%,11.28%,"1,310.00","1,834.15"
2727,BR-4451,State Bank of Travancore,Mumbai Metro,Semi-Urban,2015,Pre-Merger,2017-04-01,13.39%,9.00%,55.71%,0.60%,44.35%,12.34%,131.39,180.24
2728,BR-8848,Bharatiya Mahila Bank,Kolkata,Rural,2015,Pre-Merger,01/04/2017,8.16%,4.51%,47.98%,0.85%,45.04%,9.80%,948.83,"1,310.46"
2729,BR-7067,State Bank of India (Consolidated),Jaipur,Rural,2020,Post-Merger,2017-04-01,4.90%,1.80%,47.97%,0.35%,42.49%,13.45%,"1,120.80","1,294.38"
2730,BR-8057,State Bank of India (Consolidated),Lucknow,Semi-Urban,2019,Post-Merger,2017-04-01,8.26%,3.18%,49.39%,1.15%,47.38%,14.56%,91.23,129.15
2731,BR-3563,State Bank of India (Consolidated),Bhopal,Rural,2021,Post-Merger,01/04/2017,4.69%,1.20%,52.70%,0.58%,50.15%,14.82%,979.17,"1,401.94"
2732,BR-6516,State Bank of India (Parent),Jaipur,Semi-Urban,2014,Pre-Merger,2017-04-01,12.17%,7.28%,60.40%,0.83%,39.78%,11.55%,298.93,391.81
2733,BR-8565,State Bank of Bikaner and Jaipur   ,Jaipur,Urban,2014,Pre-Merger,01/04/2017,9.44%,6.14%,58.05%,-0.24%,40.96%,12.32%,"1,003.28","1,376.16"
2734,BR-3136,State Bank of India (Consolidated),Chennai,Urban,2021,Post-Merger,2017-04-01,5.74%,1.98%,52.40%,1.01%,45.97%,12.44%,90.66,105.11
2735,BR-1718,State Bank of India (Consolidated),Chandigarh,Urban,2018,Post-Merger,2017-04-01,10.45%,4.23%,47.13%,0.44%,48.09%,14.73%,672.32,958.04
2736,BR-5064,State Bank of Patiala,Chennai,Urban,2016,Pre-Merger,2017-04-01,8.06%,5.20%,52.46%,0.49%,39.43%,12.05%,568.03,763.65
2737,BR-7537,State Bank of India (Consolidated),Bengaluru,Semi-Urban,2019,Post-Merger,01/04/2017,6.98%,2.25%,58.00%,0.44%,45.03%,14.65%,888.23,"1,146.79"
2738,BR-2667,State Bank of India (Parent),Kolkata,Rural,2016,Pre-Merger,2017-04-01,14.46%,7.66%,56.84%,0.30%,41.75%,11.30%,"1,385.22","1,987.66"
2739,BR-1907,State Bank of India (Parent),Ahmedabad,Semi-Urban,2016,Pre-Merger,2017-04-01,9.37%,5.07%,57.72%,0.28%,41.78%,12.79%,"1,109.65","1,438.20"
2740,BR-1857,State Bank of India (Consolidated),Bhopal,Semi-Urban,2019,Post-Merger,2017-04-01,9.62%,3.35%,47.27%,1.20%,40.46%,14.25%,"1,103.89","1,409.09"
2741,BR-8735,State Bank of India (Consolidated),Kolkata,Urban,2018,Post-Merger,2017-04-01,7.84%,3.52%,44.80%,0.36%,45.69%,14.76%,81.29,109.62
2742,BR-3005,State Bank of Mysore,Bengaluru,Urban,2015,Pre-Merger,2017-04-01,7.32%,4.74%,57.82%,0.31%,34.34%,12.05%,922.11,"1,242.45"
2743,BR-7575,State Bank of India (Parent),Ahmedabad,Semi-Urban,2015,Pre-Merger,2017-04-01,5.96%,3.06%,57.10%,0.61%,37.90%,12.35%,915.40,"1,234.73"
2744,BR-1815,State Bank of India (Parent),Mumbai Metro,Urban,2014,Pre-Merger,2017-04-01,8.59%,5.28%,50.20%,-0.65%,51.80%,12.15%,745.72,867.79
2745,BR-3304,State Bank of India (Parent),Ahmedabad,Urban,2017,Pre-Merger,2017-04-01,11.31%,6.69%,59.72%,-0.75%,36.45%,12.74%,799.95,"1,052.08"
2746,BR-1193,State Bank of India (Parent),Thiruvananthapuram,Semi-Urban,2014,Pre-Merger,2017-04-01,14.18%,8.11%,58.95%,-0.99%,34.97%,12.76%,"1,206.89","1,567.70"
2747,BR-9120,State Bank of India (Parent),Ahmedabad,Semi-Urban,2017,Pre-Merger,2017-04-01,9.24%,6.18%,56.97%,0.83%,42.21%,12.25%,264.06,340.19
2748,BR-9766,State Bank of India (Consolidated),Chandigarh,Urban,2019,Post-Merger,2017-04-01,4.49%,1.47%,42.73%,0.95%,47.73%,13.59%,"1,232.10","1,708.62"
2749,BR-9488,State Bank of India (Consolidated),Thiruvananthapuram,Rural,2019,Post-Merger,2017-04-01,7.38%,1.91%,46.85%,0.32%,49.31%,16.45%,705.97,843.29
2750,BR-7405,State Bank of India (Parent),Kolkata,Metro,2016,Pre-Merger,01/04/2017,12.19%,6.91%,46.08%,-0.15%,46.25%,11.73%,397.17,512.80
2751,BR-9336,State Bank of India (Parent),Kolkata,Rural,2017,Pre-Merger,2017-04-01,7.94%,4.49%,53.41%,-1.34%,40.68%,11.13%,979.69,"1,337.79"
2752,BR-2104,State Bank of India (Consolidated),Jaipur,Urban,2020,Post-Merger,2017-04-01,3.92%,1.06%,49.50%,0.64%,45.78%,13.62%,"1,435.39","1,942.97"
2753,BR-8089,State Bank of India (Consolidated),Thiruvananthapuram,Semi-Urban,2019,Post-Merger,01/04/2017,5.68%,2.22%,39.18%,1.01%,49.47%,15.88%,465.57,588.81
2754,BR-1013,State Bank of India (Parent),Jaipur,Urban,2017,Pre-Merger,2017-04-01,13.43%,7.87%,50.75%,0.84%,43.52%,13.00%,361.70,514.51
2755,BR-5544,State Bank of India (Consolidated),Mumbai Metro,Rural,2018,Post-Merger,01/04/2017,4.36%,1.55%,47.52%,0.46%,40.18%,14.84%,713.47,944.10
2756,BR-6962,State Bank of India (Consolidated),Mumbai Metro,Urban,2020,Post-Merger,2017-04-01,8.01%,3.51%,50.97%,0.37%,46.02%,13.76%,879.74,"1,077.62"
2757,BR-6193,State Bank of Bikaner and Jaipur,Hyderabad,Rural,2015,Pre-Merger,2017-04-01,7.51%,3.82%,59.16%,0.59%,36.24%,12.19%,"1,084.84","1,398.15"
2758,BR-6352,Bharatiya Mahila Bank,Bengaluru,Semi-Urban,2014,Pre-Merger,2017-04-01,12.80%,6.72%,55.46%,-0.55%,34.66%,11.40%,454.54,652.70
2759,BR-3303,State Bank of India (Consolidated)   ,Chandigarh,Urban,2018,Post-Merger,01/04/2017,5.38%,2.39%,42.46%,1.18%,40.38%,14.31%,863.68,"1,232.10"
2760,BR-5898,State Bank of India (Consolidated),Hyderabad,Rural,2018,Post-Merger,2017-04-01,3.53%,1.01%,45.86%,0.75%,43.77%,15.32%,432.41,572.50
2761,BR-7001,State Bank of India (Consolidated)   ,Lucknow,Urban,2021,Post-Merger,01/04/2017,9.59%,3.08%,49.94%,0.24%,45.89%,13.64%,"1,381.25","1,920.69"
2762,BR-4097,State Bank of India (Consolidated)   ,Chandigarh,Semi-Urban,2021,Post-Merger,01/04/2017,4.88%,1.42%,51.17%,0.38%,52.31%,12.81%,"1,249.48","1,564.66"
2763,BR-8397,State Bank of India (Parent),Bhopal,Metro,2016,Pre-Merger,2017-04-01,14.80%,7.60%,53.25%,0.23%,39.05%,10.67%,118.21,143.73
2764,BR-7377,State Bank of India (Parent),Jaipur,Urban,2015,Pre-Merger,01/04/2017,8.47%,5.63%,58.46%,-0.22%,42.54%,11.39%,835.93,"1,200.94"
2765,BR-6663,State Bank of India (Consolidated),Lucknow,Metro,2020,Post-Merger,2017-04-01,6.35%,2.27%,50.86%,0.77%,41.64%,12.14%,"1,176.51","1,374.61"
2766,BR-6679,State Bank of India (Parent),Thiruvananthapuram,Semi-Urban,2014,Pre-Merger,2017-04-01,6.93%,4.25%,54.89%,0.35%,42.91%,12.07%,653.37,885.00
2767,BR-8385,State Bank of India (Parent),Jaipur,Metro,2016,Pre-Merger,2017-04-01,10.18%,6.67%,49.96%,0.92%,43.22%,12.80%,615.40,865.09
2768,BR-5747,State Bank of Hyderabad,Chennai,Semi-Urban,2014,Pre-Merger,2017-04-01,8.74%,4.49%,53.81%,0.52%,36.34%,11.41%,84.27,114.42
2769,BR-2527,State Bank of India (Consolidated),Chandigarh,Urban,2020,Post-Merger,2017-04-01,4.19%,1.42%,51.58%,0.66%,43.60%,12.97%,890.26,"1,128.03"
2770,BR-4446,State Bank of India (Consolidated),Mumbai Metro,Semi-Urban,2021,Post-Merger,2017-04-01,5.99%,1.58%,43.26%,0.42%,40.92%,12.40%,690.28,812.87
2771,BR-6678,State Bank of India (Consolidated),Bengaluru,Semi-Urban,2021,Post-Merger,01/04/2017,2.97%,1.32%,50.66%,1.10%,39.87%,14.22%,902.65,"1,087.56"
2772,BR-9756,State Bank of India (Consolidated),Mumbai Metro,Rural,2019,Post-Merger,01/04/2017,3.02%,1.34%,43.61%,0.15%,53.37%,13.43%,"1,492.56","1,985.09"
2773,BR-4741,State Bank of India (Consolidated),Thiruvananthapuram,Rural,2018,Post-Merger,2017-04-01,2.03%,0.90%,47.40%,0.72%,51.70%,13.85%,104.46,137.15
2774,BR-3392,State Bank of India (Consolidated),Mumbai Metro,Metro,2018,Post-Merger,2017-04-01,9.01%,2.43%,48.46%,0.41%,48.16%,13.12%,810.16,984.72
2775,BR-1944,State Bank of India (Consolidated),Bengaluru,Metro,2018,Post-Merger,2017-04-01,6.95%,2.91%,47.27%,1.15%,46.41%,11.75%,608.73,803.30
2776,BR-9681,State Bank of India (Consolidated),Ahmedabad,Rural,2021,Post-Merger,2017-04-01,7.61%,2.77%,46.83%,0.73%,44.37%,12.26%,144.77,188.19
2777,BR-9899,State Bank of India (Parent),Bhopal,Urban,2016,Pre-Merger,01/04/2017,8.02%,4.45%,48.79%,0.67%,44.68%,11.79%,926.05,"1,208.16"
2778,BR-6131,State Bank of India (Consolidated),Thiruvananthapuram,Urban,2020,Post-Merger,2017-04-01,7.98%,2.19%,43.17%,1.05%,41.18%,14.43%,"1,110.87","1,297.79"
2779,BR-4883,State Bank of India (Consolidated),Chandigarh,Urban,2021,Post-Merger,01/04/2017,4.97%,1.70%,44.66%,1.20%,51.38%,16.16%,"1,281.24","1,857.40"
2780,BR-3659,State Bank of India (Parent),Kolkata,Metro,2015,Pre-Merger,2017-04-01,10.29%,5.82%,58.66%,0.15%,40.09%,10.74%,142.71,165.83
2781,BR-7261,State Bank of India (Consolidated),Ahmedabad,Rural,2018,Post-Merger,2017-04-01,7.14%,2.13%,53.23%,0.74%,50.08%,12.82%,"1,238.41","1,522.36"
2782,BR-8053,State Bank of India (Consolidated),Hyderabad,Urban,2020,Post-Merger,01/04/2017,7.94%,2.53%,43.74%,1.05%,48.13%,14.33%,"1,429.30","1,645.59"
2783,BR-8737,State Bank of Mysore,Chandigarh,Rural,2016,Pre-Merger,2017-04-01,4.33%,2.63%,56.12%,-0.33%,38.24%,12.04%,556.58,789.81
2784,BR-1643,State Bank of India (Consolidated),Thiruvananthapuram,Rural,2018,Post-Merger,2017-04-01,6.56%,2.00%,48.92%,0.98%,41.86%,14.05%,"1,457.55","1,949.14"
2785,BR-1056,State Bank of India (Consolidated),Kolkata,Urban,2018,Post-Merger,01/04/2017,8.01%,2.63%,47.95%,0.52%,48.42%,14.22%,314.17,374.11
2786,BR-7925,State Bank of Patiala,Bhopal,Semi-Urban,2015,Pre-Merger,2017-04-01,15.87%,9.05%,51.64%,0.23%,40.80%,13.12%,528.94,686.43
2787,BR-3886,State Bank of India (Consolidated),Thiruvananthapuram,Rural,2018,Post-Merger,2017-04-01,6.89%,3.06%,46.91%,1.30%,41.72%,12.40%,"1,481.06","1,861.89"
2788,BR-2966,State Bank of India (Consolidated),Jaipur,Semi-Urban,2020,Post-Merger,2017-04-01,8.07%,2.99%,48.32%,0.26%,46.43%,12.72%,935.38,"1,193.10"
2789,BR-9616,State Bank of India (Parent),Ahmedabad,Urban,2016,Pre-Merger,01/04/2017,8.71%,4.47%,54.42%,0.59%,36.70%,11.78%,962.40,"1,346.56"
2790,BR-3030,State Bank of India (Consolidated),Lucknow,Urban,2018,Post-Merger,2017-04-01,3.21%,1.24%,46.99%,0.83%,37.53%,13.05%,"1,117.25","1,388.73"
2791,BR-5892,State Bank of India (Consolidated),Hyderabad,Semi-Urban,2019,Post-Merger,2017-04-01,6.08%,2.47%,48.02%,0.56%,44.40%,13.21%,"1,059.63","1,517.19"
2792,BR-2615,State Bank of Mysore,Bengaluru,Metro,2015,Pre-Merger,2017-04-01,4.69%,2.89%,50.53%,0.08%,43.70%,12.05%,209.39,246.31
2793,BR-9208,State Bank of India (Consolidated),Hyderabad,Rural,2021,Post-Merger,01/04/2017,6.16%,1.89%,46.35%,0.10%,46.47%,12.04%,"1,008.12","1,166.32"
2794,BR-3763,State Bank of India (Consolidated)   ,Thiruvananthapuram,Rural,2018,Post-Merger,01/04/2017,2.32%,0.66%,45.05%,0.97%,44.32%,11.50%,790.90,"1,032.08"
2795,BR-1082,State Bank of India (Consolidated),Lucknow,Urban,2019,Post-Merger,2017-04-01,8.70%,3.82%,43.56%,0.55%,47.33%,16.00%,"1,445.66","1,778.52"
2796,BR-6601,State Bank of India (Parent),Kolkata,Semi-Urban,2016,Pre-Merger,2017-04-01,9.85%,6.06%,56.43%,-0.30%,36.93%,10.16%,675.44,951.00
2797,BR-6432,State Bank of India (Parent),Hyderabad,Rural,2014,Pre-Merger,2017-04-01,8.68%,5.04%,59.46%,-0.23%,43.58%,10.47%,633.22,786.90
2798,BR-2209,State Bank of India (Consolidated),Mumbai Metro,Semi-Urban,2019,Post-Merger,2017-04-01,4.28%,1.28%,44.22%,0.78%,40.05%,12.60%,307.34,432.81
2799,BR-8457,State Bank of Bikaner and Jaipur,Kolkata,Rural,2014,Pre-Merger,2017-04-01,13.66%,9.01%,56.23%,0.12%,41.40%,13.32%,"1,094.01","1,543.69"
2800,BR-7041,State Bank of India (Consolidated),Jaipur,Urban,2019,Post-Merger,2017-04-01,5.81%,1.55%,44.43%,1.07%,48.49%,11.51%,"1,492.51","1,809.88"
2801,BR-2456,State Bank of India (Consolidated),Jaipur,Rural,2019,Post-Merger,2017-04-01,6.18%,2.40%,50.94%,1.00%,52.46%,12.94%,528.30,752.96
2802,BR-3526,State Bank of India (Consolidated),Chennai,Rural,2018,Post-Merger,01/04/2017,3.05%,1.30%,50.09%,1.31%,42.32%,15.18%,"1,066.63","1,357.77"
2803,BR-9435,State Bank of India (Parent),Bengaluru,Metro,2014,Pre-Merger,2017-04-01,11.99%,7.48%,54.36%,0.99%,38.89%,12.97%,"1,030.60","1,218.79"
2804,BR-1389,State Bank of Bikaner and Jaipur,Lucknow,Rural,2014,Pre-Merger,01/04/2017,12.67%,7.29%,58.65%,1.20%,37.23%,12.40%,579.93,808.25
2805,BR-8889,State Bank of Bikaner and Jaipur,Lucknow,Semi-Urban,2016,Pre-Merger,2017-04-01,9.30%,5.75%,56.33%,-0.31%,42.12%,12.31%,342.46,465.23
2806,BR-1179,State Bank of India (Consolidated),Ahmedabad,Semi-Urban,2020,Post-Merger,2017-04-01,5.79%,2.35%,46.04%,1.53%,42.31%,14.54%,375.02,535.63
2807,BR-8584,State Bank of Mysore,Chandigarh,Urban,2015,Pre-Merger,2017-04-01,10.31%,6.54%,63.36%,0.58%,43.61%,11.74%,151.30,203.04
2808,BR-4096,State Bank of India (Consolidated),Bengaluru,Semi-Urban,2019,Post-Merger,01/04/2017,3.87%,1.73%,38.26%,0.86%,48.17%,12.48%,597.26,758.92
2809,BR-4079,State Bank of India (Consolidated),Chennai,Metro,2018,Post-Merger,2017-04-01,7.22%,2.26%,43.72%,0.88%,41.35%,13.26%,962.30,"1,320.24"
2810,BR-8540,State Bank of India (Consolidated),Mumbai Metro,Rural,2019,Post-Merger,2017-04-01,4.24%,1.22%,48.86%,0.46%,51.19%,13.26%,444.37,554.33
2811,BR-6412,State Bank of India (Parent),Lucknow,Metro,2016,Pre-Merger,2017-04-01,6.97%,4.02%,57.25%,0.08%,39.22%,12.44%,"1,129.81","1,318.55"
2812,BR-5779,State Bank of India (Consolidated),Bengaluru,Rural,2018,Post-Merger,2017-04-01,4.18%,1.63%,52.68%,0.52%,48.41%,13.66%,"1,431.75","1,887.27"
2813,BR-1674,State Bank of Patiala,Bengaluru,Metro,2015,Pre-Merger,01/04/2017,9.51%,5.17%,63.09%,1.20%,41.48%,11.29%,105.54,131.75
2814,BR-7708,State Bank of Bikaner and Jaipur   ,Bhopal,Urban,2015,Pre-Merger,01/04/2017,9.54%,4.88%,55.66%,1.09%,40.71%,11.47%,696.85,831.92
2815,BR-9475,State Bank of Bikaner and Jaipur,Thiruvananthapuram,Urban,2014,Pre-Merger,2017-04-01,6.73%,4.53%,52.74%,-0.31%,48.21%,12.37%,"1,144.21","1,517.60"
2816,BR-7523,State Bank of India (Consolidated),Thiruvananthapuram,Rural,2020,Post-Merger,2017-04-01,7.89%,2.14%,47.04%,0.69%,46.57%,13.77%,"1,145.05","1,513.70"
2817,BR-7684,State Bank of India (Consolidated),Chennai,Semi-Urban,2021,Post-Merger,2017-04-01,7.83%,2.83%,50.51%,0.85%,40.35%,11.50%,734.11,868.63
2818,BR-3286,State Bank of India (Consolidated),Chennai,Rural,2019,Post-Merger,2017-04-01,6.63%,1.82%,45.38%,0.47%,44.13%,13.88%,297.93,419.15
2819,BR-1383,State Bank of India (Parent),Kolkata,Metro,2016,Pre-Merger,2017-04-01,7.43%,4.92%,55.16%,0.76%,38.77%,12.53%,"1,400.31","1,676.23"
2820,BR-6708,State Bank of India (Consolidated),Kolkata,Metro,2020,Post-Merger,2017-04-01,9.90%,3.98%,43.53%,0.76%,48.27%,12.75%,"1,351.52","1,725.19"
2821,BR-8819,State Bank of Bikaner and Jaipur,Bhopal,Semi-Urban,2014,Pre-Merger,2017-04-01,11.67%,5.96%,58.73%,0.51%,41.00%,12.12%,"1,005.89","1,217.81"
2822,BR-1778,State Bank of India (Consolidated),Mumbai Metro,Metro,2020,Post-Merger,2017-04-01,2.19%,0.95%,46.48%,0.42%,43.54%,14.61%,"1,404.76","1,837.25"
2823,BR-4678,State Bank of India (Consolidated),Lucknow,Rural,2021,Post-Merger,2017-04-01,5.74%,1.72%,49.01%,0.44%,46.59%,14.87%,330.91,386.64
2824,BR-1759,State Bank of India (Consolidated),Chennai,Urban,2020,Post-Merger,2017-04-01,1.50%,0.53%,45.88%,0.87%,48.08%,15.03%,280.74,325.46
2825,BR-9797,State Bank of Hyderabad,Lucknow,Metro,2016,Pre-Merger,2017-04-01,7.22%,4.30%,58.32%,-0.29%,38.12%,10.99%,"1,113.63","1,366.10"
2826,BR-3887,State Bank of India (Consolidated),Chandigarh,Metro,2018,Post-Merger,01/04/2017,5.59%,2.16%,47.29%,0.82%,48.95%,15.93%,521.17,629.46
2827,BR-8212,State Bank of India (Parent),Jaipur,Urban,2017,Pre-Merger,2017-04-01,6.16%,4.14%,46.72%,0.32%,34.18%,12.16%,"1,306.31","1,525.29"
2828,BR-1587,State Bank of India (Consolidated),Chennai,Rural,2018,Post-Merger,01/04/2017,7.10%,3.12%,50.54%,0.70%,44.55%,16.02%,"1,178.02","1,428.30"
2829,BR-6729,State Bank of India (Parent),Hyderabad,Rural,2017,Pre-Merger,01/04/2017,13.85%,8.57%,50.80%,0.77%,41.52%,11.13%,"1,015.18","1,333.56"
2830,BR-8090,State Bank of India (Consolidated),Delhi NCR,Semi-Urban,2019,Post-Merger,01/04/2017,8.07%,2.44%,48.02%,1.12%,44.63%,15.83%,226.36,282.91
2831,BR-6831,State Bank of Mysore,Hyderabad,Rural,2016,Pre-Merger,01/04/2017,4.10%,2.58%,62.87%,1.04%,37.07%,10.45%,"1,028.95","1,456.41"
2832,BR-8898,State Bank of India (Consolidated),Mumbai Metro,Urban,2018,Post-Merger,2017-04-01,6.51%,2.60%,47.21%,0.53%,45.40%,13.53%,"1,356.35","1,864.40"
2833,BR-9215,State Bank of India (Parent),Bengaluru,Semi-Urban,2017,Pre-Merger,2017-04-01,8.23%,4.87%,51.93%,0.05%,36.51%,13.02%,"1,209.49","1,643.12"
2834,BR-9655,State Bank of India (Consolidated),Chennai,Urban,2019,Post-Merger,2017-04-01,7.05%,2.58%,44.09%,1.10%,52.07%,12.90%,487.50,581.52
2835,BR-2306,State Bank of India (Consolidated),Mumbai Metro,Urban,2018,Post-Merger,2017-04-01,5.76%,1.80%,48.69%,0.52%,45.65%,13.94%,333.24,399.39
2836,BR-7067,State Bank of India (Consolidated),Bengaluru,Urban,2020,Post-Merger,01/04/2017,8.13%,3.00%,51.08%,1.08%,50.98%,13.24%,280.94,366.33
2837,BR-2924,Bharatiya Mahila Bank,Kolkata,Semi-Urban,2017,Pre-Merger,01/04/2017,5.79%,2.98%,50.26%,0.40%,48.76%,12.64%,826.58,"1,090.66"
2838,BR-8564,State Bank of Patiala,Ahmedabad,Metro,2017,Pre-Merger,2017-04-01,6.49%,3.73%,55.97%,0.85%,41.89%,13.21%,386.93,511.86
2839,BR-4724,State Bank of India (Consolidated),Jaipur,Metro,2019,Post-Merger,2017-04-01,6.12%,2.51%,49.46%,0.95%,41.95%,14.28%,704.73,896.19
2840,BR-2617,State Bank of India (Parent),Jaipur,Metro,2014,Pre-Merger,2017-04-01,9.11%,6.17%,59.38%,1.03%,43.47%,11.82%,143.11,176.37
2841,BR-3340,State Bank of India (Parent),Chennai,Metro,2017,Pre-Merger,01/04/2017,9.05%,5.99%,53.58%,0.19%,44.39%,13.32%,"1,077.74","1,491.58"
2842,BR-3498,State Bank of Hyderabad,Bengaluru,Urban,2017,Pre-Merger,2017-04-01,6.01%,3.18%,58.76%,0.23%,47.60%,12.43%,327.29,386.79
2843,BR-3917,State Bank of Mysore,Mumbai Metro,Urban,2017,Pre-Merger,2017-04-01,10.33%,5.28%,54.12%,-0.20%,34.52%,12.13%,"1,343.48","1,810.65"
2844,BR-4337,State Bank of India (Consolidated),Kolkata,Urban,2020,Post-Merger,2017-04-01,5.95%,2.25%,44.28%,1.12%,42.01%,14.85%,"1,154.55","1,643.54"
2845,BR-6085,State Bank of India (Consolidated),Hyderabad,Metro,2018,Post-Merger,2017-04-01,7.64%,2.02%,51.88%,0.97%,46.21%,13.92%,"1,115.80","1,506.68"
2846,BR-7591,State Bank of India (Consolidated),Chennai,Urban,2018,Post-Merger,2017-04-01,4.49%,1.99%,49.80%,0.84%,47.54%,14.43%,309.46,431.59
2847,BR-2123,State Bank of India (Consolidated)   ,Bhopal,Metro,2018,Post-Merger,01/04/2017,1.50%,0.41%,40.98%,0.62%,47.53%,13.06%,"1,415.95","1,749.76"
2848,BR-6375,State Bank of India (Parent),Mumbai Metro,Rural,2017,Pre-Merger,01/04/2017,9.11%,5.88%,61.07%,-0.76%,43.30%,11.82%,"1,159.01","1,456.04"
2849,BR-9554,State Bank of India (Consolidated),Thiruvananthapuram,Urban,2019,Post-Merger,2017-04-01,5.90%,1.74%,43.00%,1.45%,39.10%,12.50%,"1,192.27","1,443.60"
2850,BR-7745,State Bank of Bikaner and Jaipur,Jaipur,Rural,2017,Pre-Merger,2017-04-01,12.21%,7.52%,53.21%,0.57%,37.70%,10.37%,398.86,498.42
2851,BR-3074,State Bank of India (Consolidated),Thiruvananthapuram,Urban,2018,Post-Merger,2017-04-01,6.83%,2.72%,48.70%,1.31%,46.27%,14.60%,681.33,936.89
2852,BR-6647,State Bank of India (Parent),Delhi NCR,Urban,2014,Pre-Merger,2017-04-01,8.13%,4.82%,52.89%,0.26%,33.54%,11.63%,370.23,464.54
2853,BR-4532,State Bank of India (Consolidated),Lucknow,Metro,2018,Post-Merger,2017-04-01,7.35%,2.70%,43.75%,0.89%,40.18%,13.70%,"1,098.50","1,362.49"
2854,BR-7478,State Bank of Hyderabad,Jaipur,Metro,2017,Pre-Merger,2017-04-01,7.75%,4.93%,54.80%,0.51%,43.58%,13.51%,309.92,379.96
2855,BR-8393,State Bank of India (Consolidated),Chennai,Rural,2021,Post-Merger,01/04/2017,7.66%,2.03%,43.52%,0.63%,40.83%,11.50%,894.39,"1,115.85"
2856,BR-3705,State Bank of India (Consolidated),Thiruvananthapuram,Rural,2020,Post-Merger,01/04/2017,6.33%,2.13%,46.09%,1.11%,47.41%,11.90%,803.02,"1,048.29"
2857,BR-6450,State Bank of India (Consolidated),Delhi NCR,Rural,2018,Post-Merger,2017-04-01,7.08%,2.13%,57.60%,0.83%,47.34%,13.41%,"1,104.15","1,368.38"
2858,BR-4782,State Bank of India (Parent),Lucknow,Metro,2017,Pre-Merger,2017-04-01,5.51%,3.43%,55.16%,-0.50%,44.08%,10.86%,913.85,"1,310.40"
2859,BR-4920,State Bank of Travancore   ,Delhi NCR,Semi-Urban,2014,Pre-Merger,01/04/2017,11.17%,6.37%,,0.42%,38.19%,12.50%,476.67,585.90
2860,BR-7832,State Bank of India (Consolidated),Chandigarh,Rural,2021,Post-Merger,2017-04-01,8.57%,3.51%,44.48%,1.25%,50.77%,14.92%,428.56,539.94
2861,BR-6097,State Bank of India (Parent),Thiruvananthapuram,Rural,2014,Pre-Merger,2017-04-01,13.37%,7.54%,54.22%,0.79%,45.45%,13.31%,100.12,143.05
2862,BR-4597,State Bank of India (Consolidated),Bhopal,Rural,2021,Post-Merger,01/04/2017,6.67%,2.65%,41.31%,0.88%,43.85%,14.23%,"1,267.39","1,826.43"
2863,BR-6746,State Bank of India (Consolidated)   ,Mumbai Metro,Rural,2019,Post-Merger,01/04/2017,6.57%,2.81%,,0.89%,45.49%,15.36%,"1,110.65","1,557.23"
2864,BR-8135,State Bank of India (Consolidated),Jaipur,Semi-Urban,2020,Post-Merger,2017-04-01,9.40%,2.68%,48.64%,0.46%,42.73%,14.30%,"1,233.27","1,754.69"
2865,BR-7981,State Bank of India (Consolidated),Bhopal,Urban,2018,Post-Merger,01/04/2017,3.80%,1.57%,44.63%,1.00%,50.53%,13.31%,151.38,176.16
2866,BR-5759,State Bank of India (Parent),Ahmedabad,Urban,2015,Pre-Merger,2017-04-01,8.13%,4.72%,62.23%,0.96%,35.84%,13.08%,"1,229.67","1,752.66"
2867,BR-2605,State Bank of Hyderabad   ,Bengaluru,Rural,2017,Pre-Merger,01/04/2017,8.50%,4.40%,42.00%,1.20%,43.44%,12.16%,378.36,510.66
2868,BR-9759,State Bank of India (Consolidated),Thiruvananthapuram,Semi-Urban,2020,Post-Merger,01/04/2017,7.45%,2.34%,52.52%,1.09%,45.88%,15.33%,638.65,803.20
2869,BR-8834,State Bank of India (Consolidated),Hyderabad,Semi-Urban,2018,Post-Merger,2017-04-01,6.14%,2.51%,57.48%,0.51%,40.63%,14.16%,"1,042.69","1,365.48"
2870,BR-4875,State Bank of Travancore,Chennai,Urban,2016,Pre-Merger,2017-04-01,12.74%,7.56%,53.76%,0.65%,33.78%,13.34%,613.81,848.18
2871,BR-5470,State Bank of India (Consolidated),Ahmedabad,Rural,2021,Post-Merger,2017-04-01,7.38%,3.32%,50.09%,0.67%,41.93%,15.56%,"1,188.50","1,383.50"
2872,BR-5737,State Bank of Hyderabad,Chandigarh,Urban,2017,Pre-Merger,2017-04-01,15.43%,8.40%,55.18%,-0.04%,41.13%,13.41%,379.03,474.98
2873,BR-8777,State Bank of India (Parent),Bhopal,Rural,2014,Pre-Merger,2017-04-01,13.28%,7.41%,51.12%,0.77%,36.04%,10.28%,572.98,677.59
2874,BR-4821,State Bank of Mysore,Chennai,Semi-Urban,2016,Pre-Merger,01/04/2017,6.24%,3.87%,56.98%,0.91%,40.85%,12.66%,151.37,191.97
2875,BR-4541,State Bank of Hyderabad,Hyderabad,Rural,2014,Pre-Merger,2017-04-01,10.69%,6.62%,56.67%,0.75%,40.28%,12.02%,"1,266.76","1,698.87"
2876,BR-1472,State Bank of India (Consolidated),Bengaluru,Rural,2021,Post-Merger,2017-04-01,1.90%,0.80%,51.51%,0.79%,45.90%,16.64%,523.80,754.62
2877,BR-8996,State Bank of Patiala,Bhopal,Urban,2016,Pre-Merger,01/04/2017,9.43%,5.95%,49.04%,-0.64%,33.75%,11.99%,"1,382.57","1,693.77"
2878,BR-2646,State Bank of India (Consolidated),Chandigarh,Urban,2020,Post-Merger,01/04/2017,5.03%,1.92%,46.61%,0.73%,43.42%,14.19%,638.81,811.10
2879,BR-5486,State Bank of India (Consolidated),Kolkata,Rural,2021,Post-Merger,2017-04-01,3.22%,0.97%,46.53%,0.50%,46.66%,14.25%,142.16,168.90
2880,BR-7856,State Bank of India (Consolidated),Kolkata,Rural,2021,Post-Merger,2017-04-01,3.31%,1.06%,54.08%,1.30%,42.52%,11.73%,"1,033.24","1,488.05"
2881,BR-2925,State Bank of India (Parent),Hyderabad,Urban,2015,Pre-Merger,2017-04-01,9.23%,4.66%,49.75%,-0.46%,48.69%,12.31%,"1,217.29","1,755.87"
2882,BR-3420,State Bank of India (Consolidated),Jaipur,Urban,2018,Post-Merger,2017-04-01,3.73%,1.18%,40.85%,1.41%,41.50%,14.33%,642.07,810.47
2883,BR-7333,State Bank of Mysore   ,Delhi NCR,Semi-Urban,2016,Pre-Merger,01/04/2017,6.75%,4.36%,55.23%,-0.25%,41.38%,12.59%,584.79,816.56
2884,BR-7890,State Bank of Travancore,Ahmedabad,Semi-Urban,2014,Pre-Merger,2017-04-01,8.61%,5.43%,56.83%,0.85%,37.27%,12.41%,"1,089.53","1,478.64"
2885,BR-7991,State Bank of Patiala,Lucknow,Rural,2014,Pre-Merger,2017-04-01,10.39%,6.55%,55.86%,0.62%,39.32%,12.13%,"1,067.23","1,470.35"
2886,BR-4455,State Bank of India (Consolidated),Mumbai Metro,Urban,2019,Post-Merger,2017-04-01,3.09%,1.00%,51.87%,0.76%,46.02%,14.28%,928.06,"1,200.06"
2887,BR-4730,State Bank of India (Consolidated)   ,Chandigarh,Metro,2021,Post-Merger,01/04/2017,4.15%,1.74%,42.61%,0.45%,45.13%,14.94%,702.06,952.98
2888,BR-1005,State Bank of India (Parent),Kolkata,Semi-Urban,2016,Pre-Merger,2017-04-01,10.78%,5.45%,56.05%,1.20%,46.86%,11.01%,866.12,997.94
2889,BR-9785,State Bank of Travancore,Chandigarh,Semi-Urban,2017,Pre-Merger,2017-04-01,5.57%,3.34%,52.23%,0.83%,38.79%,9.50%,"1,401.88","1,649.82"
2890,BR-1675,State Bank of Bikaner and Jaipur,Ahmedabad,Rural,2014,Pre-Merger,01/04/2017,10.44%,6.29%,59.00%,-0.31%,39.17%,12.54%,500.18,683.76
2891,BR-6666,State Bank of India (Consolidated),Lucknow,Urban,2021,Post-Merger,2017-04-01,1.57%,0.53%,47.93%,0.78%,48.41%,12.22%,976.40,"1,205.22"
2892,BR-7073,State Bank of Travancore,Ahmedabad,Urban,2016,Pre-Merger,01/04/2017,10.97%,6.36%,48.97%,0.31%,42.54%,13.02%,692.53,978.82
2893,BR-4704,State Bank of India (Consolidated),Ahmedabad,Urban,2018,Post-Merger,2017-04-01,6.03%,1.77%,45.66%,0.74%,49.72%,14.34%,"1,210.56","1,527.19"
2894,BR-5462,State Bank of India (Parent),Delhi NCR,Urban,2015,Pre-Merger,01/04/2017,13.69%,9.15%,58.89%,0.07%,46.67%,11.64%,"1,374.87","1,773.15"
2895,BR-3306,State Bank of India (Consolidated),Thiruvananthapuram,Semi-Urban,2018,Post-Merger,01/04/2017,4.33%,1.39%,48.46%,0.44%,44.05%,12.90%,"1,185.24","1,451.66"
2896,BR-3729,State Bank of India (Consolidated),Kolkata,Rural,2019,Post-Merger,2017-04-01,6.87%,2.31%,46.68%,0.50%,41.09%,12.60%,"1,018.16","1,405.78"
2897,BR-4114,State Bank of India (Consolidated),Jaipur,Urban,2020,Post-Merger,2017-04-01,6.08%,1.59%,48.69%,0.18%,47.09%,13.29%,"1,179.93","1,534.95"
2898,BR-5409,State Bank of India (Consolidated),Kolkata,Metro,2019,Post-Merger,2017-04-01,1.77%,0.53%,50.51%,0.50%,44.02%,13.92%,568.02,762.04
2899,BR-2332,State Bank of India (Consolidated),Ahmedabad,Metro,2020,Post-Merger,2017-04-01,9.58%,2.50%,49.77%,0.60%,46.74%,15.07%,320.08,463.32
2900,BR-4986,State Bank of India (Consolidated),Chennai,Metro,2019,Post-Merger,2017-04-01,5.87%,2.30%,42.36%,1.44%,42.65%,13.16%,"1,396.27","1,704.04"
2901,BR-2248,State Bank of India (Consolidated),Thiruvananthapuram,Semi-Urban,2021,Post-Merger,2017-04-01,7.40%,3.00%,41.20%,0.90%,38.02%,14.81%,"1,073.04","1,462.53"
2902,BR-2788,State Bank of India (Parent),Ahmedabad,Rural,2014,Pre-Merger,2017-04-01,14.88%,9.38%,57.85%,0.40%,40.66%,12.15%,852.29,"1,113.50"
2903,BR-8405,State Bank of India (Consolidated)   ,Kolkata,Rural,2021,Post-Merger,01/04/2017,6.07%,2.37%,48.86%,0.83%,45.98%,14.10%,467.95,661.29
2904,BR-4474,State Bank of Bikaner and Jaipur   ,Chandigarh,Urban,2016,Pre-Merger,01/04/2017,15.62%,8.53%,55.82%,0.33%,45.87%,12.50%,453.95,652.22
2905,BR-1795,State Bank of India (Consolidated),Lucknow,Metro,2019,Post-Merger,2017-04-01,5.31%,1.89%,50.04%,0.31%,49.57%,14.19%,407.79,531.90
2906,BR-1073,State Bank of Hyderabad,Kolkata,Rural,2017,Pre-Merger,2017-04-01,3.74%,2.54%,52.72%,0.54%,44.10%,11.83%,816.21,"1,036.90"
2907,BR-1290,Bharatiya Mahila Bank,Ahmedabad,Rural,2014,Pre-Merger,2017-04-01,7.48%,4.11%,49.18%,0.09%,39.52%,13.39%,917.61,"1,295.48"
2908,BR-2757,State Bank of India (Parent),Thiruvananthapuram,Semi-Urban,2017,Pre-Merger,01/04/2017,9.91%,5.28%,47.44%,0.55%,43.21%,12.58%,379.46,454.67
2909,BR-9086,State Bank of India (Consolidated),Jaipur,Urban,2021,Post-Merger,2017-04-01,5.17%,1.53%,41.76%,0.78%,52.85%,13.30%,797.94,979.76
2910,BR-3509,State Bank of India (Parent),Thiruvananthapuram,Metro,2014,Pre-Merger,2017-04-01,13.09%,6.74%,54.62%,0.07%,41.99%,12.10%,323.29,448.78
2911,BR-7080,State Bank of Patiala,Lucknow,Semi-Urban,2016,Pre-Merger,2017-04-01,5.29%,3.36%,58.23%,0.57%,37.34%,12.09%,992.58,"1,149.37"
2912,BR-2351,State Bank of India (Consolidated),Jaipur,Urban,2019,Post-Merger,2017-04-01,3.73%,0.96%,47.47%,0.97%,47.80%,14.21%,"1,399.68","1,702.14"
2913,BR-5502,State Bank of India (Consolidated),Mumbai Metro,Semi-Urban,2021,Post-Merger,2017-04-01,5.90%,2.46%,54.88%,0.57%,45.40%,15.26%,"1,420.55","1,736.79"
2914,BR-4369,State Bank of India (Parent),Bengaluru,Urban,2016,Pre-Merger,2017-04-01,7.83%,5.30%,54.59%,0.08%,43.76%,12.92%,"1,123.24","1,470.10"
2915,BR-9061,State Bank of Hyderabad,Kolkata,Rural,2014,Pre-Merger,2017-04-01,8.31%,4.94%,58.37%,0.30%,35.39%,9.50%,683.71,829.10
2916,BR-9153,State Bank of India (Consolidated),Lucknow,Urban,2018,Post-Merger,2017-04-01,4.77%,1.87%,46.22%,1.10%,39.88%,14.79%,"1,337.61","1,727.27"
2917,BR-9483,State Bank of India (Consolidated),Thiruvananthapuram,Urban,2018,Post-Merger,2017-04-01,3.74%,1.68%,43.21%,1.13%,46.05%,16.08%,486.95,693.19
2918,BR-3174,State Bank of India (Consolidated),Lucknow,Urban,2021,Post-Merger,2017-04-01,4.86%,2.09%,50.33%,0.79%,42.10%,14.00%,104.20,123.84
2919,BR-8988,State Bank of Bikaner and Jaipur,Lucknow,Metro,2014,Pre-Merger,01/04/2017,8.96%,5.85%,53.17%,0.63%,37.17%,12.69%,173.87,243.26
2920,BR-1623,State Bank of Hyderabad,Delhi NCR,Urban,2014,Pre-Merger,2017-04-01,9.55%,5.23%,54.90%,0.68%,44.16%,12.79%,938.94,"1,082.91"
2921,BR-8556,State Bank of Bikaner and Jaipur,Chandigarh,Semi-Urban,2017,Pre-Merger,2017-04-01,12.18%,6.70%,57.37%,-1.04%,38.81%,12.74%,284.89,411.99
2922,BR-8785,State Bank of India (Consolidated),Chennai,Semi-Urban,2018,Post-Merger,01/04/2017,7.63%,3.29%,40.06%,0.70%,41.48%,14.84%,"1,368.74","1,924.86"
2923,BR-8954,State Bank of India (Consolidated),Chandigarh,Semi-Urban,2018,Post-Merger,2017-04-01,8.92%,2.60%,44.64%,0.71%,41.92%,14.07%,822.36,"1,099.07"
2924,BR-3856,State Bank of India (Consolidated),Bengaluru,Rural,2021,Post-Merger,2017-04-01,5.35%,2.02%,51.85%,0.58%,49.84%,16.21%,"1,243.21","1,520.93"
2925,BR-7492,State Bank of India (Consolidated),Bengaluru,Urban,2018,Post-Merger,2017-04-01,4.02%,1.40%,40.68%,0.91%,44.69%,15.00%,711.83,971.97
2926,BR-9450,State Bank of Hyderabad,Chandigarh,Semi-Urban,2015,Pre-Merger,01/04/2017,8.33%,5.42%,57.15%,-0.64%,40.80%,13.89%,"1,259.51","1,498.04"
2927,BR-3241,State Bank of India (Consolidated),Kolkata,Metro,2018,Post-Merger,2017-04-01,5.32%,1.57%,51.38%,0.66%,47.76%,12.93%,225.13,323.13
2928,BR-3921,State Bank of Hyderabad,Kolkata,Metro,2016,Pre-Merger,2017-04-01,7.57%,3.90%,51.57%,0.43%,48.65%,13.14%,289.56,375.42
2929,BR-8628,State Bank of India (Consolidated),Kolkata,Urban,2021,Post-Merger,2017-04-01,5.13%,2.26%,46.16%,0.58%,46.06%,14.29%,846.98,991.40
2930,BR-4307,State Bank of Bikaner and Jaipur,Thiruvananthapuram,Urban,2015,Pre-Merger,2017-04-01,7.83%,4.27%,53.28%,-0.26%,38.86%,12.08%,910.39,"1,179.02"
2931,BR-5829,State Bank of India (Consolidated),Hyderabad,Semi-Urban,2020,Post-Merger,2017-04-01,5.71%,2.41%,48.37%,1.36%,48.29%,14.18%,557.12,697.30
2932,BR-2136,State Bank of Patiala,Bhopal,Metro,2017,Pre-Merger,2017-04-01,11.87%,6.88%,46.19%,0.74%,42.95%,11.46%,81.98,108.53
2933,BR-2124,State Bank of India (Consolidated),Lucknow,Urban,2020,Post-Merger,2017-04-01,5.94%,1.68%,56.83%,0.82%,44.49%,16.07%,"1,171.79","1,654.62"
2934,BR-4667,State Bank of Hyderabad,Mumbai Metro,Metro,2017,Pre-Merger,2017-04-01,8.52%,4.42%,59.13%,-0.58%,43.81%,12.19%,802.42,"1,153.87"
2935,BR-7388,State Bank of India (Consolidated),Mumbai Metro,Semi-Urban,2021,Post-Merger,01/04/2017,6.17%,2.17%,50.44%,0.56%,47.05%,14.30%,"1,054.56","1,471.84"
2936,BR-2648,State Bank of Travancore,Ahmedabad,Urban,2014,Pre-Merger,2017-04-01,12.55%,6.33%,53.91%,-0.22%,38.58%,10.52%,246.78,293.49
2937,BR-1739,State Bank of India (Consolidated),Delhi NCR,Rural,2021,Post-Merger,2017-04-01,4.49%,1.54%,50.53%,0.27%,47.05%,13.53%,"1,268.46","1,514.45"
2938,BR-4543,State Bank of India (Consolidated),Lucknow,Urban,2020,Post-Merger,2017-04-01,6.81%,2.54%,47.78%,0.66%,43.79%,15.71%,327.95,379.98
2939,BR-3578,State Bank of Bikaner and Jaipur,Lucknow,Semi-Urban,2017,Pre-Merger,2017-04-01,7.20%,4.74%,62.75%,0.99%,46.64%,13.22%,780.04,995.17
2940,BR-4123,State Bank of Travancore,Chandigarh,Semi-Urban,2015,Pre-Merger,2017-04-01,12.65%,8.22%,59.20%,-1.08%,41.39%,10.46%,"1,338.06","1,886.78"
2941,BR-1242,State Bank of Hyderabad,Mumbai Metro,Semi-Urban,2014,Pre-Merger,2017-04-01,13.33%,7.57%,53.07%,-0.34%,43.30%,10.91%,"1,490.74","2,071.41"
2942,BR-2752,State Bank of India (Parent),Kolkata,Urban,2015,Pre-Merger,2017-04-01,8.86%,6.00%,60.88%,0.94%,38.71%,11.73%,"1,337.42","1,703.90"
2943,BR-5501,State Bank of Patiala,Bhopal,Metro,2016,Pre-Merger,2017-04-01,5.44%,2.78%,54.45%,0.94%,38.60%,10.51%,109.43,142.13
2944,BR-3173,State Bank of India (Consolidated),Bengaluru,Semi-Urban,2020,Post-Merger,2017-04-01,4.95%,1.94%,45.59%,1.06%,46.48%,14.76%,132.78,184.22
2945,BR-1905,State Bank of India (Consolidated),Thiruvananthapuram,Semi-Urban,2019,Post-Merger,2017-04-01,6.90%,2.10%,47.60%,1.35%,44.86%,15.15%,818.11,"1,019.10"
2946,BR-9989,State Bank of Patiala,Thiruvananthapuram,Metro,2014,Pre-Merger,2017-04-01,11.38%,6.91%,52.99%,1.20%,36.69%,11.88%,303.39,421.51
2947,BR-6121,State Bank of India (Parent),Chandigarh,Semi-Urban,2017,Pre-Merger,2017-04-01,2.10%,1.16%,63.47%,0.53%,38.61%,13.65%,414.44,575.02
2948,BR-4673,State Bank of Mysore,Chennai,Rural,2015,Pre-Merger,2017-04-01,10.75%,7.29%,63.47%,0.59%,41.85%,11.24%,89.28,127.02
2949,BR-1781,State Bank of India (Parent),Chennai,Semi-Urban,2015,Pre-Merger,01/04/2017,11.08%,6.71%,60.92%,-0.06%,43.78%,10.03%,214.21,253.09
2950,BR-7509,State Bank of Patiala,Lucknow,Semi-Urban,2014,Pre-Merger,2017-04-01,10.89%,6.38%,57.83%,0.36%,46.38%,12.98%,"1,023.61","1,373.83"
2951,BR-6208,State Bank of Hyderabad,Thiruvananthapuram,Urban,2016,Pre-Merger,2017-04-01,7.02%,4.43%,52.32%,0.22%,36.46%,11.00%,"1,149.46","1,549.88"
2952,BR-3100,State Bank of Hyderabad,Chandigarh,Semi-Urban,2015,Pre-Merger,2017-04-01,4.71%,3.05%,49.80%,-0.17%,43.63%,13.18%,400.37,460.53
2953,BR-8784,State Bank of India (Parent),Hyderabad,Metro,2014,Pre-Merger,2017-04-01,12.28%,7.49%,52.40%,1.02%,34.09%,13.69%,"1,247.72","1,494.68"
2954,BR-7613,State Bank of India (Parent),Bhopal,Semi-Urban,2016,Pre-Merger,2017-04-01,12.84%,7.75%,55.36%,1.20%,38.26%,11.93%,411.91,496.45
2955,BR-3702,State Bank of Travancore,Thiruvananthapuram,Rural,2016,Pre-Merger,2017-04-01,2.10%,1.40%,54.19%,-0.57%,44.32%,12.39%,"1,286.25","1,587.73"
2956,BR-1512,State Bank of Travancore,Thiruvananthapuram,Urban,2017,Pre-Merger,2017-04-01,9.87%,6.50%,54.93%,0.19%,45.30%,10.88%,"1,377.25","1,789.92"
2957,BR-9330,State Bank of Bikaner and Jaipur,Delhi NCR,Metro,2016,Pre-Merger,2017-04-01,9.98%,5.43%,49.57%,0.08%,38.02%,11.88%,"1,311.04","1,628.51"
2958,BR-3386,State Bank of India (Consolidated),Bhopal,Rural,2021,Post-Merger,01/04/2017,4.87%,2.05%,46.92%,0.28%,42.63%,14.39%,870.72,"1,220.76"
2959,BR-5589,State Bank of India (Parent),Jaipur,Metro,2016,Pre-Merger,2017-04-01,9.06%,5.81%,49.30%,0.68%,42.18%,13.25%,"1,168.48","1,658.60"
2960,BR-2688,State Bank of India (Parent),Mumbai Metro,Semi-Urban,2016,Pre-Merger,2017-04-01,3.71%,1.94%,53.96%,-0.06%,39.44%,12.23%,812.13,"1,029.88"
2961,BR-2888,State Bank of India (Parent),Kolkata,Semi-Urban,2014,Pre-Merger,2017-04-01,9.61%,6.27%,55.27%,0.83%,47.29%,11.55%,665.60,886.66
2962,BR-9471,State Bank of India (Consolidated),Bengaluru,Rural,2020,Post-Merger,2017-04-01,6.40%,2.42%,52.96%,0.78%,50.98%,15.02%,956.33,"1,151.09"
2963,BR-1016,State Bank of India (Consolidated),Ahmedabad,Metro,2018,Post-Merger,01/04/2017,7.19%,2.38%,44.96%,0.77%,52.70%,14.02%,"1,235.45","1,525.14"
2964,BR-2324,State Bank of India (Consolidated),Chennai,Semi-Urban,2021,Post-Merger,01/04/2017,1.84%,0.79%,45.09%,1.22%,44.71%,12.85%,"1,175.85","1,367.68"
2965,BR-6464,State Bank of Hyderabad,Bengaluru,Urban,2017,Pre-Merger,2017-04-01,6.96%,3.96%,52.01%,0.67%,39.05%,11.24%,602.23,844.08
2966,BR-9928,State Bank of India (Parent),Chennai,Semi-Urban,2014,Pre-Merger,2017-04-01,10.03%,6.76%,53.26%,0.33%,43.62%,12.50%,661.33,926.54
2967,BR-8978,State Bank of India (Consolidated),Mumbai Metro,Urban,2021,Post-Merger,2017-04-01,5.06%,1.34%,40.49%,0.22%,42.26%,13.48%,"1,153.97","1,500.30"
2968,BR-1111,State Bank of India (Consolidated),Bhopal,Rural,2018,Post-Merger,2017-04-01,6.80%,1.72%,52.97%,1.20%,44.67%,12.69%,"1,449.35","2,051.20"
2969,BR-3259,State Bank of India (Consolidated),Ahmedabad,Semi-Urban,2019,Post-Merger,2017-04-01,6.04%,2.08%,42.63%,0.67%,49.29%,13.37%,375.13,525.14
2970,BR-8139,State Bank of India (Consolidated),Jaipur,Metro,2020,Post-Merger,01/04/2017,5.91%,2.41%,44.23%,0.46%,45.45%,14.19%,"1,397.43","1,675.34"
2971,BR-9552,State Bank of India (Parent),Bengaluru,Semi-Urban,2015,Pre-Merger,01/04/2017,4.26%,2.15%,54.61%,0.25%,44.80%,13.78%,"1,419.40","1,852.27"
2972,BR-1607,State Bank of India (Consolidated),Mumbai Metro,Rural,2019,Post-Merger,2017-04-01,7.79%,2.77%,47.60%,0.94%,45.70%,15.64%,434.79,590.60
2973,BR-3744,State Bank of India (Consolidated),Delhi NCR,Metro,2018,Post-Merger,2017-04-01,3.38%,1.00%,48.38%,1.06%,48.67%,15.06%,"1,025.74","1,474.33"
2974,BR-3296,State Bank of Hyderabad,Thiruvananthapuram,Metro,2014,Pre-Merger,01/04/2017,8.44%,5.35%,62.44%,-0.47%,44.51%,12.44%,334.74,432.80
2975,BR-6105,State Bank of India (Consolidated),Mumbai Metro,Rural,2018,Post-Merger,01/04/2017,6.97%,2.59%,47.10%,0.69%,43.82%,12.54%,571.53,810.31
2976,BR-1103,State Bank of India (Consolidated),Bhopal,Urban,2021,Post-Merger,2017-04-01,7.99%,2.78%,48.67%,0.46%,45.29%,14.08%,820.23,973.08
2977,BR-6525,State Bank of India (Consolidated),Bhopal,Metro,2019,Post-Merger,2017-04-01,4.88%,1.40%,46.33%,0.88%,40.27%,14.59%,343.13,399.72
2978,BR-3870,State Bank of India (Consolidated),Ahmedabad,Metro,2020,Post-Merger,2017-04-01,4.31%,1.86%,43.07%,0.77%,44.89%,13.60%,203.30,266.46
2979,BR-8036,State Bank of India (Consolidated),Delhi NCR,Semi-Urban,2018,Post-Merger,2017-04-01,4.09%,1.71%,48.64%,0.99%,44.91%,16.96%,"1,141.47","1,384.79"
2980,BR-2006,State Bank of India (Parent)   ,Bengaluru,Semi-Urban,2015,Pre-Merger,01/04/2017,3.50%,2.34%,53.87%,0.38%,40.99%,12.71%,736.25,"1,057.80"
2981,BR-5585,State Bank of India (Parent),Hyderabad,Rural,2016,Pre-Merger,2017-04-01,6.89%,3.47%,51.77%,0.11%,36.95%,11.76%,"1,478.23","2,001.08"
2982,BR-2907,State Bank of India (Consolidated),Mumbai Metro,Semi-Urban,2021,Post-Merger,2017-04-01,8.43%,2.78%,48.86%,0.84%,48.88%,14.10%,228.82,299.63
2983,BR-5144,State Bank of Hyderabad,Thiruvananthapuram,Urban,2015,Pre-Merger,2017-04-01,9.62%,6.09%,59.08%,0.34%,39.63%,12.28%,553.12,769.80
2984,BR-5584,State Bank of India (Consolidated),Chennai,Semi-Urban,2018,Post-Merger,2017-04-01,8.83%,2.66%,48.76%,0.93%,45.16%,12.61%,137.08,172.22
2985,BR-1974,State Bank of India (Consolidated),Mumbai Metro,Rural,2018,Post-Merger,01/04/2017,7.26%,2.51%,49.31%,1.13%,50.95%,15.56%,353.28,423.99
2986,BR-5079,State Bank of Patiala,Lucknow,Semi-Urban,2017,Pre-Merger,2017-04-01,8.67%,5.46%,42.00%,0.09%,33.57%,12.46%,"1,364.40","1,894.20"
2987,BR-7031,State Bank of India (Consolidated),Hyderabad,Urban,2018,Post-Merger,2017-04-01,6.54%,2.39%,44.14%,0.70%,46.94%,12.71%,"1,471.22","1,790.06"
2988,BR-8596,State Bank of India (Consolidated),Thiruvananthapuram,Urban,2018,Post-Merger,2017-04-01,5.44%,1.94%,43.34%,0.53%,48.48%,12.96%,798.17,"1,085.17"
2989,BR-8623,State Bank of India (Consolidated),Kolkata,Urban,2020,Post-Merger,01/04/2017,7.56%,2.10%,47.65%,0.84%,45.10%,14.23%,988.13,"1,249.96"
2990,BR-2515,State Bank of India (Consolidated)   ,Thiruvananthapuram,Urban,2021,Post-Merger,01/04/2017,5.30%,,,0.92%,48.37%,15.67%,663.45,795.81
2991,BR-1449,State Bank of India (Consolidated),Chennai,Metro,2021,Post-Merger,2017-04-01,7.33%,3.03%,52.98%,1.41%,46.61%,11.70%,"1,068.97","1,546.19"
2992,BR-2750,State Bank of India (Consolidated),Chandigarh,Urban,2018,Post-Merger,01/04/2017,4.34%,1.64%,42.67%,0.84%,47.01%,14.15%,975.88,"1,253.75"
2993,BR-7745,State Bank of India (Consolidated),Ahmedabad,Rural,2020,Post-Merger,01/04/2017,4.85%,2.18%,42.95%,0.37%,39.24%,14.04%,"1,164.02","1,518.67"
2994,BR-7745,State Bank of India (Consolidated),Lucknow,Semi-Urban,2021,Post-Merger,2017-04-01,5.52%,1.87%,48.78%,0.81%,44.02%,14.59%,"1,220.63","1,711.73"
2995,BR-5285,State Bank of Mysore,Bengaluru,Semi-Urban,2015,Pre-Merger,2017-04-01,7.97%,4.35%,56.13%,0.61%,39.42%,11.62%,"1,253.00","1,710.39"
2996,BR-9779,State Bank of Travancore,Kolkata,Metro,2016,Pre-Merger,2017-04-01,15.93%,10.51%,55.71%,-0.16%,47.05%,12.43%,507.09,584.39
2997,BR-1892,State Bank of India (Consolidated),Mumbai Metro,Semi-Urban,2018,Post-Merger,2017-04-01,8.63%,2.29%,43.78%,0.65%,35.00%,12.26%,448.90,581.40
2998,BR-9329,State Bank of Patiala,Kolkata,Rural,2014,Pre-Merger,2017-04-01,12.81%,8.02%,58.09%,-0.07%,42.24%,13.41%,"1,397.29","1,935.09"
2999,BR-7124,State Bank of India (Consolidated),Delhi NCR,Urban,2021,Post-Merger,2017-04-01,1.72%,0.73%,48.43%,0.75%,41.81%,16.92%,"1,005.68","1,309.13"
3000,BR-6226,State Bank of Patiala,Jaipur,Metro,2016,Pre-Merger,2017-04-01,14.93%,8.21%,60.73%,0.88%,45.77%,11.71%,83.56,111.01
3001,BR-6060,State Bank of Bikaner and Jaipur,Mumbai Metro,Semi-Urban,2014,Pre-Merger,2017-04-01,11.58%,7.21%,59.23%,-0.93%,37.56%,11.60%,"1,258.06","1,633.56"
3002,BR-1970,Bharatiya Mahila Bank,Bengaluru,Urban,2016,Pre-Merger,2017-04-01,14.04%,7.95%,54.06%,-0.07%,48.12%,13.74%,131.67,178.94
3003,BR-5035,State Bank of India (Parent),Chandigarh,Rural,2014,Pre-Merger,2017-04-01,9.71%,5.61%,57.78%,0.79%,41.45%,11.18%,925.60,"1,200.97"
3004,BR-8728,State Bank of Mysore,Mumbai Metro,Metro,2014,Pre-Merger,2017-04-01,8.01%,5.44%,56.08%,-1.27%,35.73%,10.85%,546.62,784.48
3005,BR-4747,State Bank of India (Consolidated),Mumbai Metro,Semi-Urban,2021,Post-Merger,2017-04-01,3.03%,1.19%,44.10%,1.60%,44.97%,14.26%,"1,289.75","1,668.26"
3006,BR-2731,State Bank of India (Consolidated),Chandigarh,Semi-Urban,2021,Post-Merger,2017-04-01,6.57%,2.49%,48.35%,1.12%,49.43%,15.99%,834.28,"1,002.46"
3007,BR-5705,State Bank of India (Consolidated),Thiruvananthapuram,Urban,2019,Post-Merger,2017-04-01,3.41%,1.03%,44.37%,0.73%,50.10%,15.20%,514.84,624.20
3008,BR-9651,State Bank of Mysore   ,Bhopal,Semi-Urban,2017,Pre-Merger,01/04/2017,14.01%,7.40%,47.17%,0.44%,47.65%,12.29%,457.69,574.11
3009,BR-2191,State Bank of India (Consolidated),Chennai,Semi-Urban,2021,Post-Merger,2017-04-01,4.36%,1.43%,50.76%,0.88%,39.89%,15.20%,"1,389.41","1,747.55"
3010,BR-9159,State Bank of India (Parent),Kolkata,Semi-Urban,2017,Pre-Merger,2017-04-01,11.81%,6.51%,56.16%,0.80%,44.22%,11.78%,929.19,"1,305.14"
3011,BR-9410,Bharatiya Mahila Bank,Kolkata,Rural,2015,Pre-Merger,2017-04-01,12.64%,6.97%,51.36%,0.26%,40.69%,12.27%,899.12,"1,254.05"
3012,BR-9705,State Bank of India (Parent),Ahmedabad,Urban,2017,Pre-Merger,2017-04-01,6.47%,3.69%,55.93%,0.47%,41.01%,12.31%,"1,247.99","1,452.65"
3013,BR-6592,State Bank of Patiala,Ahmedabad,Semi-Urban,2016,Pre-Merger,01/04/2017,14.70%,9.82%,62.23%,0.63%,45.78%,14.10%,"1,437.47","1,875.99"
3014,BR-5484,State Bank of Travancore,Ahmedabad,Urban,2016,Pre-Merger,2017-04-01,6.76%,3.49%,54.35%,0.84%,45.96%,9.60%,401.20,497.24
3015,BR-3584,State Bank of India (Consolidated),Chennai,Semi-Urban,2019,Post-Merger,2017-04-01,5.10%,2.08%,48.67%,1.07%,45.62%,13.80%,422.62,493.57
3016,BR-5741,State Bank of India (Consolidated),Ahmedabad,Semi-Urban,2020,Post-Merger,2017-04-01,5.50%,1.89%,48.50%,0.42%,44.06%,13.74%,"1,086.51","1,256.90"
3017,BR-1020,State Bank of Patiala,Delhi NCR,Urban,2017,Pre-Merger,2017-04-01,11.73%,7.09%,54.35%,0.63%,41.87%,11.36%,115.18,157.62
3018,BR-6079,State Bank of Bikaner and Jaipur,Lucknow,Metro,2017,Pre-Merger,2017-04-01,15.79%,9.96%,54.98%,0.95%,42.43%,11.33%,275.74,359.09
3019,BR-7781,State Bank of India (Consolidated),Kolkata,Urban,2018,Post-Merger,2017-04-01,4.33%,1.24%,46.77%,1.33%,51.33%,14.01%,832.91,"1,024.82"
3020,BR-3365,State Bank of India (Consolidated),Mumbai Metro,Rural,2021,Post-Merger,2017-04-01,4.81%,1.32%,45.82%,1.00%,43.62%,16.09%,982.94,"1,404.08"
3021,BR-3509,State Bank of Mysore,Bengaluru,Urban,2014,Pre-Merger,01/04/2017,10.43%,6.82%,56.52%,0.75%,41.69%,14.09%,"1,382.08","1,764.53"
3022,BR-1202,State Bank of India (Consolidated),Mumbai Metro,Metro,2018,Post-Merger,01/04/2017,6.15%,2.08%,48.04%,0.99%,48.54%,14.94%,208.78,276.52
3023,BR-2560,State Bank of Patiala   ,Jaipur,Metro,2014,Pre-Merger,01/04/2017,8.23%,4.54%,,0.32%,38.49%,12.57%,922.89,"1,259.35"
3024,BR-6238,State Bank of India (Consolidated),Chandigarh,Rural,2021,Post-Merger,2017-04-01,4.78%,1.78%,44.49%,1.03%,46.18%,13.12%,858.07,"1,143.27"
3025,BR-8517,State Bank of India (Consolidated),Ahmedabad,Rural,2019,Post-Merger,01/04/2017,10.23%,3.11%,49.70%,0.10%,49.10%,12.12%,"1,099.12","1,270.69"
3026,BR-9479,State Bank of India (Consolidated),Ahmedabad,Metro,2019,Post-Merger,01/04/2017,8.23%,2.13%,45.58%,0.36%,40.67%,13.01%,424.08,521.87
3027,BR-5934,State Bank of India (Parent)   ,Bengaluru,Metro,2016,Pre-Merger,01/04/2017,4.95%,2.57%,46.73%,-0.19%,36.87%,11.64%,"1,368.40","1,623.16"
3028,BR-7072,State Bank of India (Consolidated),Bhopal,Semi-Urban,2018,Post-Merger,2017-04-01,6.35%,2.77%,46.48%,0.93%,44.76%,15.56%,"1,009.17","1,261.80"
3029,BR-9082,State Bank of India (Consolidated),Bhopal,Urban,2018,Post-Merger,2017-04-01,2.88%,1.20%,46.82%,1.32%,42.89%,16.05%,298.90,376.62
3030,BR-5133,State Bank of India (Consolidated),Chennai,Metro,2019,Post-Merger,2017-04-01,7.03%,2.13%,51.04%,0.56%,46.57%,12.40%,364.66,450.54
3031,BR-4022,State Bank of India (Parent),Chennai,Semi-Urban,2016,Pre-Merger,2017-04-01,4.83%,3.00%,64.03%,0.94%,42.26%,12.47%,"1,487.93","2,150.38"
3032,BR-4356,State Bank of Mysore,Mumbai Metro,Urban,2014,Pre-Merger,2017-04-01,4.74%,2.79%,51.21%,0.71%,42.19%,10.37%,764.06,967.23
3033,BR-3774,State Bank of India (Consolidated),Hyderabad,Rural,2018,Post-Merger,01/04/2017,8.19%,3.22%,47.09%,0.84%,42.99%,12.26%,538.27,629.17
3034,BR-7693,State Bank of Mysore,Ahmedabad,Urban,2017,Pre-Merger,2017-04-01,14.44%,8.42%,58.02%,0.78%,37.77%,12.16%,"1,188.38","1,398.82"
3035,BR-1654,State Bank of Patiala,Chennai,Urban,2016,Pre-Merger,2017-04-01,9.48%,5.77%,52.69%,0.63%,44.01%,12.41%,645.91,836.12
3036,BR-6119,State Bank of Patiala,Hyderabad,Metro,2017,Pre-Merger,2017-04-01,8.60%,5.30%,58.96%,-0.29%,30.00%,14.50%,"1,163.47","1,640.15"
3037,BR-6613,State Bank of India (Consolidated),Ahmedabad,Urban,2019,Post-Merger,2017-04-01,6.78%,2.93%,47.48%,0.81%,49.40%,15.37%,633.20,875.95
3038,BR-5865,State Bank of India (Consolidated),Hyderabad,Semi-Urban,2020,Post-Merger,2017-04-01,3.92%,1.75%,48.73%,0.45%,45.38%,13.88%,519.04,656.38
3039,BR-7485,State Bank of India (Consolidated),Chandigarh,Semi-Urban,2019,Post-Merger,01/04/2017,5.37%,1.35%,48.14%,0.74%,38.66%,15.13%,524.26,688.14
3040,BR-8828,State Bank of India (Consolidated),Thiruvananthapuram,Urban,2020,Post-Merger,2017-04-01,8.26%,2.87%,49.87%,0.80%,50.41%,13.37%,555.24,693.80
3041,BR-4771,State Bank of India (Parent),Chennai,Urban,2015,Pre-Merger,2017-04-01,14.40%,9.32%,50.47%,0.41%,45.50%,13.52%,879.57,"1,164.19"
3042,BR-4654,State Bank of India (Consolidated),Ahmedabad,Rural,2021,Post-Merger,2017-04-01,5.74%,1.52%,41.55%,0.47%,45.10%,13.90%,484.66,607.40
3043,BR-8813,State Bank of Travancore,Thiruvananthapuram,Semi-Urban,2016,Pre-Merger,2017-04-01,7.73%,4.75%,58.42%,1.20%,43.30%,11.79%,"1,018.38","1,416.17"
3044,BR-7805,State Bank of Travancore,Bhopal,Semi-Urban,2014,Pre-Merger,2017-04-01,12.82%,7.70%,53.07%,1.01%,44.57%,14.50%,"1,423.43","1,811.21"
3045,BR-5457,State Bank of Travancore,Delhi NCR,Rural,2016,Pre-Merger,2017-04-01,6.87%,3.81%,66.28%,1.20%,47.16%,12.53%,"1,253.59","1,730.88"
3046,BR-6531,State Bank of India (Consolidated),Bengaluru,Rural,2020,Post-Merger,2017-04-01,7.03%,1.96%,53.18%,0.37%,52.37%,14.59%,585.66,709.58
3047,BR-8402,State Bank of Bikaner and Jaipur,Ahmedabad,Rural,2017,Pre-Merger,2017-04-01,8.02%,4.05%,56.13%,0.22%,41.15%,10.29%,533.57,614.23
3048,BR-9107,State Bank of India (Consolidated)   ,Bengaluru,Rural,2020,Post-Merger,01/04/2017,4.91%,,,1.21%,41.97%,14.32%,605.17,838.33
3049,BR-7094,State Bank of India (Consolidated),Bengaluru,Rural,2021,Post-Merger,2017-04-01,6.31%,1.94%,45.28%,1.33%,41.14%,14.63%,495.71,608.73
3050,BR-6522,State Bank of India (Consolidated),Kolkata,Rural,2021,Post-Merger,2017-04-01,4.62%,1.87%,48.59%,0.33%,52.92%,12.23%,269.49,346.85
3051,BR-1331,State Bank of India (Consolidated),Bengaluru,Rural,2019,Post-Merger,2017-04-01,1.50%,0.47%,51.39%,0.85%,41.05%,14.54%,781.17,915.23
3052,BR-1169,State Bank of Bikaner and Jaipur,Bengaluru,Urban,2016,Pre-Merger,2017-04-01,14.11%,9.25%,47.34%,0.54%,43.67%,11.35%,98.16,139.81
3053,BR-3532,State Bank of India (Consolidated),Bhopal,Semi-Urban,2019,Post-Merger,01/04/2017,7.75%,2.84%,38.67%,1.20%,45.89%,14.04%,"1,144.76","1,540.31"
3054,BR-8057,State Bank of India (Consolidated)   ,Chandigarh,Rural,2019,Post-Merger,01/04/2017,5.63%,2.20%,49.41%,0.53%,43.22%,12.03%,99.89,140.15
3055,BR-7862,State Bank of Travancore,Chennai,Metro,2017,Pre-Merger,01/04/2017,6.68%,3.60%,55.13%,0.36%,45.73%,10.28%,812.91,"1,089.32"
3056,BR-8235,State Bank of India (Consolidated),Jaipur,Rural,2019,Post-Merger,01/04/2017,4.17%,1.30%,42.13%,0.65%,46.82%,15.75%,592.04,731.74
3057,BR-6575,Bharatiya Mahila Bank,Chennai,Metro,2017,Pre-Merger,2017-04-01,2.54%,1.45%,56.77%,-0.29%,43.99%,10.00%,421.09,597.39
3058,BR-3843,State Bank of India (Consolidated),Delhi NCR,Metro,2019,Post-Merger,01/04/2017,7.48%,2.98%,49.58%,0.86%,47.33%,15.12%,526.69,684.00
3059,BR-6261,State Bank of India (Parent)   ,Bhopal,Metro,2015,Pre-Merger,01/04/2017,7.99%,4.08%,51.51%,1.20%,41.71%,13.66%,"1,279.57","1,560.87"
3060,BR-7442,State Bank of India (Consolidated),Thiruvananthapuram,Rural,2018,Post-Merger,2017-04-01,6.36%,2.46%,50.67%,0.85%,40.43%,12.33%,"1,188.97","1,415.31"
3061,BR-2821,State Bank of India (Consolidated),Jaipur,Semi-Urban,2020,Post-Merger,2017-04-01,5.63%,1.61%,49.64%,0.70%,47.97%,16.35%,"1,243.57","1,467.48"
3062,BR-1812,State Bank of India (Consolidated),Kolkata,Metro,2019,Post-Merger,2017-04-01,5.24%,1.99%,44.26%,0.47%,46.26%,13.95%,419.09,496.70
3063,BR-2122,State Bank of Travancore,Mumbai Metro,Metro,2015,Pre-Merger,2017-04-01,7.62%,4.82%,48.63%,0.99%,36.41%,10.72%,"1,122.36","1,299.82"
3064,BR-3103,State Bank of India (Consolidated),Hyderabad,Semi-Urban,2020,Post-Merger,2017-04-01,5.33%,1.45%,49.78%,1.49%,45.29%,13.94%,"1,181.71","1,467.76"
3065,BR-7407,State Bank of Patiala,Bhopal,Metro,2014,Pre-Merger,2017-04-01,10.61%,6.76%,55.23%,-0.73%,35.97%,12.75%,222.19,291.57
3066,BR-1819,State Bank of India (Parent),Bhopal,Rural,2016,Pre-Merger,2017-04-01,9.99%,5.28%,50.88%,1.20%,38.48%,13.40%,"1,455.45","1,695.54"
3067,BR-4207,State Bank of India (Consolidated),Hyderabad,Semi-Urban,2020,Post-Merger,01/04/2017,3.43%,1.32%,52.06%,0.90%,47.76%,15.48%,790.30,961.07
3068,BR-3514,State Bank of India (Consolidated),Lucknow,Metro,2018,Post-Merger,2017-04-01,7.36%,2.70%,49.79%,1.13%,43.50%,14.63%,"1,378.76","1,640.63"
3069,BR-1959,State Bank of India (Consolidated),Mumbai Metro,Urban,2019,Post-Merger,2017-04-01,6.92%,2.83%,45.51%,0.39%,44.12%,13.96%,"1,174.95","1,514.41"
3070,BR-2571,State Bank of India (Consolidated),Bhopal,Semi-Urban,2021,Post-Merger,2017-04-01,6.45%,2.52%,44.34%,0.59%,44.79%,14.43%,246.18,310.00
3071,BR-3828,State Bank of Hyderabad,Lucknow,Rural,2016,Pre-Merger,2017-04-01,6.13%,3.25%,53.86%,-1.41%,36.04%,13.48%,564.62,767.18
3072,BR-4103,State Bank of India (Consolidated),Delhi NCR,Metro,2020,Post-Merger,2017-04-01,12.16%,3.12%,46.89%,1.15%,40.54%,12.60%,925.10,"1,211.12"
3073,BR-2569,State Bank of India (Consolidated),Ahmedabad,Semi-Urban,2019,Post-Merger,2017-04-01,4.04%,1.53%,41.57%,0.82%,47.58%,11.72%,435.00,578.76
3074,BR-9180,State Bank of Hyderabad,Chandigarh,Urban,2015,Pre-Merger,2017-04-01,2.10%,1.07%,52.44%,-0.18%,45.55%,12.07%,345.93,433.88
3075,BR-7265,State Bank of India (Parent),Thiruvananthapuram,Metro,2014,Pre-Merger,2017-04-01,11.91%,7.89%,58.12%,-0.32%,39.24%,12.75%,"1,091.74","1,581.96"
3076,BR-6054,State Bank of India (Consolidated),Delhi NCR,Urban,2020,Post-Merger,2017-04-01,8.69%,3.67%,50.25%,0.52%,40.74%,15.98%,305.35,380.61
3077,BR-1645,State Bank of India (Parent),Mumbai Metro,Rural,2016,Pre-Merger,2017-04-01,10.58%,5.68%,57.72%,0.28%,39.92%,11.74%,"1,367.82","1,690.81"
3078,BR-7621,State Bank of Travancore,Jaipur,Rural,2017,Pre-Merger,2017-04-01,9.76%,6.48%,54.35%,0.37%,42.67%,13.19%,"1,046.77","1,450.78"
3079,BR-9950,State Bank of Hyderabad   ,Bengaluru,Semi-Urban,2017,Pre-Merger,01/04/2017,7.95%,,,0.29%,41.79%,13.88%,415.55,569.27
3080,BR-9128,State Bank of India (Consolidated),Ahmedabad,Rural,2019,Post-Merger,01/04/2017,4.00%,1.23%,44.12%,0.47%,39.26%,12.82%,"1,180.05","1,537.59"
3081,BR-5806,State Bank of India (Consolidated),Bhopal,Metro,2019,Post-Merger,2017-04-01,5.17%,1.52%,42.50%,0.64%,43.61%,15.19%,"1,406.22","1,677.90"
3082,BR-2666,State Bank of India (Parent),Bengaluru,Semi-Urban,2017,Pre-Merger,2017-04-01,11.09%,6.17%,56.19%,1.20%,44.39%,13.61%,726.89,919.38
3083,BR-2261,State Bank of Bikaner and Jaipur,Lucknow,Semi-Urban,2014,Pre-Merger,2017-04-01,12.23%,7.25%,59.76%,-0.06%,43.62%,11.33%,242.53,281.50
3084,BR-3450,State Bank of Patiala,Kolkata,Semi-Urban,2016,Pre-Merger,2017-04-01,10.83%,6.63%,53.35%,1.20%,42.25%,11.37%,433.04,556.48
3085,BR-3417,State Bank of India (Consolidated)   ,Bengaluru,Metro,2019,Post-Merger,01/04/2017,4.38%,1.53%,43.64%,1.48%,45.52%,14.77%,928.24,"1,068.61"
3086,BR-4274,State Bank of Patiala,Bhopal,Semi-Urban,2014,Pre-Merger,2017-04-01,9.17%,5.61%,44.59%,0.75%,38.88%,10.98%,818.39,991.33
3087,BR-8447,State Bank of Bikaner and Jaipur,Chandigarh,Rural,2016,Pre-Merger,01/04/2017,10.21%,6.51%,49.32%,0.70%,39.24%,11.04%,740.76,"1,046.56"
3088,BR-5265,State Bank of India (Consolidated),Chandigarh,Metro,2018,Post-Merger,2017-04-01,4.83%,1.85%,49.76%,0.21%,45.47%,15.30%,918.01,"1,202.08"
3089,BR-8008,State Bank of Patiala,Chandigarh,Metro,2014,Pre-Merger,2017-04-01,9.12%,6.13%,52.40%,1.20%,48.64%,13.07%,"1,150.73","1,587.27"
3090,BR-8764,State Bank of India (Parent),Ahmedabad,Rural,2014,Pre-Merger,2017-04-01,9.52%,4.91%,58.88%,0.07%,47.25%,13.27%,795.40,"1,134.81"
3091,BR-5238,State Bank of Patiala,Bengaluru,Metro,2016,Pre-Merger,2017-04-01,4.25%,2.40%,46.08%,0.60%,46.77%,12.26%,450.77,552.51
3092,BR-9841,State Bank of India (Consolidated),Chandigarh,Metro,2018,Post-Merger,2017-04-01,3.59%,1.50%,47.90%,0.50%,39.52%,16.25%,"1,258.28","1,802.95"
3093,BR-3022,State Bank of India (Parent),Ahmedabad,Metro,2014,Pre-Merger,2017-04-01,2.19%,1.33%,52.70%,1.20%,42.90%,10.48%,188.37,228.93
3094,BR-9447,State Bank of India (Consolidated),Bengaluru,Semi-Urban,2020,Post-Merger,2017-04-01,6.09%,1.54%,42.07%,0.31%,46.71%,14.33%,608.26,825.07
3095,BR-2416,State Bank of Travancore,Hyderabad,Urban,2014,Pre-Merger,01/04/2017,5.05%,2.91%,59.59%,0.76%,40.77%,13.12%,"1,346.31","1,585.42"
3096,BR-1266,State Bank of India (Consolidated),Bengaluru,Semi-Urban,2021,Post-Merger,2017-04-01,6.71%,2.74%,50.00%,0.89%,39.64%,12.52%,125.00,161.10
3097,BR-1852,State Bank of India (Parent),Delhi NCR,Rural,2016,Pre-Merger,2017-04-01,9.87%,5.43%,53.02%,0.33%,40.12%,11.28%,424.61,497.00
3098,BR-3466,State Bank of India (Consolidated),Thiruvananthapuram,Rural,2020,Post-Merger,2017-04-01,1.89%,0.83%,46.98%,0.86%,44.97%,15.28%,679.51,783.72
3099,BR-8574,State Bank of India (Parent),Hyderabad,Rural,2016,Pre-Merger,2017-04-01,9.28%,5.81%,50.93%,0.30%,36.69%,11.41%,"1,369.41","1,876.71"
3100,BR-8566,State Bank of India (Parent),Bengaluru,Rural,2014,Pre-Merger,2017-04-01,6.32%,4.26%,54.21%,0.02%,40.94%,12.65%,202.80,280.23
3101,BR-1676,State Bank of India (Consolidated),Hyderabad,Metro,2020,Post-Merger,01/04/2017,7.22%,3.14%,43.03%,1.05%,44.21%,12.19%,802.56,"1,029.43"
3102,BR-3651,State Bank of India (Consolidated),Lucknow,Metro,2021,Post-Merger,01/04/2017,4.24%,1.54%,40.00%,0.79%,46.93%,13.77%,149.37,201.19
3103,BR-6815,State Bank of India (Consolidated),Lucknow,Rural,2018,Post-Merger,2017-04-01,4.29%,1.85%,53.73%,0.10%,47.21%,12.37%,467.49,666.54
3104,BR-6411,State Bank of India (Consolidated),Bhopal,Urban,2021,Post-Merger,2017-04-01,6.78%,1.97%,49.14%,0.10%,47.40%,15.05%,221.36,279.44
3105,BR-3191,State Bank of India (Consolidated),Delhi NCR,Urban,2020,Post-Merger,2017-04-01,8.34%,3.13%,45.87%,0.10%,49.40%,12.05%,786.80,"1,052.30"
3106,BR-5035,State Bank of India (Consolidated),Hyderabad,Urban,2021,Post-Merger,01/04/2017,6.49%,2.78%,47.44%,0.80%,44.08%,14.98%,685.09,851.92
3107,BR-7154,State Bank of India (Consolidated),Jaipur,Urban,2018,Post-Merger,2017-04-01,5.32%,1.81%,45.74%,0.94%,46.30%,14.14%,523.26,746.29
3108,BR-4638,State Bank of Patiala,Hyderabad,Metro,2016,Pre-Merger,01/04/2017,12.30%,7.77%,48.44%,0.70%,44.58%,11.16%,"1,219.72","1,445.17"
3109,BR-9187,State Bank of Hyderabad,Ahmedabad,Metro,2016,Pre-Merger,2017-04-01,14.04%,9.05%,56.98%,0.55%,33.95%,11.68%,308.08,360.77
3110,BR-2882,State Bank of Travancore,Bengaluru,Rural,2015,Pre-Merger,2017-04-01,12.42%,7.06%,53.54%,-0.21%,39.30%,12.29%,885.76,"1,100.31"
3111,BR-8655,State Bank of Mysore,Mumbai Metro,Urban,2014,Pre-Merger,2017-04-01,9.65%,5.79%,52.57%,0.42%,39.63%,13.57%,855.69,"1,143.96"
3112,BR-1466,State Bank of India (Consolidated),Mumbai Metro,Urban,2019,Post-Merger,01/04/2017,6.99%,2.38%,49.69%,0.79%,45.72%,14.90%,516.34,642.60
3113,BR-9560,State Bank of India (Consolidated),Chennai,Metro,2020,Post-Merger,2017-04-01,9.18%,3.55%,52.97%,0.12%,49.75%,14.20%,870.85,"1,083.73"
3114,BR-3472,State Bank of India (Consolidated),Delhi NCR,Rural,2020,Post-Merger,2017-04-01,1.99%,0.81%,46.32%,0.10%,39.39%,13.44%,829.46,967.18
3115,BR-7846,State Bank of India (Consolidated),Kolkata,Metro,2019,Post-Merger,2017-04-01,4.08%,1.83%,44.45%,0.52%,48.33%,14.32%,510.28,620.70
3116,BR-8287,State Bank of Travancore   ,Bengaluru,Semi-Urban,2016,Pre-Merger,01/04/2017,8.49%,5.28%,51.76%,0.16%,47.05%,12.32%,865.95,996.75
3117,BR-6530,State Bank of India (Consolidated)   ,Chennai,Semi-Urban,2018,Post-Merger,01/04/2017,4.65%,1.74%,43.93%,0.94%,42.97%,11.87%,"1,226.27","1,596.38"
3118,BR-2051,State Bank of India (Parent),Chandigarh,Urban,2014,Pre-Merger,01/04/2017,6.66%,4.25%,55.44%,-1.40%,35.48%,13.10%,928.29,"1,260.54"
3119,BR-2450,State Bank of India (Parent),Kolkata,Rural,2014,Pre-Merger,2017-04-01,12.58%,6.38%,55.74%,0.82%,45.25%,11.46%,951.77,"1,190.74"
3120,BR-5370,State Bank of India (Consolidated),Jaipur,Semi-Urban,2020,Post-Merger,2017-04-01,8.22%,2.54%,50.69%,0.37%,45.11%,14.33%,"1,373.05","1,822.64"
3121,BR-4592,State Bank of India (Consolidated),Ahmedabad,Rural,2020,Post-Merger,2017-04-01,9.72%,2.68%,48.67%,1.29%,51.31%,13.75%,"1,152.29","1,330.93"
3122,BR-7458,State Bank of Bikaner and Jaipur,Kolkata,Semi-Urban,2015,Pre-Merger,2017-04-01,6.35%,3.89%,55.53%,0.49%,40.59%,9.95%,986.04,"1,155.21"
3123,BR-7559,Bharatiya Mahila Bank,Hyderabad,Rural,2015,Pre-Merger,2017-04-01,4.94%,2.49%,56.72%,1.20%,38.50%,11.90%,741.79,873.33
3124,BR-3230,State Bank of Mysore,Hyderabad,Urban,2016,Pre-Merger,01/04/2017,11.58%,6.68%,62.49%,0.75%,42.76%,11.51%,"1,236.72","1,747.93"
3125,BR-7072,State Bank of India (Consolidated),Jaipur,Metro,2021,Post-Merger,2017-04-01,6.28%,2.77%,44.14%,0.30%,43.08%,15.48%,591.38,793.87
3126,BR-2197,State Bank of Travancore,Mumbai Metro,Urban,2015,Pre-Merger,2017-04-01,14.89%,9.68%,57.36%,0.30%,33.47%,11.19%,716.44,998.86
3127,BR-7524,State Bank of India (Consolidated),Bengaluru,Semi-Urban,2021,Post-Merger,2017-04-01,5.45%,1.77%,52.78%,0.10%,40.60%,14.19%,777.87,"1,088.88"
3128,BR-6670,State Bank of India (Consolidated),Delhi NCR,Metro,2018,Post-Merger,01/04/2017,5.99%,2.47%,46.01%,1.00%,52.32%,13.78%,"1,208.54","1,599.32"
3129,BR-8210,State Bank of India (Consolidated),Thiruvananthapuram,Semi-Urban,2018,Post-Merger,01/04/2017,5.24%,1.94%,43.64%,0.84%,40.74%,11.75%,"1,263.63","1,644.59"
3130,BR-1792,Bharatiya Mahila Bank,Mumbai Metro,Metro,2016,Pre-Merger,01/04/2017,8.22%,4.49%,54.43%,-0.42%,30.80%,11.62%,831.69,"1,014.38"
3131,BR-8066,State Bank of India (Consolidated),Hyderabad,Semi-Urban,2019,Post-Merger,01/04/2017,7.01%,1.79%,47.10%,0.71%,44.38%,13.29%,722.26,844.23
3132,BR-7026,State Bank of India (Consolidated),Kolkata,Semi-Urban,2020,Post-Merger,2017-04-01,4.40%,1.79%,47.60%,0.66%,51.26%,11.93%,719.59,961.45
3133,BR-3699,State Bank of India (Consolidated),Thiruvananthapuram,Urban,2021,Post-Merger,2017-04-01,5.23%,1.67%,47.70%,0.88%,55.16%,13.98%,661.87,871.95
3134,BR-8892,State Bank of India (Consolidated),Mumbai Metro,Urban,2018,Post-Merger,2017-04-01,4.68%,1.47%,38.81%,0.87%,41.10%,13.09%,847.42,"1,087.44"
3135,BR-2915,State Bank of India (Parent),Thiruvananthapuram,Metro,2017,Pre-Merger,2017-04-01,8.41%,4.95%,45.94%,-0.32%,41.25%,11.47%,125.01,169.13
3136,BR-8374,State Bank of India (Consolidated),Chandigarh,Urban,2021,Post-Merger,2017-04-01,8.17%,3.49%,48.04%,0.86%,44.36%,13.22%,"1,258.91","1,542.91"
3137,BR-5931,State Bank of India (Consolidated),Thiruvananthapuram,Metro,2020,Post-Merger,2017-04-01,6.04%,2.70%,50.42%,0.58%,51.51%,15.37%,"1,439.77","1,895.84"
3138,BR-6325,State Bank of India (Consolidated),Jaipur,Urban,2019,Post-Merger,2017-04-01,5.98%,1.85%,51.73%,0.68%,53.17%,13.58%,207.95,286.69
3139,BR-2654,State Bank of Travancore,Chennai,Semi-Urban,2016,Pre-Merger,2017-04-01,11.10%,5.87%,44.35%,0.60%,47.57%,12.90%,"1,344.72","1,812.49"
3140,BR-9577,State Bank of India (Parent),Bhopal,Metro,2017,Pre-Merger,2017-04-01,9.53%,6.47%,52.21%,-0.06%,39.13%,11.13%,490.78,652.90
3141,BR-7079,State Bank of India (Parent),Mumbai Metro,Urban,2016,Pre-Merger,2017-04-01,10.79%,7.24%,53.86%,0.41%,40.88%,11.90%,662.48,925.70
3142,BR-2762,State Bank of India (Parent),Kolkata,Metro,2015,Pre-Merger,2017-04-01,11.18%,7.58%,58.57%,-0.07%,36.49%,10.96%,227.49,299.82
3143,BR-3475,State Bank of India (Consolidated),Bhopal,Urban,2021,Post-Merger,01/04/2017,5.06%,1.27%,45.78%,0.30%,46.10%,14.14%,"1,028.39","1,485.48"
3144,BR-2452,State Bank of Travancore   ,Mumbai Metro,Metro,2017,Pre-Merger,01/04/2017,17.17%,,,0.24%,50.57%,13.43%,947.06,"1,183.51"
3145,BR-2005,State Bank of India (Consolidated),Lucknow,Metro,2018,Post-Merger,2017-04-01,4.19%,1.88%,43.06%,0.77%,40.29%,14.12%,647.13,807.22
3146,BR-9008,State Bank of Patiala,Hyderabad,Rural,2015,Pre-Merger,2017-04-01,6.00%,3.88%,63.24%,0.35%,43.06%,13.17%,"1,381.18","1,608.09"
3147,BR-1720,State Bank of India (Parent),Delhi NCR,Urban,2014,Pre-Merger,2017-04-01,7.91%,5.27%,54.02%,0.45%,37.71%,11.96%,"1,216.18","1,691.88"
3148,BR-3716,State Bank of Bikaner and Jaipur,Kolkata,Metro,2014,Pre-Merger,2017-04-01,13.08%,7.55%,48.69%,-0.44%,43.67%,12.15%,"1,409.15","1,850.99"
3149,BR-1944,State Bank of India (Consolidated)   ,Kolkata,Metro,2019,Post-Merger,01/04/2017,7.21%,,,0.93%,43.40%,11.72%,585.46,699.76
3150,BR-6498,State Bank of India (Parent),Ahmedabad,Metro,2017,Pre-Merger,2017-04-01,13.59%,7.96%,58.86%,-0.11%,42.62%,12.75%,291.65,364.80
3151,BR-1215,State Bank of India (Consolidated),Bhopal,Semi-Urban,2019,Post-Merger,01/04/2017,6.07%,2.09%,46.71%,0.77%,50.21%,15.95%,169.32,213.34
3152,BR-9940,State Bank of India (Parent),Ahmedabad,Rural,2017,Pre-Merger,2017-04-01,8.67%,4.80%,56.94%,0.05%,35.05%,9.90%,859.42,"1,141.92"
3153,BR-1331,State Bank of India (Consolidated),Chandigarh,Urban,2021,Post-Merger,2017-04-01,3.94%,1.10%,49.35%,0.97%,42.38%,12.75%,453.96,645.61
3154,BR-8807,State Bank of Travancore,Chandigarh,Semi-Urban,2014,Pre-Merger,2017-04-01,17.07%,10.83%,59.93%,-0.07%,35.07%,11.27%,389.43,477.24
3155,BR-1998,State Bank of India (Consolidated),Kolkata,Semi-Urban,2019,Post-Merger,2017-04-01,5.62%,2.24%,42.45%,1.01%,41.86%,11.50%,995.90,"1,285.02"
3156,BR-5198,State Bank of India (Parent),Hyderabad,Rural,2017,Pre-Merger,2017-04-01,6.67%,4.52%,49.70%,1.06%,39.68%,11.02%,393.20,510.47
3157,BR-8154,State Bank of Travancore,Delhi NCR,Metro,2017,Pre-Merger,2017-04-01,6.82%,4.20%,50.17%,-0.38%,40.05%,11.89%,358.67,412.74
3158,BR-7643,State Bank of India (Consolidated),Chennai,Urban,2018,Post-Merger,2017-04-01,5.99%,1.98%,46.96%,1.10%,51.91%,12.81%,613.63,804.45
3159,BR-2227,State Bank of India (Consolidated),Bhopal,Rural,2019,Post-Merger,01/04/2017,9.10%,3.84%,44.10%,0.29%,42.94%,14.55%,438.23,587.35
3160,BR-3408,Bharatiya Mahila Bank   ,Chandigarh,Metro,2017,Pre-Merger,01/04/2017,6.13%,3.93%,56.70%,0.02%,37.71%,13.04%,542.00,738.77
3161,BR-3745,State Bank of Travancore,Jaipur,Semi-Urban,2017,Pre-Merger,2017-04-01,9.48%,5.78%,50.99%,0.95%,47.08%,12.32%,589.30,694.79
3162,BR-3006,State Bank of India (Consolidated),Ahmedabad,Urban,2020,Post-Merger,2017-04-01,4.44%,1.70%,45.91%,0.10%,48.18%,13.08%,"1,057.84","1,253.89"
3163,BR-3593,State Bank of India (Parent),Bengaluru,Metro,2014,Pre-Merger,2017-04-01,7.88%,3.95%,58.33%,-0.06%,40.21%,11.79%,775.69,953.62
3164,BR-6932,Bharatiya Mahila Bank,Mumbai Metro,Rural,2017,Pre-Merger,2017-04-01,13.78%,7.95%,55.42%,0.17%,48.32%,12.63%,"1,162.38","1,576.88"
3165,BR-4488,State Bank of India (Consolidated),Thiruvananthapuram,Metro,2021,Post-Merger,2017-04-01,6.20%,1.81%,46.28%,0.46%,45.76%,14.77%,"1,106.24","1,343.37"
3166,BR-4169,State Bank of Bikaner and Jaipur,Thiruvananthapuram,Semi-Urban,2014,Pre-Merger,2017-04-01,10.28%,6.53%,51.98%,0.85%,44.33%,12.79%,612.22,831.80
3167,BR-7294,State Bank of India (Consolidated),Mumbai Metro,Urban,2018,Post-Merger,2017-04-01,5.41%,1.97%,51.89%,1.46%,43.21%,14.39%,"1,425.00","1,994.62"
3168,BR-6110,State Bank of India (Parent),Thiruvananthapuram,Rural,2014,Pre-Merger,2017-04-01,9.94%,6.39%,51.74%,1.20%,40.28%,13.46%,"1,426.06","1,645.63"
3169,BR-4001,State Bank of India (Consolidated),Delhi NCR,Metro,2019,Post-Merger,2017-04-01,7.85%,2.72%,48.22%,1.60%,49.27%,13.69%,"1,497.24","2,034.30"
3170,BR-2488,State Bank of India (Parent),Bengaluru,Semi-Urban,2016,Pre-Merger,2017-04-01,14.47%,7.44%,51.47%,0.47%,41.73%,11.49%,919.78,"1,069.19"
3171,BR-5483,State Bank of Mysore,Lucknow,Urban,2016,Pre-Merger,2017-04-01,8.12%,5.22%,46.87%,1.20%,31.22%,13.40%,"1,272.71","1,582.56"
3172,BR-1810,State Bank of India (Consolidated),Lucknow,Urban,2021,Post-Merger,2017-04-01,6.06%,2.12%,43.49%,1.21%,45.47%,14.11%,"1,213.34","1,472.74"
3173,BR-7609,State Bank of Hyderabad,Bengaluru,Urban,2014,Pre-Merger,2017-04-01,13.33%,7.66%,53.19%,1.20%,35.84%,11.45%,"1,052.27","1,240.87"
3174,BR-3112,State Bank of India (Consolidated),Thiruvananthapuram,Rural,2021,Post-Merger,01/04/2017,7.56%,2.86%,45.27%,0.87%,38.79%,12.50%,129.72,153.81
3175,BR-9701,State Bank of India (Consolidated),Hyderabad,Metro,2021,Post-Merger,2017-04-01,2.48%,0.75%,49.46%,1.11%,45.55%,15.63%,932.97,"1,268.20"
3176,BR-5936,State Bank of India (Consolidated),Hyderabad,Urban,2020,Post-Merger,2017-04-01,6.89%,2.48%,39.70%,0.87%,42.06%,15.32%,632.66,902.16
3177,BR-8618,State Bank of India (Consolidated),Lucknow,Metro,2019,Post-Merger,2017-04-01,6.57%,2.31%,41.01%,0.62%,44.44%,13.91%,471.39,683.13
3178,BR-8915,State Bank of India (Parent),Hyderabad,Semi-Urban,2016,Pre-Merger,2017-04-01,9.44%,5.01%,61.26%,0.39%,37.42%,13.13%,453.65,621.31
3179,BR-6503,State Bank of India (Consolidated),Thiruvananthapuram,Semi-Urban,2018,Post-Merger,2017-04-01,5.68%,2.56%,42.41%,0.45%,38.85%,13.14%,"1,179.32","1,445.76"
3180,BR-6576,State Bank of Travancore,Bengaluru,Urban,2014,Pre-Merger,2017-04-01,9.39%,5.11%,59.30%,0.71%,32.88%,12.75%,"1,468.62","1,811.59"
3181,BR-1603,State Bank of India (Parent),Chennai,Metro,2017,Pre-Merger,2017-04-01,6.04%,4.09%,57.05%,0.11%,44.64%,10.93%,248.37,350.11
3182,BR-1560,State Bank of India (Parent),Kolkata,Rural,2017,Pre-Merger,2017-04-01,9.70%,4.94%,49.64%,1.20%,38.06%,12.92%,700.27,843.28
3183,BR-6801,State Bank of India (Consolidated),Bengaluru,Semi-Urban,2019,Post-Merger,01/04/2017,4.48%,1.32%,50.84%,0.84%,45.44%,12.52%,"1,420.97","1,798.63"
3184,BR-5261,State Bank of Patiala,Ahmedabad,Semi-Urban,2014,Pre-Merger,2017-04-01,8.58%,5.58%,50.13%,1.20%,44.82%,12.72%,577.91,716.00
3185,BR-4743,State Bank of India (Consolidated),Chandigarh,Rural,2021,Post-Merger,2017-04-01,6.00%,1.97%,53.99%,1.06%,51.03%,16.85%,"1,010.59","1,455.87"
3186,BR-6580,State Bank of India (Consolidated),Chennai,Semi-Urban,2021,Post-Merger,01/04/2017,8.00%,3.39%,42.13%,1.45%,50.01%,14.16%,"1,399.34","1,915.57"
3187,BR-8764,State Bank of Travancore,Jaipur,Rural,2015,Pre-Merger,2017-04-01,11.95%,6.12%,59.20%,0.99%,50.59%,12.36%,497.44,596.16
3188,BR-1073,State Bank of India (Consolidated),Chennai,Semi-Urban,2019,Post-Merger,2017-04-01,6.53%,1.77%,46.61%,0.58%,50.43%,12.75%,977.72,"1,408.58"
3189,BR-5681,State Bank of India (Consolidated),Bhopal,Semi-Urban,2020,Post-Merger,2017-04-01,8.56%,3.57%,47.37%,1.11%,46.55%,13.36%,"1,020.96","1,408.25"
3190,BR-1200,State Bank of Bikaner and Jaipur,Hyderabad,Semi-Urban,2017,Pre-Merger,01/04/2017,9.37%,6.24%,52.27%,0.80%,41.10%,12.27%,646.74,798.27
3191,BR-4892,State Bank of India (Consolidated),Lucknow,Urban,2018,Post-Merger,2017-04-01,7.16%,2.91%,49.11%,1.00%,43.32%,12.34%,419.69,565.56
3192,BR-9517,State Bank of India (Consolidated),Jaipur,Urban,2018,Post-Merger,2017-04-01,4.24%,1.10%,48.79%,1.04%,42.22%,13.35%,"1,429.25","1,881.14"
3193,BR-6694,State Bank of Hyderabad,Mumbai Metro,Metro,2017,Pre-Merger,2017-04-01,15.00%,9.75%,54.87%,-0.16%,40.12%,12.49%,"1,471.30","2,043.50"
3194,BR-7823,State Bank of India (Consolidated),Chandigarh,Urban,2018,Post-Merger,2017-04-01,8.60%,3.75%,44.90%,0.94%,46.23%,13.30%,94.13,130.89
3195,BR-1631,State Bank of India (Consolidated)   ,Jaipur,Rural,2021,Post-Merger,01/04/2017,5.15%,1.47%,46.22%,0.94%,48.20%,14.86%,"1,086.24","1,574.31"
3196,BR-5425,State Bank of Travancore,Kolkata,Metro,2016,Pre-Merger,2017-04-01,6.96%,3.60%,55.92%,0.17%,38.76%,13.21%,927.45,"1,173.05"
3197,BR-8302,State Bank of Patiala,Mumbai Metro,Urban,2016,Pre-Merger,2017-04-01,10.67%,5.58%,47.70%,0.61%,44.19%,12.93%,197.72,273.18
3198,BR-9762,State Bank of India (Consolidated),Mumbai Metro,Semi-Urban,2020,Post-Merger,2017-04-01,4.18%,1.84%,44.85%,0.32%,45.10%,13.07%,"1,221.99","1,441.49"
3199,BR-8246,State Bank of India (Consolidated)   ,Jaipur,Rural,2018,Post-Merger,01/04/2017,6.46%,2.27%,51.67%,1.07%,41.09%,14.65%,"1,454.81","2,068.10"
3200,BR-6516,State Bank of Patiala,Delhi NCR,Semi-Urban,2016,Pre-Merger,2017-04-01,9.63%,6.45%,55.26%,0.01%,44.67%,11.34%,215.92,265.07
3201,BR-5043,State Bank of Hyderabad,Kolkata,Metro,2016,Pre-Merger,01/04/2017,9.65%,5.79%,51.95%,1.07%,40.90%,12.98%,652.92,886.90
3202,BR-2693,State Bank of India (Consolidated),Lucknow,Urban,2018,Post-Merger,01/04/2017,5.24%,1.32%,47.34%,1.11%,42.63%,14.25%,598.61,716.46
3203,BR-6701,State Bank of Bikaner and Jaipur,Ahmedabad,Metro,2015,Pre-Merger,2017-04-01,7.49%,4.89%,49.30%,0.57%,36.99%,11.00%,780.84,"1,052.70"
3204,BR-5935,State Bank of Mysore,Mumbai Metro,Semi-Urban,2016,Pre-Merger,2017-04-01,17.10%,9.81%,57.98%,0.61%,35.03%,12.94%,"1,316.70","1,865.88"
3205,BR-8800,State Bank of India (Consolidated),Jaipur,Urban,2018,Post-Merger,2017-04-01,7.56%,3.21%,49.63%,1.03%,45.58%,12.87%,949.69,"1,177.18"
3206,BR-4243,State Bank of India (Consolidated),Jaipur,Semi-Urban,2019,Post-Merger,01/04/2017,6.62%,2.81%,45.23%,0.10%,45.31%,14.56%,"1,216.80","1,717.35"
3207,BR-1216,State Bank of India (Parent),Bengaluru,Semi-Urban,2015,Pre-Merger,2017-04-01,6.71%,3.81%,50.27%,0.26%,38.03%,13.85%,438.68,545.23
3208,BR-8180,State Bank of Patiala,Kolkata,Semi-Urban,2014,Pre-Merger,01/04/2017,9.05%,5.56%,56.60%,0.49%,42.71%,13.53%,"1,015.36","1,212.52"
3209,BR-5659,State Bank of India (Parent),Kolkata,Semi-Urban,2017,Pre-Merger,2017-04-01,11.00%,6.22%,55.49%,1.20%,44.23%,11.71%,889.37,"1,220.31"
3210,BR-6306,State Bank of Patiala,Chennai,Semi-Urban,2015,Pre-Merger,2017-04-01,11.36%,6.15%,57.97%,-0.20%,37.98%,12.82%,663.88,927.93
3211,BR-9779,State Bank of India (Consolidated),Chandigarh,Metro,2020,Post-Merger,01/04/2017,5.89%,2.40%,48.43%,0.64%,49.81%,16.55%,392.71,465.48
3212,BR-2348,State Bank of India (Consolidated),Kolkata,Rural,2019,Post-Merger,01/04/2017,9.92%,2.85%,49.86%,0.92%,39.16%,15.98%,"1,495.23","1,729.03"
3213,BR-5755,State Bank of India (Parent),Lucknow,Urban,2017,Pre-Merger,2017-04-01,9.93%,5.66%,46.84%,0.49%,49.98%,12.73%,750.52,897.60
3214,BR-8273,State Bank of India (Consolidated),Chennai,Metro,2018,Post-Merger,2017-04-01,4.96%,1.74%,45.74%,0.12%,48.56%,14.48%,869.33,"1,071.90"
3215,BR-8020,State Bank of India (Consolidated),Chennai,Semi-Urban,2019,Post-Merger,2017-04-01,4.80%,2.14%,48.88%,0.98%,44.66%,15.52%,"1,379.83","1,799.28"
3216,BR-4305,State Bank of Mysore,Jaipur,Metro,2015,Pre-Merger,2017-04-01,14.39%,8.18%,60.38%,-0.42%,41.80%,11.95%,605.88,811.34
3217,BR-9283,State Bank of Mysore,Thiruvananthapuram,Semi-Urban,2014,Pre-Merger,2017-04-01,9.89%,5.36%,59.34%,0.26%,42.85%,12.23%,"1,377.42","1,635.45"
3218,BR-4128,State Bank of India (Consolidated),Delhi NCR,Metro,2020,Post-Merger,2017-04-01,5.44%,1.43%,47.11%,0.93%,48.96%,13.19%,336.30,411.29
3219,BR-5724,State Bank of India (Consolidated),Chandigarh,Metro,2020,Post-Merger,2017-04-01,7.03%,2.03%,51.19%,1.60%,43.85%,12.63%,710.27,859.46
3220,BR-5473,State Bank of India (Consolidated),Jaipur,Urban,2018,Post-Merger,2017-04-01,6.01%,1.92%,44.48%,0.41%,56.00%,11.66%,"1,199.14","1,629.17"
3221,BR-7234,State Bank of India (Consolidated),Delhi NCR,Metro,2021,Post-Merger,2017-04-01,7.24%,2.33%,43.98%,0.83%,47.47%,13.80%,461.72,576.03
3222,BR-7902,State Bank of India (Consolidated),Jaipur,Metro,2020,Post-Merger,01/04/2017,6.28%,2.05%,39.81%,0.61%,51.95%,14.68%,654.46,896.25
3223,BR-4187,State Bank of India (Parent),Ahmedabad,Semi-Urban,2017,Pre-Merger,2017-04-01,9.57%,4.92%,54.70%,0.76%,42.04%,11.09%,957.15,"1,323.63"
3224,BR-2658,State Bank of India (Parent),Thiruvananthapuram,Urban,2017,Pre-Merger,2017-04-01,6.84%,4.40%,54.44%,0.71%,41.93%,10.93%,453.80,585.08
3225,BR-4470,State Bank of India (Parent)   ,Chandigarh,Metro,2014,Pre-Merger,01/04/2017,9.91%,,,1.20%,44.06%,12.21%,"1,104.21","1,310.21"
3226,BR-4538,State Bank of India (Consolidated)   ,Lucknow,Metro,2021,Post-Merger,01/04/2017,4.96%,2.21%,44.63%,0.85%,50.89%,14.77%,"1,405.00","1,634.91"
3227,BR-8801,State Bank of India (Consolidated),Lucknow,Semi-Urban,2020,Post-Merger,01/04/2017,5.92%,2.52%,55.47%,0.30%,45.80%,13.91%,966.58,"1,169.31"
3228,BR-6674,State Bank of Patiala,Chandigarh,Rural,2016,Pre-Merger,2017-04-01,11.56%,6.99%,59.24%,0.12%,43.92%,13.10%,"1,003.35","1,410.80"
3229,BR-7190,State Bank of India (Consolidated),Mumbai Metro,Rural,2021,Post-Merger,2017-04-01,5.81%,1.53%,48.35%,0.38%,41.61%,14.17%,938.50,"1,284.47"
3230,BR-9047,State Bank of Patiala,Kolkata,Metro,2016,Pre-Merger,01/04/2017,6.76%,4.53%,49.91%,-0.58%,42.02%,11.99%,299.84,413.11
3231,BR-8121,State Bank of India (Consolidated),Delhi NCR,Urban,2018,Post-Merger,2017-04-01,5.31%,1.80%,49.93%,0.84%,44.45%,14.37%,611.43,765.17
3232,BR-1361,State Bank of Hyderabad,Mumbai Metro,Semi-Urban,2017,Pre-Merger,2017-04-01,7.53%,4.44%,52.42%,0.30%,41.87%,12.50%,978.90,"1,293.78"
3233,BR-8546,State Bank of India (Consolidated),Jaipur,Semi-Urban,2021,Post-Merger,2017-04-01,8.22%,3.66%,45.87%,0.63%,47.31%,12.81%,183.65,250.57
3234,BR-5252,State Bank of Bikaner and Jaipur,Kolkata,Metro,2017,Pre-Merger,01/04/2017,5.75%,3.31%,56.63%,0.21%,37.36%,13.19%,"1,106.91","1,549.32"
3235,BR-1461,State Bank of India (Parent),Kolkata,Rural,2015,Pre-Merger,2017-04-01,10.93%,5.47%,56.68%,-0.22%,42.69%,14.50%,684.00,800.38
3236,BR-9218,State Bank of India (Consolidated),Jaipur,Metro,2018,Post-Merger,2017-04-01,4.41%,1.27%,39.02%,1.10%,47.32%,11.50%,562.82,716.87
3237,BR-9647,State Bank of Bikaner and Jaipur,Bengaluru,Semi-Urban,2017,Pre-Merger,2017-04-01,12.45%,6.57%,59.24%,-0.24%,40.59%,11.57%,"1,168.95","1,629.95"
3238,BR-6220,State Bank of India (Consolidated),Thiruvananthapuram,Urban,2021,Post-Merger,01/04/2017,7.56%,2.80%,43.55%,0.59%,44.77%,13.81%,"1,406.21","1,686.51"
3239,BR-6071,State Bank of India (Consolidated)   ,Hyderabad,Rural,2020,Post-Merger,01/04/2017,5.77%,,,0.83%,44.36%,16.07%,359.49,427.31
3240,BR-5053,State Bank of Bikaner and Jaipur,Thiruvananthapuram,Rural,2014,Pre-Merger,2017-04-01,13.61%,7.29%,57.58%,0.99%,41.93%,11.31%,"1,476.71","1,932.19"
3241,BR-6729,State Bank of India (Parent)   ,Jaipur,Urban,2017,Pre-Merger,01/04/2017,8.40%,4.71%,,1.11%,40.64%,10.86%,"1,386.77","1,627.67"
3242,BR-5703,State Bank of India (Consolidated),Chennai,Rural,2019,Post-Merger,01/04/2017,3.81%,0.97%,45.77%,0.89%,49.66%,15.08%,152.81,179.79
3243,BR-9622,State Bank of India (Consolidated),Chennai,Metro,2021,Post-Merger,2017-04-01,8.88%,3.47%,44.98%,0.84%,41.42%,14.46%,272.83,323.26
3244,BR-2790,State Bank of India (Consolidated),Kolkata,Metro,2019,Post-Merger,2017-04-01,7.12%,2.35%,47.19%,0.46%,43.67%,12.76%,534.90,773.56
3245,BR-2804,State Bank of India (Consolidated),Hyderabad,Urban,2019,Post-Merger,2017-04-01,7.75%,2.16%,48.23%,0.20%,48.74%,14.90%,122.51,162.29
3246,BR-3949,State Bank of India (Consolidated),Lucknow,Urban,2019,Post-Merger,2017-04-01,11.01%,2.88%,52.15%,0.48%,44.31%,14.27%,417.70,565.56
3247,BR-2415,State Bank of India (Consolidated)   ,Kolkata,Rural,2021,Post-Merger,01/04/2017,6.72%,1.73%,45.39%,0.53%,44.70%,13.17%,122.67,143.86
3248,BR-2622,Bharatiya Mahila Bank,Bhopal,Rural,2017,Pre-Merger,2017-04-01,14.14%,9.28%,60.80%,0.11%,43.77%,11.26%,"1,195.20","1,631.40"
3249,BR-3796,State Bank of India (Consolidated)   ,Chennai,Semi-Urban,2019,Post-Merger,01/04/2017,6.03%,,,0.91%,53.53%,13.25%,269.35,310.70
3250,BR-4988,State Bank of India (Consolidated)   ,Thiruvananthapuram,Urban,2020,Post-Merger,01/04/2017,5.54%,,,0.77%,45.58%,16.90%,"1,464.43","1,771.14"
3251,BR-2167,State Bank of Travancore,Bengaluru,Metro,2015,Pre-Merger,2017-04-01,7.71%,4.80%,52.99%,0.27%,35.01%,10.47%,"1,378.69","1,721.76"
3252,BR-2346,State Bank of Travancore,Ahmedabad,Semi-Urban,2014,Pre-Merger,2017-04-01,6.02%,3.10%,50.12%,1.20%,40.20%,12.36%,115.10,137.08
3253,BR-8793,State Bank of India (Consolidated),Hyderabad,Metro,2021,Post-Merger,01/04/2017,4.35%,1.94%,52.44%,0.86%,47.81%,15.46%,722.94,835.96
3254,BR-7704,State Bank of India (Consolidated),Mumbai Metro,Urban,2018,Post-Merger,01/04/2017,4.47%,1.32%,44.76%,0.77%,46.05%,15.30%,496.05,672.69
3255,BR-9737,State Bank of India (Parent),Chandigarh,Semi-Urban,2015,Pre-Merger,2017-04-01,11.33%,6.56%,49.66%,-0.08%,37.30%,13.80%,374.81,538.44
3256,BR-1379,State Bank of Travancore,Delhi NCR,Rural,2014,Pre-Merger,2017-04-01,12.25%,8.02%,48.46%,0.11%,39.74%,11.89%,393.27,517.23
3257,BR-6819,State Bank of Bikaner and Jaipur,Bengaluru,Metro,2015,Pre-Merger,2017-04-01,5.98%,3.69%,56.73%,0.07%,40.67%,12.43%,"1,408.94","1,993.54"
3258,BR-1066,State Bank of India (Consolidated),Kolkata,Semi-Urban,2019,Post-Merger,2017-04-01,1.86%,0.83%,43.31%,0.64%,38.61%,14.06%,883.67,"1,139.95"
3259,BR-6149,State Bank of India (Parent),Ahmedabad,Semi-Urban,2016,Pre-Merger,2017-04-01,14.74%,8.52%,61.27%,0.42%,42.32%,12.82%,517.75,616.59
3260,BR-2363,State Bank of India (Consolidated),Chandigarh,Rural,2021,Post-Merger,01/04/2017,8.62%,3.31%,50.86%,0.57%,40.79%,15.37%,591.23,847.02
3261,BR-8688,State Bank of India (Consolidated),Chandigarh,Metro,2019,Post-Merger,2017-04-01,5.72%,1.60%,48.90%,0.85%,46.47%,14.39%,747.91,"1,064.99"
3262,BR-6375,State Bank of India (Parent),Thiruvananthapuram,Urban,2017,Pre-Merger,2017-04-01,12.87%,6.81%,53.26%,-0.29%,46.03%,12.86%,"1,392.94","1,867.53"
3263,BR-8758,State Bank of India (Consolidated),Ahmedabad,Urban,2021,Post-Merger,2017-04-01,9.97%,3.50%,49.40%,0.78%,43.02%,15.28%,342.44,422.19
3264,BR-5105,State Bank of India (Consolidated),Chennai,Semi-Urban,2018,Post-Merger,2017-04-01,1.81%,0.73%,43.27%,0.26%,50.37%,13.41%,692.18,832.78
3265,BR-3324,State Bank of Bikaner and Jaipur,Chennai,Metro,2017,Pre-Merger,2017-04-01,6.85%,4.58%,58.30%,0.05%,49.90%,11.29%,"1,191.04","1,419.52"
3266,BR-2723,State Bank of Mysore   ,Jaipur,Urban,2016,Pre-Merger,01/04/2017,4.50%,3.05%,48.57%,0.85%,35.40%,11.49%,271.82,348.15
3267,BR-6636,State Bank of India (Consolidated),Jaipur,Urban,2018,Post-Merger,2017-04-01,5.90%,2.41%,41.86%,0.10%,43.48%,13.76%,"1,376.41","1,693.70"
3268,BR-9964,State Bank of India (Consolidated),Chandigarh,Metro,2020,Post-Merger,2017-04-01,8.35%,2.79%,37.21%,0.96%,46.65%,14.58%,520.01,677.81
3269,BR-4892,State Bank of India (Parent),Lucknow,Metro,2017,Pre-Merger,2017-04-01,9.30%,5.69%,57.46%,0.08%,42.81%,10.47%,803.73,"1,064.00"
3270,BR-3026,State Bank of India (Parent),Kolkata,Urban,2015,Pre-Merger,2017-04-01,10.59%,7.16%,56.84%,-0.08%,40.68%,11.62%,975.05,"1,141.85"
3271,BR-6614,State Bank of India (Parent)   ,Jaipur,Semi-Urban,2017,Pre-Merger,01/04/2017,11.02%,7.45%,52.07%,0.66%,41.91%,12.13%,553.60,741.64
3272,BR-2009,State Bank of India (Consolidated),Chandigarh,Semi-Urban,2018,Post-Merger,2017-04-01,8.11%,2.73%,47.71%,0.78%,42.89%,12.26%,"1,040.58","1,471.51"
3273,BR-3452,State Bank of India (Consolidated),Delhi NCR,Rural,2018,Post-Merger,2017-04-01,7.77%,2.32%,42.72%,1.07%,44.65%,13.09%,548.17,733.55
3274,BR-1977,State Bank of India (Consolidated),Bhopal,Urban,2020,Post-Merger,2017-04-01,6.26%,1.67%,48.66%,0.77%,48.09%,14.01%,"1,467.75","1,858.48"
3275,BR-3956,State Bank of India (Consolidated),Bhopal,Metro,2019,Post-Merger,01/04/2017,1.95%,0.85%,46.32%,0.86%,42.89%,14.93%,167.29,240.19
3276,BR-9395,State Bank of India (Consolidated),Kolkata,Urban,2019,Post-Merger,01/04/2017,4.88%,1.52%,42.72%,0.93%,45.15%,14.87%,148.00,201.89
3277,BR-8312,State Bank of India (Consolidated),Ahmedabad,Urban,2020,Post-Merger,2017-04-01,5.07%,2.07%,52.77%,1.12%,52.37%,13.23%,999.03,"1,290.25"
3278,BR-3317,State Bank of Mysore,Lucknow,Metro,2015,Pre-Merger,01/04/2017,8.71%,5.47%,60.55%,0.23%,38.96%,10.70%,570.58,771.73
3279,BR-5176,State Bank of India (Consolidated),Bhopal,Urban,2021,Post-Merger,01/04/2017,6.84%,1.80%,37.33%,0.13%,49.81%,12.09%,148.37,184.67
3280,BR-1247,State Bank of Mysore,Ahmedabad,Urban,2017,Pre-Merger,2017-04-01,17.76%,11.71%,65.52%,0.47%,39.28%,11.07%,518.88,750.25
3281,BR-5000,State Bank of India (Consolidated),Delhi NCR,Urban,2018,Post-Merger,2017-04-01,4.73%,1.29%,44.00%,1.43%,47.25%,13.17%,"1,407.23","1,840.69"
3282,BR-1554,State Bank of India (Consolidated),Lucknow,Semi-Urban,2021,Post-Merger,2017-04-01,7.14%,2.29%,49.80%,0.90%,47.77%,15.58%,807.26,989.97
3283,BR-3907,State Bank of India (Parent),Jaipur,Semi-Urban,2017,Pre-Merger,2017-04-01,11.58%,7.82%,58.47%,1.20%,39.84%,11.35%,146.41,173.74
3284,BR-5269,State Bank of India (Parent),Mumbai Metro,Rural,2014,Pre-Merger,01/04/2017,9.90%,6.62%,54.04%,1.20%,45.94%,13.32%,324.14,445.86
3285,BR-5183,State Bank of India (Parent),Chandigarh,Urban,2015,Pre-Merger,01/04/2017,8.90%,5.24%,55.25%,0.81%,40.02%,12.68%,148.89,202.57
3286,BR-9394,State Bank of India (Parent),Chandigarh,Rural,2016,Pre-Merger,2017-04-01,8.16%,4.42%,48.41%,0.85%,43.07%,10.99%,"1,108.49","1,353.92"
3287,BR-4568,State Bank of India (Consolidated),Delhi NCR,Urban,2019,Post-Merger,2017-04-01,8.08%,2.73%,46.20%,0.65%,42.51%,12.60%,225.58,294.51
3288,BR-8476,State Bank of Hyderabad,Kolkata,Rural,2017,Pre-Merger,2017-04-01,9.54%,6.39%,56.40%,-0.46%,34.80%,11.58%,587.36,727.36
3289,BR-3216,State Bank of Patiala,Chennai,Urban,2014,Pre-Merger,01/04/2017,11.13%,7.31%,53.64%,0.27%,41.14%,12.89%,724.34,860.36
3290,BR-4076,State Bank of India (Consolidated),Jaipur,Semi-Urban,2018,Post-Merger,2017-04-01,4.70%,2.01%,43.39%,0.67%,42.36%,13.69%,511.75,706.91
3291,BR-3847,State Bank of India (Parent),Hyderabad,Urban,2014,Pre-Merger,2017-04-01,13.88%,7.46%,61.49%,0.70%,39.60%,12.88%,416.06,602.78
3292,BR-5106,State Bank of Mysore,Ahmedabad,Urban,2016,Pre-Merger,2017-04-01,8.74%,4.90%,48.68%,0.62%,43.78%,9.50%,666.15,805.63
3293,BR-9329,State Bank of India (Consolidated),Delhi NCR,Metro,2021,Post-Merger,01/04/2017,5.55%,1.57%,47.73%,0.49%,47.23%,11.50%,"1,215.34","1,502.28"
3294,BR-7778,State Bank of India (Consolidated),Thiruvananthapuram,Urban,2019,Post-Merger,2017-04-01,5.02%,1.32%,51.88%,0.78%,45.73%,13.27%,"1,003.88","1,332.89"
3295,BR-8922,State Bank of India (Consolidated),Delhi NCR,Urban,2020,Post-Merger,2017-04-01,9.29%,3.63%,46.73%,0.77%,49.84%,13.38%,"1,303.80","1,824.34"
3296,BR-6513,State Bank of India (Parent),Bengaluru,Rural,2016,Pre-Merger,2017-04-01,12.73%,7.94%,57.11%,0.14%,42.19%,12.79%,337.82,397.54
3297,BR-6898,State Bank of Bikaner and Jaipur,Jaipur,Metro,2016,Pre-Merger,2017-04-01,15.62%,9.69%,58.70%,1.20%,37.37%,11.60%,638.52,797.34
3298,BR-7482,State Bank of Hyderabad,Mumbai Metro,Semi-Urban,2016,Pre-Merger,2017-04-01,4.00%,2.24%,54.72%,0.60%,41.69%,13.25%,349.68,504.37
3299,BR-3761,State Bank of India (Parent),Ahmedabad,Semi-Urban,2016,Pre-Merger,2017-04-01,14.20%,7.57%,60.60%,0.98%,45.17%,11.93%,"1,262.52","1,650.05"
3300,BR-6521,State Bank of Patiala,Delhi NCR,Urban,2014,Pre-Merger,01/04/2017,2.84%,1.77%,55.75%,-0.11%,38.97%,11.74%,224.98,273.24
3301,BR-2108,State Bank of Patiala,Chennai,Metro,2016,Pre-Merger,2017-04-01,8.76%,5.80%,57.89%,-0.50%,42.78%,12.43%,"1,016.11","1,229.90"
3302,BR-2286,State Bank of Bikaner and Jaipur   ,Jaipur,Urban,2016,Pre-Merger,01/04/2017,10.20%,5.73%,,-0.20%,37.71%,12.07%,382.81,506.23
3303,BR-4380,State Bank of India (Parent),Chandigarh,Semi-Urban,2017,Pre-Merger,2017-04-01,6.52%,3.89%,62.28%,1.20%,33.50%,11.34%,495.33,707.37
3304,BR-4670,State Bank of Travancore,Thiruvananthapuram,Rural,2015,Pre-Merger,2017-04-01,9.97%,6.48%,60.90%,-0.11%,42.38%,13.32%,"1,292.01","1,580.65"
3305,BR-3250,Bharatiya Mahila Bank,Bhopal,Urban,2016,Pre-Merger,2017-04-01,11.33%,6.16%,49.96%,0.63%,37.23%,13.72%,533.49,666.28
3306,BR-5319,State Bank of India (Consolidated),Ahmedabad,Rural,2019,Post-Merger,2017-04-01,6.21%,2.47%,52.39%,1.02%,48.53%,14.80%,366.40,530.74
3307,BR-7374,State Bank of India (Parent),Chennai,Urban,2017,Pre-Merger,2017-04-01,9.23%,5.61%,51.88%,-0.24%,32.01%,12.34%,564.28,675.04
3308,BR-6327,State Bank of India (Parent),Kolkata,Urban,2016,Pre-Merger,2017-04-01,10.46%,6.96%,50.16%,1.10%,40.17%,11.64%,342.18,474.22
3309,BR-8157,State Bank of Bikaner and Jaipur,Chandigarh,Metro,2016,Pre-Merger,2017-04-01,13.65%,9.10%,48.69%,-0.68%,44.65%,11.47%,"1,481.96","1,977.84"
3310,BR-9713,State Bank of India (Parent),Jaipur,Metro,2015,Pre-Merger,2017-04-01,7.29%,3.89%,58.06%,-0.50%,45.35%,10.21%,165.51,212.81
3311,BR-3809,State Bank of India (Consolidated),Lucknow,Semi-Urban,2020,Post-Merger,2017-04-01,7.68%,2.53%,45.18%,0.47%,36.90%,13.94%,209.62,254.04
3312,BR-7412,State Bank of India (Consolidated),Thiruvananthapuram,Urban,2019,Post-Merger,2017-04-01,9.03%,3.35%,52.33%,0.45%,46.40%,14.03%,"1,450.81","2,016.56"
3313,BR-1037,State Bank of India (Parent),Ahmedabad,Metro,2016,Pre-Merger,2017-04-01,7.26%,4.01%,60.88%,0.81%,45.55%,11.76%,282.98,403.63
3314,BR-8297,State Bank of India (Consolidated),Chandigarh,Urban,2018,Post-Merger,2017-04-01,2.35%,0.63%,41.28%,0.41%,40.97%,14.42%,880.00,"1,184.75"
3315,BR-9106,State Bank of India (Consolidated),Ahmedabad,Rural,2020,Post-Merger,2017-04-01,5.00%,2.12%,52.76%,1.06%,45.05%,12.33%,"1,004.17","1,379.22"
3316,BR-8234,State Bank of India (Consolidated),Thiruvananthapuram,Urban,2021,Post-Merger,2017-04-01,6.64%,2.00%,48.45%,1.08%,53.18%,12.55%,620.12,799.75
3317,BR-9870,State Bank of India (Parent),Hyderabad,Metro,2015,Pre-Merger,2017-04-01,10.05%,5.33%,52.90%,0.91%,42.60%,12.68%,"1,249.87","1,602.38"
3318,BR-4072,State Bank of India (Consolidated),Kolkata,Metro,2021,Post-Merger,01/04/2017,5.83%,1.60%,46.45%,0.55%,46.01%,13.47%,350.05,456.53
3319,BR-9629,State Bank of India (Consolidated)   ,Ahmedabad,Metro,2020,Post-Merger,01/04/2017,7.37%,,,0.85%,50.17%,13.37%,323.26,455.43
3320,BR-1712,State Bank of India (Consolidated),Chennai,Semi-Urban,2020,Post-Merger,2017-04-01,5.43%,1.47%,48.80%,0.17%,52.77%,13.88%,"1,468.68","2,123.59"
3321,BR-7701,State Bank of India (Consolidated),Hyderabad,Rural,2020,Post-Merger,2017-04-01,5.15%,1.49%,49.68%,0.45%,47.57%,13.27%,"1,151.97","1,498.77"
3322,BR-2304,State Bank of India (Consolidated)   ,Kolkata,Semi-Urban,2020,Post-Merger,01/04/2017,5.15%,1.83%,,0.22%,42.30%,12.91%,977.17,"1,314.63"
3323,BR-7332,State Bank of India (Consolidated)   ,Bhopal,Metro,2021,Post-Merger,01/04/2017,5.24%,1.44%,51.66%,0.27%,49.95%,11.99%,"1,409.86","1,650.46"
3324,BR-9591,State Bank of India (Consolidated),Kolkata,Semi-Urban,2018,Post-Merger,01/04/2017,2.53%,0.99%,45.24%,0.54%,44.39%,15.06%,742.62,917.57
3325,BR-5257,State Bank of India (Consolidated),Lucknow,Urban,2020,Post-Merger,2017-04-01,9.95%,4.13%,51.22%,1.00%,45.65%,13.40%,314.67,395.26
3326,BR-7782,State Bank of Bikaner and Jaipur,Bengaluru,Rural,2017,Pre-Merger,2017-04-01,11.22%,6.65%,59.35%,0.84%,40.78%,12.65%,198.06,268.66
3327,BR-7090,State Bank of India (Consolidated),Delhi NCR,Semi-Urban,2021,Post-Merger,2017-04-01,4.56%,1.93%,45.97%,0.38%,42.97%,12.69%,501.69,634.93
3328,BR-6436,State Bank of India (Consolidated),Lucknow,Semi-Urban,2019,Post-Merger,2017-04-01,5.81%,1.81%,47.96%,0.85%,35.00%,15.58%,179.58,217.15
3329,BR-1249,State Bank of Hyderabad,Bhopal,Rural,2017,Pre-Merger,01/04/2017,5.21%,3.47%,51.00%,-0.25%,39.54%,13.16%,268.87,316.59
3330,BR-7040,State Bank of India (Parent),Delhi NCR,Semi-Urban,2017,Pre-Merger,2017-04-01,5.54%,3.16%,48.39%,0.32%,32.89%,11.27%,"1,209.57","1,643.09"
3331,BR-5855,State Bank of India (Parent),Delhi NCR,Semi-Urban,2014,Pre-Merger,2017-04-01,10.54%,6.86%,50.99%,0.58%,44.01%,11.58%,"1,331.54","1,576.50"
3332,BR-8437,State Bank of India (Consolidated)   ,Chandigarh,Urban,2021,Post-Merger,01/04/2017,4.84%,2.02%,,0.75%,47.24%,14.26%,"1,462.59","1,804.34"
3333,BR-8423,Bharatiya Mahila Bank,Kolkata,Rural,2014,Pre-Merger,2017-04-01,7.54%,4.67%,53.84%,0.97%,44.19%,10.25%,519.93,650.64
3334,BR-9726,State Bank of Travancore,Hyderabad,Semi-Urban,2014,Pre-Merger,2017-04-01,9.06%,4.88%,51.24%,1.20%,34.02%,12.30%,"1,188.51","1,631.56"
3335,BR-1736,State Bank of India (Consolidated),Bengaluru,Metro,2018,Post-Merger,2017-04-01,7.93%,2.78%,49.09%,1.13%,44.43%,13.24%,147.66,194.86
3336,BR-2565,State Bank of India (Consolidated),Mumbai Metro,Metro,2020,Post-Merger,2017-04-01,7.37%,2.45%,43.41%,0.60%,42.24%,12.64%,484.22,580.52
3337,BR-8089,State Bank of Patiala,Bengaluru,Semi-Urban,2016,Pre-Merger,2017-04-01,11.52%,6.44%,53.41%,0.13%,44.66%,9.63%,629.68,840.98
3338,BR-5407,State Bank of Bikaner and Jaipur,Bhopal,Semi-Urban,2015,Pre-Merger,2017-04-01,10.14%,5.54%,59.27%,0.12%,42.39%,13.28%,907.63,"1,160.07"
3339,BR-3924,State Bank of India (Parent),Thiruvananthapuram,Urban,2017,Pre-Merger,2017-04-01,12.76%,6.61%,58.87%,0.59%,39.06%,13.61%,342.34,396.84
3340,BR-5862,State Bank of India (Consolidated),Thiruvananthapuram,Metro,2020,Post-Merger,2017-04-01,6.35%,2.52%,53.18%,1.06%,41.38%,14.08%,981.75,"1,232.08"
3341,BR-1097,State Bank of India (Consolidated),Bhopal,Metro,2018,Post-Merger,2017-04-01,1.70%,0.71%,44.51%,0.87%,50.10%,13.00%,"1,130.28","1,320.04"
3342,BR-9926,State Bank of India (Consolidated),Jaipur,Urban,2019,Post-Merger,01/04/2017,5.92%,2.24%,48.39%,0.96%,47.01%,11.91%,730.27,963.80
3343,BR-1935,State Bank of India (Consolidated),Mumbai Metro,Urban,2020,Post-Merger,2017-04-01,6.37%,1.83%,43.44%,0.10%,52.05%,12.45%,"1,493.32","2,016.71"
3344,BR-6851,State Bank of Patiala,Jaipur,Rural,2015,Pre-Merger,2017-04-01,7.71%,4.94%,47.92%,1.20%,39.98%,12.97%,662.98,867.05
3345,BR-5983,State Bank of India (Consolidated),Bengaluru,Rural,2019,Post-Merger,2017-04-01,7.71%,3.11%,42.04%,0.52%,54.86%,13.33%,"1,323.18","1,578.11"
3346,BR-8806,State Bank of Mysore,Lucknow,Rural,2016,Pre-Merger,2017-04-01,8.12%,4.54%,63.51%,-0.27%,45.90%,11.66%,"1,455.96","2,081.90"
3347,BR-3043,State Bank of Travancore,Mumbai Metro,Metro,2014,Pre-Merger,2017-04-01,12.41%,7.11%,50.26%,0.86%,34.95%,11.89%,742.51,867.00
3348,BR-7890,State Bank of Patiala,Delhi NCR,Rural,2017,Pre-Merger,2017-04-01,14.69%,8.17%,55.07%,1.20%,38.29%,12.13%,"1,450.90","2,033.03"
3349,BR-8846,State Bank of Hyderabad,Ahmedabad,Rural,2015,Pre-Merger,2017-04-01,10.87%,5.83%,52.50%,0.26%,45.41%,11.92%,"1,187.21","1,392.46"
3350,BR-6989,State Bank of Mysore,Kolkata,Metro,2014,Pre-Merger,01/04/2017,7.40%,4.17%,58.43%,0.58%,36.05%,14.17%,"1,386.12","1,941.35"
3351,BR-1716,State Bank of India (Consolidated)   ,Delhi NCR,Urban,2018,Post-Merger,01/04/2017,4.80%,1.90%,47.14%,0.93%,43.57%,13.39%,760.31,953.57
3352,BR-8860,State Bank of India (Parent),Bhopal,Rural,2017,Pre-Merger,01/04/2017,6.18%,3.24%,52.01%,0.23%,43.50%,13.87%,837.67,"1,178.39"
3353,BR-4936,State Bank of India (Consolidated),Jaipur,Urban,2018,Post-Merger,2017-04-01,9.16%,4.01%,43.07%,0.42%,42.89%,11.76%,655.40,938.90
3354,BR-6390,State Bank of India (Consolidated),Ahmedabad,Urban,2020,Post-Merger,01/04/2017,6.94%,2.49%,39.26%,0.48%,46.60%,12.64%,852.84,"1,230.41"
3355,BR-7599,State Bank of India (Consolidated),Ahmedabad,Metro,2020,Post-Merger,2017-04-01,3.41%,1.44%,44.92%,1.00%,42.14%,16.52%,282.26,389.28
3356,BR-3662,State Bank of Mysore,Bengaluru,Semi-Urban,2016,Pre-Merger,01/04/2017,7.80%,4.90%,59.04%,-0.43%,36.86%,13.26%,343.25,479.83
3357,BR-6729,State Bank of India (Consolidated),Thiruvananthapuram,Semi-Urban,2018,Post-Merger,2017-04-01,2.01%,0.70%,45.02%,1.16%,47.29%,13.66%,734.91,952.74
3358,BR-5464,State Bank of India (Consolidated),Ahmedabad,Semi-Urban,2019,Post-Merger,2017-04-01,3.56%,1.00%,46.52%,1.42%,42.18%,13.86%,171.07,246.91
3359,BR-3046,State Bank of India (Parent),Hyderabad,Semi-Urban,2016,Pre-Merger,01/04/2017,13.81%,7.24%,56.49%,0.20%,41.32%,12.52%,300.22,385.20
3360,BR-3150,State Bank of India (Parent),Delhi NCR,Metro,2015,Pre-Merger,2017-04-01,8.11%,5.35%,52.87%,0.21%,40.35%,10.10%,374.20,467.79
3361,BR-1111,State Bank of India (Parent),Lucknow,Semi-Urban,2016,Pre-Merger,2017-04-01,11.22%,7.44%,50.62%,0.87%,38.88%,11.89%,160.57,228.82
3362,BR-6849,State Bank of India (Parent)   ,Kolkata,Semi-Urban,2014,Pre-Merger,01/04/2017,11.62%,6.66%,53.23%,0.29%,36.47%,10.58%,221.77,255.13
3363,BR-9977,State Bank of India (Consolidated),Ahmedabad,Metro,2020,Post-Merger,2017-04-01,6.21%,1.65%,48.67%,0.58%,49.12%,15.51%,226.87,270.30
3364,BR-1717,State Bank of India (Parent),Thiruvananthapuram,Urban,2017,Pre-Merger,2017-04-01,10.03%,6.62%,52.60%,0.30%,35.34%,12.50%,413.88,495.93
3365,BR-2081,State Bank of India (Consolidated),Lucknow,Semi-Urban,2020,Post-Merger,2017-04-01,6.10%,1.95%,43.98%,0.77%,43.86%,12.24%,"1,167.03","1,471.99"
3366,BR-8804,State Bank of Hyderabad,Hyderabad,Rural,2014,Pre-Merger,2017-04-01,11.19%,5.97%,56.82%,0.70%,40.05%,14.50%,"1,032.64","1,491.19"
3367,BR-2352,State Bank of India (Consolidated),Bengaluru,Metro,2020,Post-Merger,2017-04-01,3.07%,1.24%,49.35%,0.57%,45.48%,14.63%,569.96,787.70
3368,BR-9536,State Bank of India (Parent),Ahmedabad,Rural,2015,Pre-Merger,2017-04-01,8.35%,5.65%,48.40%,0.29%,39.07%,11.13%,867.27,"1,031.05"
3369,BR-6733,State Bank of India (Parent),Bengaluru,Rural,2016,Pre-Merger,01/04/2017,7.41%,4.85%,56.16%,0.88%,40.83%,10.71%,744.61,974.55
3370,BR-8169,State Bank of India (Consolidated),Kolkata,Rural,2019,Post-Merger,2017-04-01,7.61%,2.35%,43.05%,0.81%,42.88%,12.87%,183.32,259.49
3371,BR-5133,State Bank of India (Consolidated),Chennai,Urban,2021,Post-Merger,2017-04-01,5.17%,1.80%,45.72%,0.60%,42.64%,13.33%,249.50,314.57
3372,BR-3260,State Bank of India (Consolidated),Mumbai Metro,Urban,2020,Post-Merger,2017-04-01,10.70%,4.03%,49.95%,0.49%,49.67%,15.08%,453.10,591.79
3373,BR-4519,State Bank of India (Consolidated),Delhi NCR,Metro,2021,Post-Merger,01/04/2017,7.14%,2.39%,49.19%,0.91%,46.27%,14.11%,941.98,"1,273.41"
3374,BR-7744,State Bank of Patiala,Bhopal,Rural,2015,Pre-Merger,2017-04-01,13.05%,8.41%,56.44%,-0.21%,39.38%,13.12%,194.07,224.77
3375,BR-2667,State Bank of India (Parent),Kolkata,Urban,2014,Pre-Merger,2017-04-01,7.07%,4.47%,50.57%,0.16%,40.99%,13.87%,984.12,"1,147.65"
3376,BR-4625,State Bank of India (Parent),Chandigarh,Rural,2015,Pre-Merger,2017-04-01,5.75%,3.46%,61.45%,-0.72%,40.49%,12.20%,578.89,667.67
3377,BR-8355,State Bank of India (Consolidated),Thiruvananthapuram,Semi-Urban,2021,Post-Merger,2017-04-01,4.97%,1.79%,49.17%,0.11%,43.43%,14.16%,555.36,753.43
3378,BR-5284,State Bank of India (Consolidated),Hyderabad,Rural,2021,Post-Merger,01/04/2017,10.46%,4.14%,53.03%,0.60%,43.49%,15.32%,"1,081.29","1,384.40"
3379,BR-5620,State Bank of India (Parent),Hyderabad,Metro,2016,Pre-Merger,2017-04-01,10.99%,7.33%,57.97%,0.20%,44.34%,12.42%,303.10,424.00
3380,BR-6197,State Bank of India (Parent)   ,Lucknow,Urban,2015,Pre-Merger,01/04/2017,13.38%,,,0.24%,33.06%,11.45%,"1,302.05","1,807.86"
3381,BR-5163,State Bank of Hyderabad,Thiruvananthapuram,Semi-Urban,2017,Pre-Merger,2017-04-01,11.51%,7.31%,53.99%,0.28%,38.05%,12.17%,973.75,"1,324.59"
3382,BR-1082,State Bank of Bikaner and Jaipur,Jaipur,Semi-Urban,2017,Pre-Merger,2017-04-01,10.70%,5.35%,47.18%,1.20%,41.93%,12.68%,258.93,325.31
3383,BR-1282,State Bank of India (Consolidated),Ahmedabad,Rural,2019,Post-Merger,01/04/2017,7.86%,3.13%,51.63%,0.36%,46.01%,15.43%,638.84,856.94
3384,BR-1250,State Bank of India (Consolidated),Kolkata,Urban,2021,Post-Merger,2017-04-01,1.50%,0.57%,44.22%,1.22%,46.08%,13.80%,"1,002.02","1,306.94"
3385,BR-6861,State Bank of India (Consolidated),Hyderabad,Rural,2019,Post-Merger,2017-04-01,6.05%,1.89%,44.22%,0.64%,44.60%,15.12%,302.56,384.44
3386,BR-4783,State Bank of India (Consolidated),Kolkata,Rural,2019,Post-Merger,2017-04-01,6.72%,2.90%,51.03%,0.33%,46.57%,15.21%,"1,224.80","1,749.26"
3387,BR-6789,State Bank of India (Consolidated),Kolkata,Metro,2019,Post-Merger,2017-04-01,6.12%,1.92%,43.30%,0.91%,47.96%,14.54%,"1,138.02","1,468.51"
3388,BR-6696,State Bank of India (Consolidated),Bengaluru,Metro,2020,Post-Merger,01/04/2017,4.07%,1.04%,49.64%,0.15%,39.52%,11.91%,307.69,399.85
3389,BR-9196,State Bank of India (Consolidated),Delhi NCR,Metro,2018,Post-Merger,2017-04-01,6.14%,2.44%,46.94%,1.44%,48.10%,12.70%,"1,086.92","1,410.61"
3390,BR-3550,State Bank of Hyderabad,Bhopal,Urban,2015,Pre-Merger,2017-04-01,10.15%,5.79%,56.85%,1.20%,34.85%,11.04%,"1,376.80","1,599.88"
3391,BR-1810,State Bank of Mysore,Bhopal,Semi-Urban,2016,Pre-Merger,2017-04-01,11.28%,7.00%,57.75%,-1.64%,39.37%,10.93%,874.49,"1,088.42"
3392,BR-8970,State Bank of Bikaner and Jaipur,Bhopal,Urban,2016,Pre-Merger,2017-04-01,9.39%,5.82%,62.06%,0.86%,37.37%,11.24%,874.74,"1,228.76"
3393,BR-8784,State Bank of India (Consolidated),Delhi NCR,Semi-Urban,2018,Post-Merger,2017-04-01,6.05%,1.77%,47.38%,0.60%,47.13%,14.42%,337.03,391.25
3394,BR-8205,State Bank of India (Parent)   ,Kolkata,Semi-Urban,2016,Pre-Merger,01/04/2017,12.23%,7.64%,45.10%,0.43%,39.19%,11.85%,499.10,642.61
3395,BR-9580,State Bank of India (Consolidated),Delhi NCR,Urban,2020,Post-Merger,2017-04-01,4.81%,1.55%,44.11%,0.53%,52.27%,17.26%,"1,434.67","2,067.00"
3396,BR-3751,State Bank of India (Consolidated),Mumbai Metro,Urban,2019,Post-Merger,2017-04-01,6.90%,2.03%,43.88%,0.58%,43.42%,13.34%,102.85,140.37
3397,BR-5222,State Bank of Travancore,Kolkata,Metro,2017,Pre-Merger,2017-04-01,10.84%,6.48%,54.53%,0.96%,36.72%,11.28%,597.42,702.52
3398,BR-5037,State Bank of India (Parent),Kolkata,Metro,2015,Pre-Merger,2017-04-01,10.15%,6.20%,55.98%,0.16%,42.17%,13.63%,349.00,413.65
3399,BR-1774,State Bank of Mysore,Bengaluru,Urban,2017,Pre-Merger,2017-04-01,8.30%,5.18%,60.34%,-0.32%,39.52%,13.48%,138.21,186.08
3400,BR-6693,State Bank of India (Consolidated),Ahmedabad,Rural,2021,Post-Merger,2017-04-01,1.90%,0.84%,52.03%,0.91%,37.31%,15.08%,364.38,512.65
3401,BR-2920,State Bank of India (Parent),Chennai,Metro,2015,Pre-Merger,01/04/2017,13.60%,6.86%,50.67%,0.25%,45.46%,14.31%,996.96,"1,226.05"
3402,BR-3233,State Bank of India (Consolidated),Bengaluru,Metro,2018,Post-Merger,01/04/2017,4.64%,1.58%,50.37%,0.31%,46.80%,13.77%,966.34,"1,150.72"
3403,BR-4934,State Bank of India (Consolidated),Delhi NCR,Rural,2019,Post-Merger,01/04/2017,5.09%,1.87%,38.72%,0.91%,46.21%,14.20%,"1,147.80","1,359.76"
3404,BR-2245,State Bank of India (Consolidated),Jaipur,Metro,2021,Post-Merger,2017-04-01,4.83%,1.75%,50.35%,0.66%,40.91%,15.47%,"1,403.96","1,929.46"
3405,BR-4199,Bharatiya Mahila Bank,Thiruvananthapuram,Rural,2015,Pre-Merger,2017-04-01,5.28%,3.26%,58.20%,-0.30%,44.90%,11.52%,990.43,"1,226.07"
3406,BR-4603,State Bank of Bikaner and Jaipur,Lucknow,Semi-Urban,2016,Pre-Merger,01/04/2017,5.11%,2.65%,53.78%,0.09%,43.74%,11.67%,"1,127.45","1,595.75"
3407,BR-8881,State Bank of India (Consolidated),Thiruvananthapuram,Urban,2020,Post-Merger,2017-04-01,3.17%,1.39%,53.22%,1.14%,47.00%,12.28%,"1,126.00","1,372.68"
3408,BR-4995,State Bank of India (Consolidated),Chennai,Semi-Urban,2018,Post-Merger,01/04/2017,7.79%,2.81%,50.96%,0.25%,43.24%,14.10%,"1,322.35","1,888.88"
3409,BR-5455,State Bank of Travancore,Kolkata,Semi-Urban,2017,Pre-Merger,2017-04-01,6.79%,4.44%,54.03%,-0.02%,36.78%,13.09%,142.47,186.18
3410,BR-8690,State Bank of Patiala   ,Lucknow,Metro,2017,Pre-Merger,01/04/2017,12.78%,,,1.20%,36.72%,12.85%,418.90,555.48
3411,BR-3166,State Bank of India (Parent),Ahmedabad,Semi-Urban,2015,Pre-Merger,2017-04-01,7.52%,3.80%,54.17%,1.06%,40.24%,13.33%,190.67,255.60
3412,BR-7872,State Bank of Travancore,Hyderabad,Urban,2015,Pre-Merger,01/04/2017,7.48%,4.17%,56.63%,1.08%,44.23%,12.37%,330.63,441.38
3413,BR-4473,State Bank of India (Consolidated),Ahmedabad,Metro,2019,Post-Merger,2017-04-01,5.22%,1.38%,44.08%,1.45%,45.23%,15.83%,888.10,"1,099.80"
3414,BR-9312,State Bank of India (Consolidated),Chennai,Metro,2019,Post-Merger,2017-04-01,3.01%,1.03%,47.25%,0.61%,44.33%,16.10%,997.36,"1,306.27"
3415,BR-6138,State Bank of Patiala   ,Jaipur,Urban,2014,Pre-Merger,01/04/2017,9.25%,5.61%,,0.18%,38.94%,13.26%,"1,441.64","1,665.34"
3416,BR-6765,State Bank of India (Parent),Chandigarh,Metro,2017,Pre-Merger,2017-04-01,8.40%,5.10%,58.38%,-0.84%,41.03%,13.93%,"1,200.22","1,631.92"
3417,BR-4116,State Bank of India (Consolidated),Bhopal,Metro,2020,Post-Merger,01/04/2017,5.15%,1.80%,49.44%,1.44%,46.33%,12.63%,"1,081.95","1,373.86"
3418,BR-8462,State Bank of India (Consolidated),Hyderabad,Urban,2018,Post-Merger,2017-04-01,3.99%,1.27%,53.88%,0.94%,45.48%,13.41%,"1,304.00","1,677.66"
3419,BR-2163,State Bank of India (Parent),Kolkata,Rural,2014,Pre-Merger,01/04/2017,8.82%,5.04%,53.32%,0.53%,42.08%,12.77%,727.94,917.58
3420,BR-6350,State Bank of India (Parent),Kolkata,Semi-Urban,2014,Pre-Merger,2017-04-01,8.30%,4.41%,56.00%,-0.08%,48.83%,14.28%,219.70,304.94
3421,BR-5669,State Bank of India (Consolidated),Bhopal,Semi-Urban,2018,Post-Merger,2017-04-01,5.49%,2.30%,46.63%,0.43%,47.01%,15.36%,178.71,210.01
3422,BR-1900,State Bank of India (Consolidated),Thiruvananthapuram,Metro,2018,Post-Merger,2017-04-01,6.21%,1.70%,47.18%,0.89%,45.95%,14.08%,"1,306.69","1,681.59"
3423,BR-9100,State Bank of India (Consolidated),Bhopal,Urban,2019,Post-Merger,2017-04-01,5.00%,2.00%,50.47%,0.51%,48.07%,12.39%,"1,201.64","1,437.33"
3424,BR-7842,State Bank of India (Parent),Ahmedabad,Semi-Urban,2016,Pre-Merger,2017-04-01,11.91%,6.81%,48.50%,0.87%,40.02%,11.40%,107.42,138.51
3425,BR-2360,State Bank of India (Consolidated),Bhopal,Semi-Urban,2019,Post-Merger,2017-04-01,3.96%,1.17%,49.18%,0.14%,46.45%,14.51%,291.43,385.02
3426,BR-2094,State Bank of Patiala,Delhi NCR,Metro,2015,Pre-Merger,2017-04-01,10.19%,6.44%,53.90%,1.08%,42.27%,12.83%,323.00,391.50
3427,BR-5095,State Bank of Bikaner and Jaipur,Mumbai Metro,Urban,2017,Pre-Merger,01/04/2017,9.15%,5.49%,51.82%,0.54%,42.65%,11.18%,956.82,"1,335.12"
3428,BR-2602,State Bank of India (Consolidated),Ahmedabad,Semi-Urban,2020,Post-Merger,2017-04-01,6.56%,2.09%,48.70%,1.33%,46.69%,13.78%,754.61,907.01
3429,BR-7482,State Bank of India (Consolidated),Jaipur,Rural,2021,Post-Merger,2017-04-01,5.70%,2.25%,46.79%,0.35%,48.38%,11.89%,337.05,420.59
3430,BR-3095,State Bank of Bikaner and Jaipur,Chennai,Rural,2014,Pre-Merger,2017-04-01,8.15%,5.12%,47.62%,1.05%,52.00%,11.84%,"1,382.92","1,997.64"
3431,BR-3971,State Bank of Mysore,Bengaluru,Semi-Urban,2015,Pre-Merger,2017-04-01,6.11%,3.14%,53.92%,-0.61%,40.53%,11.30%,"1,100.08","1,319.25"
3432,BR-7388,State Bank of India (Consolidated),Mumbai Metro,Metro,2019,Post-Merger,01/04/2017,3.75%,1.12%,46.75%,0.58%,44.74%,16.10%,"1,356.34","1,704.73"
3433,BR-6276,State Bank of India (Consolidated),Bhopal,Semi-Urban,2018,Post-Merger,01/04/2017,8.57%,2.48%,52.70%,0.59%,44.29%,11.79%,"1,260.08","1,730.72"
3434,BR-8364,State Bank of India (Consolidated),Delhi NCR,Rural,2021,Post-Merger,2017-04-01,7.73%,2.29%,50.20%,0.48%,43.42%,12.37%,852.36,985.81
3435,BR-6380,State Bank of Bikaner and Jaipur,Lucknow,Urban,2015,Pre-Merger,2017-04-01,8.94%,5.15%,58.59%,1.08%,45.94%,12.16%,553.59,740.87
3436,BR-4263,State Bank of India (Consolidated),Bhopal,Semi-Urban,2021,Post-Merger,2017-04-01,5.12%,1.54%,44.60%,0.31%,48.24%,12.77%,936.07,"1,137.25"
3437,BR-4369,State Bank of India (Consolidated),Mumbai Metro,Urban,2019,Post-Merger,2017-04-01,5.71%,1.48%,48.62%,0.16%,49.27%,15.05%,"1,388.93","1,708.51"
3438,BR-6323,State Bank of India (Consolidated),Chandigarh,Urban,2021,Post-Merger,2017-04-01,2.25%,0.67%,44.61%,1.36%,45.86%,14.33%,781.98,"1,091.04"
3439,BR-5177,State Bank of Mysore,Thiruvananthapuram,Urban,2016,Pre-Merger,2017-04-01,13.77%,7.42%,52.65%,0.21%,36.39%,12.43%,727.88,"1,025.06"
3440,BR-7580,State Bank of India (Consolidated),Chennai,Semi-Urban,2018,Post-Merger,2017-04-01,5.80%,1.74%,44.17%,0.78%,43.95%,15.30%,906.74,"1,145.72"
3441,BR-8976,State Bank of India (Consolidated)   ,Bhopal,Metro,2021,Post-Merger,01/04/2017,8.65%,3.35%,47.56%,0.82%,43.21%,15.86%,103.67,129.50
3442,BR-1828,State Bank of India (Consolidated),Chandigarh,Metro,2021,Post-Merger,01/04/2017,4.25%,1.63%,48.52%,0.38%,46.94%,14.89%,"1,023.15","1,418.90"
3443,BR-2611,State Bank of Travancore,Delhi NCR,Metro,2016,Pre-Merger,2017-04-01,11.94%,7.46%,49.34%,0.80%,49.12%,9.50%,"1,382.00","1,593.24"
3444,BR-4618,State Bank of India (Parent),Jaipur,Urban,2017,Pre-Merger,01/04/2017,8.33%,5.22%,52.06%,-0.02%,46.82%,10.50%,"1,466.36","2,031.16"
3445,BR-8892,State Bank of India (Parent),Mumbai Metro,Rural,2017,Pre-Merger,2017-04-01,6.46%,3.63%,50.73%,0.42%,38.30%,12.34%,"1,117.74","1,448.39"
3446,BR-6911,State Bank of Patiala,Bengaluru,Semi-Urban,2016,Pre-Merger,2017-04-01,8.64%,4.63%,49.22%,0.10%,41.15%,11.21%,293.18,387.00
3447,BR-8796,State Bank of India (Parent),Bhopal,Metro,2016,Pre-Merger,2017-04-01,5.78%,3.80%,54.40%,0.26%,43.69%,11.00%,"1,300.81","1,762.25"
3448,BR-2979,State Bank of India (Consolidated),Mumbai Metro,Metro,2021,Post-Merger,2017-04-01,4.07%,1.65%,47.92%,0.81%,43.09%,13.24%,763.04,879.20
3449,BR-3908,State Bank of India (Parent),Hyderabad,Rural,2017,Pre-Merger,2017-04-01,8.21%,5.49%,53.15%,0.14%,40.13%,11.70%,"1,278.01","1,791.17"
3450,BR-7021,State Bank of India (Parent),Bengaluru,Metro,2016,Pre-Merger,2017-04-01,14.40%,9.57%,49.04%,0.24%,38.79%,13.47%,341.45,418.92
3451,BR-1303,State Bank of India (Consolidated),Delhi NCR,Semi-Urban,2020,Post-Merger,2017-04-01,5.61%,2.10%,51.33%,0.60%,49.43%,12.57%,992.66,"1,206.36"
3452,BR-6709,State Bank of India (Parent),Bengaluru,Semi-Urban,2015,Pre-Merger,2017-04-01,14.02%,7.25%,55.51%,0.11%,47.55%,11.60%,592.27,701.91
3453,BR-1374,State Bank of Travancore,Bhopal,Semi-Urban,2016,Pre-Merger,2017-04-01,13.19%,6.67%,48.61%,0.66%,40.75%,11.92%,"1,328.37","1,644.42"
3454,BR-8821,State Bank of India (Consolidated),Kolkata,Metro,2020,Post-Merger,01/04/2017,6.58%,2.84%,39.60%,0.72%,46.33%,13.96%,"1,157.19","1,452.24"
3455,BR-5542,State Bank of India (Consolidated),Chandigarh,Urban,2019,Post-Merger,2017-04-01,5.83%,1.50%,43.40%,0.82%,42.13%,12.77%,"1,341.34","1,736.25"
3456,BR-8176,State Bank of India (Consolidated),Hyderabad,Semi-Urban,2018,Post-Merger,01/04/2017,7.27%,2.31%,53.43%,1.48%,48.94%,13.63%,155.50,182.80
3457,BR-3248,State Bank of Hyderabad,Lucknow,Semi-Urban,2015,Pre-Merger,01/04/2017,15.73%,8.13%,49.32%,0.50%,47.37%,12.34%,295.40,382.03
3458,BR-3004,State Bank of India (Consolidated),Chennai,Rural,2021,Post-Merger,2017-04-01,6.69%,2.17%,41.83%,0.90%,46.02%,14.25%,"1,078.59","1,335.37"
3459,BR-9027,State Bank of India (Consolidated),Ahmedabad,Semi-Urban,2019,Post-Merger,2017-04-01,8.64%,2.71%,47.50%,0.32%,41.24%,14.88%,818.53,"1,146.67"
3460,BR-4473,State Bank of India (Consolidated),Delhi NCR,Metro,2021,Post-Merger,2017-04-01,4.73%,1.93%,42.95%,1.22%,45.45%,14.34%,529.56,718.26
3461,BR-9218,State Bank of Mysore,Chandigarh,Semi-Urban,2017,Pre-Merger,2017-04-01,10.91%,5.55%,55.79%,0.31%,44.38%,12.25%,413.90,597.01
3462,BR-9938,State Bank of India (Consolidated),Hyderabad,Urban,2020,Post-Merger,2017-04-01,6.91%,2.02%,40.35%,0.91%,48.07%,15.08%,406.10,545.15
3463,BR-6975,State Bank of India (Consolidated),Ahmedabad,Metro,2020,Post-Merger,2017-04-01,2.78%,1.15%,46.23%,0.87%,43.61%,12.18%,779.82,"1,090.96"
3464,BR-9641,State Bank of India (Consolidated),Bhopal,Rural,2019,Post-Merger,2017-04-01,6.30%,2.40%,43.93%,0.74%,43.72%,11.50%,982.54,"1,164.80"
3465,BR-3712,State Bank of Travancore,Bhopal,Metro,2015,Pre-Merger,2017-04-01,10.08%,6.02%,52.68%,0.44%,39.63%,12.99%,594.93,821.62
3466,BR-3260,State Bank of India (Consolidated),Kolkata,Metro,2019,Post-Merger,2017-04-01,4.02%,1.21%,45.99%,0.75%,44.31%,12.75%,597.88,737.57
3467,BR-8143,State Bank of Mysore,Bhopal,Metro,2016,Pre-Merger,2017-04-01,13.59%,7.21%,52.18%,0.63%,37.41%,11.84%,"1,399.88","1,947.06"
3468,BR-9325,State Bank of India (Consolidated),Delhi NCR,Rural,2019,Post-Merger,2017-04-01,4.94%,1.31%,48.49%,1.43%,45.74%,14.11%,296.57,399.49
3469,BR-9342,State Bank of India (Parent),Kolkata,Urban,2017,Pre-Merger,2017-04-01,9.18%,6.17%,60.60%,-0.26%,41.37%,11.73%,122.21,153.42
3470,BR-6761,State Bank of India (Consolidated),Mumbai Metro,Metro,2018,Post-Merger,01/04/2017,5.81%,2.44%,46.92%,0.86%,44.81%,13.61%,"1,214.59","1,594.37"
3471,BR-8542,State Bank of India (Parent)   ,Thiruvananthapuram,Urban,2017,Pre-Merger,01/04/2017,7.34%,4.30%,51.08%,0.72%,33.53%,13.37%,"1,430.13","1,817.95"
3472,BR-5919,State Bank of India (Consolidated),Chennai,Semi-Urban,2019,Post-Merger,2017-04-01,4.90%,1.59%,51.08%,0.98%,51.56%,14.97%,"1,263.04","1,745.44"
3473,BR-8253,State Bank of India (Consolidated),Kolkata,Urban,2018,Post-Merger,01/04/2017,2.27%,0.65%,42.97%,1.36%,47.07%,13.23%,"1,392.54","1,603.71"
3474,BR-2222,Bharatiya Mahila Bank,Delhi NCR,Urban,2017,Pre-Merger,01/04/2017,10.18%,6.63%,60.36%,-0.22%,46.89%,12.39%,297.40,398.94
3475,BR-3036,State Bank of India (Consolidated),Hyderabad,Metro,2021,Post-Merger,2017-04-01,5.58%,1.93%,45.35%,0.39%,41.60%,14.64%,"1,369.46","1,608.70"
3476,BR-3829,State Bank of Mysore,Chennai,Semi-Urban,2017,Pre-Merger,2017-04-01,8.31%,5.30%,54.49%,1.20%,41.37%,13.36%,711.65,922.59
3477,BR-3627,State Bank of Patiala,Chandigarh,Semi-Urban,2015,Pre-Merger,2017-04-01,12.83%,8.32%,63.08%,-0.71%,41.01%,12.70%,933.65,"1,250.05"
3478,BR-3121,State Bank of India (Consolidated),Mumbai Metro,Metro,2021,Post-Merger,2017-04-01,6.13%,1.73%,41.63%,0.85%,41.08%,13.89%,395.99,480.43
3479,BR-4174,State Bank of India (Parent),Chennai,Metro,2015,Pre-Merger,2017-04-01,8.95%,4.65%,54.29%,0.17%,45.58%,13.48%,"1,358.16","1,679.53"
3480,BR-9995,State Bank of India (Consolidated),Thiruvananthapuram,Metro,2019,Post-Merger,2017-04-01,6.61%,2.29%,47.47%,0.82%,46.42%,15.83%,"1,102.87","1,320.18"
3481,BR-1450,State Bank of India (Parent),Chennai,Semi-Urban,2017,Pre-Merger,2017-04-01,10.83%,5.67%,53.59%,0.67%,40.40%,12.15%,"1,196.77","1,702.64"
3482,BR-7993,State Bank of India (Consolidated),Bengaluru,Urban,2019,Post-Merger,2017-04-01,5.20%,1.40%,50.54%,1.07%,50.75%,14.92%,"1,298.44","1,705.69"
3483,BR-5451,State Bank of India (Consolidated)   ,Mumbai Metro,Metro,2020,Post-Merger,01/04/2017,8.81%,,,0.97%,47.63%,14.91%,"1,080.05","1,307.13"
3484,BR-3034,State Bank of India (Consolidated),Kolkata,Semi-Urban,2020,Post-Merger,2017-04-01,5.97%,1.53%,50.66%,0.45%,35.70%,14.75%,525.42,699.90
3485,BR-7206,State Bank of Travancore   ,Hyderabad,Semi-Urban,2017,Pre-Merger,01/04/2017,13.60%,8.48%,47.91%,0.49%,39.98%,10.19%,"1,287.97","1,722.69"
3486,BR-4272,State Bank of India (Consolidated),Thiruvananthapuram,Semi-Urban,2019,Post-Merger,2017-04-01,7.36%,2.70%,46.93%,0.92%,48.39%,13.90%,844.59,"1,060.90"
3487,BR-3672,State Bank of India (Parent),Delhi NCR,Urban,2014,Pre-Merger,01/04/2017,9.72%,4.90%,59.83%,0.34%,42.86%,10.96%,502.21,650.51
3488,BR-2567,State Bank of Patiala,Thiruvananthapuram,Urban,2015,Pre-Merger,2017-04-01,11.60%,6.31%,55.05%,1.03%,40.79%,12.28%,"1,409.21","1,911.40"
3489,BR-4911,State Bank of Bikaner and Jaipur,Kolkata,Semi-Urban,2014,Pre-Merger,2017-04-01,14.65%,8.08%,54.46%,0.93%,38.06%,12.38%,967.75,"1,269.42"
3490,BR-6125,State Bank of India (Consolidated),Thiruvananthapuram,Semi-Urban,2018,Post-Merger,2017-04-01,5.54%,1.82%,50.29%,0.50%,41.35%,14.78%,"1,208.14","1,709.11"
3491,BR-9885,State Bank of India (Consolidated),Ahmedabad,Metro,2021,Post-Merger,2017-04-01,4.16%,1.51%,44.63%,0.30%,44.46%,14.36%,451.99,553.41
3492,BR-1367,State Bank of Hyderabad   ,Bhopal,Rural,2017,Pre-Merger,01/04/2017,9.19%,,,0.66%,38.46%,12.67%,"1,262.14","1,709.32"
3493,BR-7291,State Bank of India (Consolidated),Chandigarh,Rural,2018,Post-Merger,01/04/2017,8.95%,3.18%,44.25%,0.60%,53.31%,12.50%,158.66,199.40
3494,BR-4237,State Bank of India (Consolidated),Mumbai Metro,Urban,2018,Post-Merger,01/04/2017,6.37%,2.45%,48.60%,0.68%,48.04%,13.95%,465.20,599.96
3495,BR-9860,State Bank of India (Consolidated),Jaipur,Rural,2020,Post-Merger,2017-04-01,4.11%,1.44%,42.62%,0.66%,44.57%,14.64%,"1,403.52","1,861.02"
3496,BR-4801,State Bank of India (Consolidated),Jaipur,Urban,2021,Post-Merger,2017-04-01,6.96%,3.08%,51.49%,0.96%,46.88%,13.15%,"1,402.17","1,839.67"
3497,BR-6574,State Bank of India (Consolidated),Lucknow,Urban,2021,Post-Merger,2017-04-01,6.16%,1.81%,53.13%,1.07%,43.40%,12.51%,"1,305.57","1,843.43"
3498,BR-1944,State Bank of India (Consolidated)   ,Jaipur,Metro,2020,Post-Merger,01/04/2017,3.86%,1.67%,46.79%,1.11%,41.69%,12.80%,"1,354.02","1,689.03"
3499,BR-9431,State Bank of India (Consolidated),Bengaluru,Metro,2020,Post-Merger,2017-04-01,8.51%,3.45%,46.59%,0.66%,45.35%,14.79%,792.12,968.01
3500,BR-6880,State Bank of Travancore,Chennai,Rural,2017,Pre-Merger,2017-04-01,5.38%,3.42%,47.96%,1.17%,40.63%,11.17%,"1,393.19","1,845.88"
3501,BR-3144,State Bank of Travancore,Lucknow,Semi-Urban,2017,Pre-Merger,2017-04-01,11.40%,7.10%,50.89%,0.38%,42.24%,11.82%,959.44,"1,232.62"
3502,BR-5410,State Bank of India (Consolidated),Chandigarh,Rural,2018,Post-Merger,2017-04-01,4.31%,1.61%,41.08%,0.63%,52.14%,14.32%,431.40,574.90
3503,BR-1738,State Bank of India (Consolidated),Hyderabad,Urban,2021,Post-Merger,2017-04-01,6.74%,1.92%,41.94%,0.65%,49.92%,13.03%,"1,362.73","1,581.50"
3504,BR-7720,State Bank of India (Consolidated),Delhi NCR,Semi-Urban,2020,Post-Merger,2017-04-01,10.12%,4.07%,48.47%,1.34%,47.92%,15.75%,"1,070.39","1,251.71"
3505,BR-4334,State Bank of India (Consolidated)   ,Bengaluru,Rural,2020,Post-Merger,01/04/2017,5.26%,2.26%,46.89%,0.86%,50.07%,15.37%,"1,327.82","1,828.59"
3506,BR-8201,State Bank of India (Consolidated),Bhopal,Urban,2018,Post-Merger,2017-04-01,1.84%,0.46%,43.86%,0.73%,44.34%,13.48%,621.54,804.57
3507,BR-3471,State Bank of India (Consolidated),Lucknow,Urban,2020,Post-Merger,2017-04-01,4.34%,1.43%,46.13%,0.46%,45.93%,16.05%,91.70,106.76
3508,BR-4332,State Bank of India (Parent),Chandigarh,Semi-Urban,2016,Pre-Merger,2017-04-01,10.22%,6.90%,50.47%,0.63%,40.96%,10.26%,702.99,908.34
3509,BR-3346,State Bank of Bikaner and Jaipur,Mumbai Metro,Rural,2017,Pre-Merger,2017-04-01,7.08%,4.16%,58.86%,0.41%,41.82%,13.20%,655.78,776.29
3510,BR-6505,State Bank of Hyderabad,Thiruvananthapuram,Urban,2017,Pre-Merger,2017-04-01,2.76%,1.47%,57.19%,0.23%,36.58%,11.29%,159.38,187.94
3511,BR-8773,State Bank of Hyderabad,Jaipur,Rural,2014,Pre-Merger,2017-04-01,7.28%,4.74%,54.43%,-0.31%,41.16%,12.24%,427.30,609.58
3512,BR-5871,State Bank of India (Consolidated),Jaipur,Urban,2018,Post-Merger,2017-04-01,3.76%,1.55%,43.44%,0.67%,42.64%,16.10%,"1,427.41","1,724.44"
3513,BR-2952,State Bank of Patiala,Bhopal,Semi-Urban,2015,Pre-Merger,2017-04-01,11.04%,6.57%,51.64%,1.20%,34.94%,12.59%,135.52,179.23
3514,BR-3910,State Bank of India (Consolidated),Kolkata,Urban,2019,Post-Merger,2017-04-01,7.25%,3.03%,51.66%,0.92%,48.96%,15.36%,304.70,379.27
3515,BR-1100,State Bank of India (Consolidated),Bengaluru,Metro,2021,Post-Merger,2017-04-01,4.58%,1.37%,44.84%,0.28%,51.72%,12.60%,"1,198.06","1,629.50"
3516,BR-9957,State Bank of India (Consolidated),Delhi NCR,Metro,2019,Post-Merger,01/04/2017,5.26%,2.26%,48.65%,0.36%,42.61%,13.92%,"1,110.67","1,300.98"
3517,BR-7042,State Bank of Patiala,Mumbai Metro,Urban,2016,Pre-Merger,2017-04-01,8.95%,5.51%,53.05%,0.20%,33.11%,12.02%,959.91,"1,375.28"
3518,BR-7298,Bharatiya Mahila Bank,Bhopal,Rural,2016,Pre-Merger,01/04/2017,10.28%,5.55%,51.42%,0.18%,39.30%,12.06%,632.51,832.79
3519,BR-9436,State Bank of India (Consolidated)   ,Chennai,Urban,2020,Post-Merger,01/04/2017,5.56%,2.06%,46.75%,1.52%,54.94%,14.08%,293.51,374.70
3520,BR-2317,State Bank of Travancore,Bhopal,Rural,2014,Pre-Merger,01/04/2017,6.63%,4.34%,55.20%,0.06%,33.86%,13.77%,698.87,995.02
3521,BR-7707,State Bank of Bikaner and Jaipur,Chennai,Semi-Urban,2014,Pre-Merger,2017-04-01,2.10%,1.15%,57.09%,0.14%,42.76%,11.92%,117.63,141.22
3522,BR-2379,State Bank of India (Parent),Mumbai Metro,Semi-Urban,2017,Pre-Merger,01/04/2017,12.14%,7.16%,51.73%,-0.30%,41.62%,11.06%,599.47,755.12
3523,BR-9203,State Bank of India (Parent),Mumbai Metro,Semi-Urban,2014,Pre-Merger,2017-04-01,11.67%,7.13%,55.49%,0.90%,43.68%,12.66%,518.86,635.52
3524,BR-8292,State Bank of India (Consolidated),Mumbai Metro,Semi-Urban,2020,Post-Merger,2017-04-01,3.20%,0.80%,51.65%,0.88%,50.01%,13.94%,128.16,163.79
3525,BR-1591,State Bank of India (Parent),Kolkata,Semi-Urban,2014,Pre-Merger,2017-04-01,9.19%,4.68%,55.77%,0.89%,45.54%,12.26%,"1,456.80","1,727.69"
3526,BR-4739,State Bank of India (Consolidated),Bhopal,Semi-Urban,2018,Post-Merger,2017-04-01,10.72%,3.54%,49.78%,0.50%,48.56%,14.34%,"1,010.14","1,166.76"
3527,BR-8949,State Bank of India (Consolidated),Chandigarh,Urban,2018,Post-Merger,2017-04-01,9.95%,2.87%,53.34%,0.60%,48.72%,12.14%,"1,068.13","1,540.83"
3528,BR-8098,State Bank of Bikaner and Jaipur,Thiruvananthapuram,Semi-Urban,2015,Pre-Merger,2017-04-01,10.55%,5.66%,49.71%,-0.69%,40.57%,12.90%,912.39,"1,301.73"
3529,BR-2391,Bharatiya Mahila Bank,Jaipur,Rural,2015,Pre-Merger,01/04/2017,12.60%,7.79%,49.68%,-0.04%,48.12%,12.85%,275.35,339.88
3530,BR-6501,State Bank of Travancore,Delhi NCR,Rural,2015,Pre-Merger,2017-04-01,7.65%,4.01%,52.41%,0.12%,38.54%,12.25%,960.42,"1,234.98"
3531,BR-2480,State Bank of India (Parent),Chennai,Urban,2017,Pre-Merger,2017-04-01,19.64%,13.15%,55.28%,1.20%,48.58%,13.41%,997.91,"1,204.27"
3532,BR-5799,State Bank of India (Consolidated),Lucknow,Urban,2021,Post-Merger,2017-04-01,3.28%,1.22%,51.35%,0.64%,45.27%,13.08%,"1,411.35","1,655.94"
3533,BR-6533,State Bank of India (Consolidated),Delhi NCR,Semi-Urban,2020,Post-Merger,2017-04-01,7.89%,3.11%,45.02%,0.41%,41.01%,14.82%,879.61,"1,052.44"
3534,BR-6586,State Bank of India (Parent),Ahmedabad,Rural,2014,Pre-Merger,2017-04-01,6.75%,3.39%,51.37%,0.22%,38.35%,13.44%,"1,025.86","1,286.34"
3535,BR-6062,State Bank of India (Consolidated),Thiruvananthapuram,Urban,2018,Post-Merger,2017-04-01,4.28%,1.39%,47.08%,0.96%,45.20%,16.45%,"1,190.45","1,571.94"
3536,BR-6268,State Bank of India (Parent),Thiruvananthapuram,Metro,2016,Pre-Merger,01/04/2017,12.72%,7.97%,55.06%,1.01%,40.48%,10.89%,"1,387.85","1,817.36"
3537,BR-1083,State Bank of India (Consolidated)   ,Thiruvananthapuram,Rural,2018,Post-Merger,01/04/2017,4.97%,1.65%,42.46%,0.25%,44.51%,13.82%,949.23,"1,266.44"
3538,BR-5830,State Bank of Travancore,Ahmedabad,Urban,2015,Pre-Merger,01/04/2017,13.43%,8.39%,63.08%,0.93%,46.59%,12.63%,468.24,649.17
3539,BR-1365,State Bank of India (Consolidated),Ahmedabad,Rural,2018,Post-Merger,2017-04-01,5.01%,2.22%,48.53%,0.86%,44.04%,15.70%,816.91,"1,093.72"
3540,BR-5265,State Bank of India (Consolidated)   ,Kolkata,Rural,2019,Post-Merger,01/04/2017,4.40%,1.31%,,0.52%,38.92%,14.93%,"1,051.92","1,229.27"
3541,BR-3778,State Bank of India (Consolidated),Hyderabad,Rural,2018,Post-Merger,2017-04-01,8.03%,2.30%,39.80%,0.68%,44.87%,13.69%,"1,130.39","1,392.93"
3542,BR-5953,State Bank of India (Parent),Chennai,Metro,2016,Pre-Merger,2017-04-01,11.48%,6.44%,55.37%,0.72%,43.94%,13.47%,615.84,824.99
3543,BR-9716,State Bank of India (Parent),Ahmedabad,Semi-Urban,2016,Pre-Merger,2017-04-01,9.21%,5.05%,46.07%,0.28%,42.19%,12.84%,"1,267.34","1,718.62"
3544,BR-5354,State Bank of India (Parent),Bhopal,Semi-Urban,2014,Pre-Merger,2017-04-01,9.08%,5.34%,46.48%,0.71%,37.78%,13.57%,118.93,154.90
3545,BR-3831,State Bank of Mysore   ,Jaipur,Semi-Urban,2014,Pre-Merger,01/04/2017,4.67%,2.46%,48.12%,0.69%,46.80%,11.96%,"1,363.06","1,752.50"
3546,BR-1899,State Bank of India (Consolidated),Jaipur,Rural,2020,Post-Merger,2017-04-01,4.50%,1.47%,44.26%,0.94%,49.68%,14.53%,337.07,410.17
3547,BR-8748,State Bank of India (Parent),Thiruvananthapuram,Urban,2016,Pre-Merger,2017-04-01,13.73%,7.83%,52.28%,0.43%,39.13%,13.32%,646.39,760.04
3548,BR-4171,State Bank of Patiala,Chandigarh,Rural,2016,Pre-Merger,2017-04-01,11.57%,6.63%,63.87%,0.54%,38.73%,12.06%,438.90,530.32
3549,BR-7988,State Bank of India (Consolidated)   ,Chandigarh,Rural,2018,Post-Merger,01/04/2017,5.45%,1.71%,48.88%,0.10%,47.79%,14.04%,"1,130.92","1,495.76"
3550,BR-9848,State Bank of India (Parent)   ,Kolkata,Urban,2014,Pre-Merger,01/04/2017,10.30%,5.32%,,0.16%,36.99%,12.71%,626.38,863.84
3551,BR-5311,State Bank of Mysore,Ahmedabad,Semi-Urban,2015,Pre-Merger,2017-04-01,7.40%,3.88%,48.45%,0.46%,42.42%,12.27%,567.16,790.95
3552,BR-7326,State Bank of India (Consolidated)   ,Lucknow,Rural,2021,Post-Merger,01/04/2017,4.76%,,,0.39%,50.95%,13.51%,"1,320.03","1,646.34"
3553,BR-1442,State Bank of India (Consolidated),Kolkata,Semi-Urban,2018,Post-Merger,01/04/2017,5.01%,2.21%,53.26%,0.51%,50.54%,14.08%,795.45,"1,046.16"
3554,BR-9863,State Bank of Bikaner and Jaipur,Thiruvananthapuram,Urban,2016,Pre-Merger,2017-04-01,6.74%,3.61%,53.38%,-0.32%,41.94%,11.61%,605.89,828.40
3555,BR-2227,Bharatiya Mahila Bank,Chennai,Semi-Urban,2014,Pre-Merger,01/04/2017,9.42%,6.05%,53.11%,0.66%,40.46%,13.20%,"1,237.43","1,426.46"
3556,BR-6795,State Bank of Patiala,Bengaluru,Metro,2017,Pre-Merger,2017-04-01,8.41%,5.63%,54.22%,0.65%,33.74%,12.09%,801.97,958.53
3557,BR-2664,State Bank of India (Consolidated),Jaipur,Semi-Urban,2018,Post-Merger,2017-04-01,6.29%,1.93%,43.87%,0.71%,47.35%,14.66%,315.80,452.33
3558,BR-5760,State Bank of India (Consolidated),Chandigarh,Metro,2019,Post-Merger,2017-04-01,6.44%,1.89%,43.14%,1.00%,39.51%,14.01%,524.18,699.34
3559,BR-5111,State Bank of India (Consolidated),Chennai,Urban,2020,Post-Merger,2017-04-01,5.05%,2.05%,45.35%,0.28%,36.67%,15.69%,84.98,119.57
3560,BR-7696,State Bank of India (Consolidated),Lucknow,Urban,2020,Post-Merger,2017-04-01,7.49%,2.82%,45.02%,0.29%,45.63%,12.49%,909.52,"1,218.17"
3561,BR-8957,State Bank of Bikaner and Jaipur,Delhi NCR,Semi-Urban,2015,Pre-Merger,2017-04-01,12.14%,7.65%,54.24%,0.23%,36.50%,11.43%,663.92,827.51
3562,BR-6729,State Bank of Hyderabad,Kolkata,Semi-Urban,2016,Pre-Merger,2017-04-01,9.36%,4.87%,52.57%,0.04%,35.01%,13.90%,201.18,248.80
3563,BR-3695,State Bank of India (Consolidated),Kolkata,Metro,2021,Post-Merger,01/04/2017,7.26%,2.57%,46.61%,0.85%,48.82%,14.94%,295.64,399.83
3564,BR-6299,State Bank of India (Consolidated),Delhi NCR,Urban,2020,Post-Merger,01/04/2017,1.69%,0.56%,54.07%,0.73%,44.04%,13.18%,844.91,"1,121.09"
3565,BR-4416,State Bank of India (Consolidated),Delhi NCR,Rural,2018,Post-Merger,2017-04-01,5.21%,1.95%,42.12%,0.96%,49.75%,14.21%,"1,336.14","1,884.50"
3566,BR-4940,State Bank of Bikaner and Jaipur,Kolkata,Urban,2017,Pre-Merger,2017-04-01,6.91%,4.44%,55.83%,0.47%,39.92%,12.70%,"1,104.84","1,486.45"
3567,BR-4012,State Bank of Bikaner and Jaipur,Chandigarh,Urban,2017,Pre-Merger,2017-04-01,8.42%,5.67%,54.06%,0.88%,47.85%,13.06%,"1,422.76","1,705.87"
3568,BR-1378,State Bank of India (Consolidated),Lucknow,Rural,2020,Post-Merger,01/04/2017,3.57%,1.47%,45.12%,0.10%,48.34%,13.13%,"1,280.20","1,842.84"
3569,BR-1313,State Bank of India (Consolidated),Lucknow,Rural,2019,Post-Merger,2017-04-01,6.12%,2.12%,48.08%,0.81%,40.68%,15.00%,540.27,704.05
3570,BR-4430,State Bank of Bikaner and Jaipur,Chandigarh,Urban,2015,Pre-Merger,01/04/2017,11.24%,7.26%,54.65%,1.20%,41.45%,14.09%,918.76,"1,118.10"
3571,BR-1425,State Bank of India (Consolidated),Jaipur,Metro,2020,Post-Merger,01/04/2017,4.83%,1.55%,44.68%,1.07%,43.29%,11.93%,524.60,609.56
3572,BR-5438,State Bank of Patiala,Bengaluru,Rural,2017,Pre-Merger,2017-04-01,9.81%,5.55%,58.35%,0.14%,43.34%,12.30%,"1,242.93","1,584.35"
3573,BR-7957,State Bank of India (Parent)   ,Chennai,Urban,2015,Pre-Merger,01/04/2017,7.69%,4.34%,52.78%,1.20%,39.16%,13.29%,819.76,"1,099.64"
3574,BR-2543,State Bank of Travancore,Thiruvananthapuram,Semi-Urban,2016,Pre-Merger,2017-04-01,7.69%,4.56%,53.61%,1.13%,41.82%,12.72%,230.93,317.08
3575,BR-5569,State Bank of Travancore,Lucknow,Rural,2017,Pre-Merger,2017-04-01,5.76%,3.26%,57.67%,0.35%,46.86%,12.61%,973.07,"1,128.92"
3576,BR-1972,State Bank of India (Consolidated),Lucknow,Semi-Urban,2020,Post-Merger,2017-04-01,7.83%,2.52%,48.08%,0.83%,41.33%,12.89%,456.70,544.59
3577,BR-2833,State Bank of India (Consolidated),Hyderabad,Semi-Urban,2018,Post-Merger,2017-04-01,8.60%,3.75%,47.11%,0.56%,44.13%,13.61%,"1,334.31","1,630.41"
3578,BR-2509,State Bank of India (Parent),Chennai,Urban,2015,Pre-Merger,2017-04-01,9.60%,6.13%,54.14%,0.46%,39.59%,10.40%,960.36,"1,158.86"
3579,BR-1563,State Bank of India (Consolidated),Kolkata,Urban,2020,Post-Merger,2017-04-01,3.97%,1.55%,47.44%,0.92%,44.03%,17.14%,344.95,411.87
3580,BR-2172,State Bank of India (Consolidated),Chennai,Semi-Urban,2018,Post-Merger,01/04/2017,3.75%,1.53%,46.80%,1.02%,44.22%,13.65%,757.92,991.18
3581,BR-6687,State Bank of India (Consolidated),Chennai,Rural,2018,Post-Merger,2017-04-01,4.87%,1.91%,48.15%,0.99%,45.46%,14.40%,283.03,386.10
3582,BR-2227,State Bank of India (Consolidated),Bengaluru,Semi-Urban,2021,Post-Merger,2017-04-01,8.35%,3.38%,52.42%,0.61%,49.79%,14.82%,150.36,198.34
3583,BR-6131,State Bank of Mysore,Chennai,Urban,2015,Pre-Merger,2017-04-01,11.82%,7.98%,53.90%,0.64%,40.79%,13.42%,186.58,222.68
3584,BR-4568,State Bank of India (Consolidated),Chennai,Semi-Urban,2018,Post-Merger,2017-04-01,3.71%,1.57%,44.62%,0.45%,41.18%,14.90%,"1,153.26","1,578.09"
3585,BR-8515,State Bank of India (Parent),Bhopal,Urban,2017,Pre-Merger,01/04/2017,6.48%,3.60%,54.04%,0.37%,34.95%,11.84%,470.73,646.70
3586,BR-3884,State Bank of India (Parent),Jaipur,Semi-Urban,2016,Pre-Merger,2017-04-01,6.57%,3.69%,49.36%,0.96%,41.70%,11.84%,742.81,969.93
3587,BR-8498,State Bank of Hyderabad,Lucknow,Urban,2017,Pre-Merger,2017-04-01,4.09%,2.10%,60.06%,0.81%,40.49%,12.08%,961.65,"1,267.03"
3588,BR-4979,State Bank of Hyderabad,Lucknow,Semi-Urban,2014,Pre-Merger,2017-04-01,16.25%,8.92%,47.47%,0.59%,45.55%,13.00%,"1,279.26","1,579.42"
3589,BR-8250,State Bank of Mysore,Thiruvananthapuram,Semi-Urban,2017,Pre-Merger,2017-04-01,9.41%,5.92%,48.01%,-0.08%,44.18%,11.57%,"1,386.62","1,648.33"
3590,BR-8443,State Bank of India (Parent),Chennai,Metro,2014,Pre-Merger,2017-04-01,7.04%,4.23%,57.89%,0.04%,35.23%,12.81%,"1,357.66","1,797.88"
3591,BR-3269,State Bank of India (Consolidated)   ,Ahmedabad,Urban,2020,Post-Merger,01/04/2017,6.06%,,,0.31%,42.66%,12.86%,"1,385.23","1,666.14"
3592,BR-7740,State Bank of India (Consolidated),Jaipur,Semi-Urban,2018,Post-Merger,01/04/2017,6.29%,2.09%,49.21%,1.25%,38.91%,14.86%,863.62,"1,152.65"
3593,BR-1426,State Bank of India (Consolidated),Bengaluru,Urban,2020,Post-Merger,2017-04-01,4.49%,1.71%,49.32%,0.75%,48.92%,15.18%,768.61,"1,034.84"
3594,BR-3914,State Bank of India (Parent),Mumbai Metro,Urban,2015,Pre-Merger,2017-04-01,9.86%,5.73%,60.12%,0.54%,43.88%,11.31%,842.76,"1,083.15"
3595,BR-3209,State Bank of India (Consolidated),Bhopal,Urban,2020,Post-Merger,01/04/2017,7.85%,2.82%,52.06%,1.38%,41.61%,12.05%,228.55,289.34
3596,BR-4192,State Bank of India (Parent),Chennai,Urban,2016,Pre-Merger,2017-04-01,11.00%,6.03%,59.55%,0.50%,44.33%,13.65%,270.09,361.73
3597,BR-1409,State Bank of India (Parent)   ,Ahmedabad,Semi-Urban,2015,Pre-Merger,01/04/2017,9.46%,,,0.93%,43.01%,13.13%,954.11,"1,340.14"
3598,BR-5441,State Bank of India (Parent),Thiruvananthapuram,Semi-Urban,2017,Pre-Merger,01/04/2017,6.81%,3.87%,52.66%,1.20%,40.62%,12.91%,362.77,475.53
3599,BR-7860,State Bank of India (Consolidated),Mumbai Metro,Urban,2021,Post-Merger,2017-04-01,5.20%,1.52%,51.44%,0.71%,48.12%,13.28%,"1,073.82","1,297.37"
3600,BR-6170,State Bank of India (Consolidated),Mumbai Metro,Semi-Urban,2019,Post-Merger,2017-04-01,10.88%,4.19%,52.05%,0.59%,49.16%,15.46%,292.27,377.69
3601,BR-6255,State Bank of India (Parent),Chennai,Urban,2015,Pre-Merger,01/04/2017,8.26%,5.31%,65.61%,0.97%,44.00%,13.31%,940.24,"1,210.09"
3602,BR-2234,State Bank of India (Parent),Hyderabad,Semi-Urban,2014,Pre-Merger,2017-04-01,6.45%,3.29%,56.01%,0.57%,40.82%,10.52%,"1,369.14","1,886.59"
3603,BR-5489,State Bank of Travancore,Hyderabad,Metro,2015,Pre-Merger,2017-04-01,13.12%,8.48%,53.09%,-0.24%,43.59%,12.68%,"1,009.90","1,381.47"
3604,BR-6598,State Bank of India (Parent),Chandigarh,Urban,2016,Pre-Merger,01/04/2017,3.62%,1.90%,57.47%,0.09%,46.18%,14.06%,910.18,"1,158.28"
3605,BR-9192,State Bank of India (Consolidated),Hyderabad,Rural,2019,Post-Merger,2017-04-01,10.59%,2.80%,48.27%,0.35%,41.08%,16.33%,982.03,"1,297.52"
3606,BR-6081,State Bank of India (Consolidated),Hyderabad,Urban,2020,Post-Merger,2017-04-01,6.15%,2.52%,46.17%,0.84%,46.20%,16.39%,267.68,367.22
3607,BR-3312,State Bank of Hyderabad,Mumbai Metro,Metro,2016,Pre-Merger,2017-04-01,8.97%,5.83%,46.33%,-0.16%,35.94%,10.54%,364.49,519.29
3608,BR-9934,State Bank of India (Parent),Bengaluru,Semi-Urban,2017,Pre-Merger,01/04/2017,5.16%,2.87%,57.12%,0.63%,42.45%,12.17%,"1,340.01","1,898.85"
3609,BR-7826,State Bank of Hyderabad,Chandigarh,Metro,2015,Pre-Merger,2017-04-01,9.74%,5.42%,57.19%,-0.14%,39.54%,13.58%,"1,041.64","1,451.35"
3610,BR-5821,State Bank of India (Consolidated),Delhi NCR,Urban,2021,Post-Merger,01/04/2017,6.71%,2.93%,54.96%,0.23%,48.62%,14.08%,"1,040.98","1,328.16"
3611,BR-9810,State Bank of Mysore,Bhopal,Metro,2017,Pre-Merger,2017-04-01,3.93%,2.22%,57.27%,0.46%,46.44%,11.33%,744.39,"1,026.40"
3612,BR-2859,State Bank of Hyderabad,Chandigarh,Metro,2015,Pre-Merger,2017-04-01,6.55%,3.90%,54.36%,0.40%,41.48%,12.09%,177.54,247.69
3613,BR-1875,State Bank of India (Consolidated),Lucknow,Urban,2018,Post-Merger,01/04/2017,6.30%,2.17%,48.50%,0.74%,46.46%,12.66%,526.69,739.16
3614,BR-9461,State Bank of Travancore,Chandigarh,Urban,2015,Pre-Merger,2017-04-01,13.24%,8.49%,62.14%,0.64%,39.27%,14.50%,938.56,"1,104.39"
3615,BR-5189,State Bank of India (Consolidated),Chennai,Rural,2018,Post-Merger,01/04/2017,1.95%,0.67%,50.62%,1.51%,53.18%,14.85%,107.19,123.95
3616,BR-3748,State Bank of India (Consolidated),Thiruvananthapuram,Metro,2018,Post-Merger,2017-04-01,3.93%,1.52%,50.67%,1.24%,48.92%,13.89%,"1,175.60","1,543.10"
3617,BR-4411,State Bank of India (Consolidated),Hyderabad,Urban,2019,Post-Merger,01/04/2017,4.81%,1.78%,46.81%,0.96%,38.13%,14.93%,"1,307.28","1,752.82"
3618,BR-8977,State Bank of India (Consolidated),Chennai,Urban,2018,Post-Merger,2017-04-01,7.06%,2.50%,41.65%,0.74%,48.25%,14.19%,118.46,160.41
3619,BR-5976,State Bank of India (Consolidated),Bengaluru,Rural,2018,Post-Merger,2017-04-01,8.39%,2.55%,49.50%,0.96%,54.27%,13.14%,495.53,611.48
3620,BR-8963,State Bank of India (Parent),Hyderabad,Urban,2016,Pre-Merger,2017-04-01,9.43%,6.41%,57.60%,0.55%,42.37%,11.75%,"1,234.92","1,476.28"
3621,BR-7062,State Bank of Mysore,Bengaluru,Rural,2016,Pre-Merger,01/04/2017,12.77%,8.45%,58.44%,0.01%,41.79%,12.62%,"1,489.83","1,906.59"
3622,BR-2827,State Bank of India (Consolidated),Kolkata,Semi-Urban,2021,Post-Merger,2017-04-01,5.85%,2.49%,47.35%,0.67%,43.97%,13.92%,673.20,904.25
3623,BR-1954,State Bank of India (Consolidated),Bengaluru,Rural,2019,Post-Merger,2017-04-01,5.39%,2.39%,45.87%,0.68%,46.96%,12.29%,745.41,"1,049.73"
3624,BR-3073,State Bank of India (Consolidated)   ,Thiruvananthapuram,Urban,2019,Post-Merger,01/04/2017,8.42%,3.03%,45.17%,1.42%,41.13%,11.57%,668.47,904.22
3625,BR-8254,State Bank of India (Consolidated),Chennai,Semi-Urban,2021,Post-Merger,2017-04-01,4.39%,1.43%,44.90%,0.68%,42.33%,14.05%,330.16,392.56
3626,BR-7390,State Bank of India (Consolidated),Hyderabad,Metro,2018,Post-Merger,2017-04-01,4.09%,1.34%,47.86%,0.67%,44.39%,14.25%,"1,416.58","2,037.03"
3627,BR-7466,State Bank of India (Consolidated),Kolkata,Urban,2019,Post-Merger,01/04/2017,5.62%,1.42%,51.83%,0.84%,48.05%,15.21%,"1,242.38","1,456.99"
3628,BR-4945,State Bank of Hyderabad,Bhopal,Rural,2016,Pre-Merger,2017-04-01,11.54%,6.74%,59.27%,-0.00%,39.10%,9.98%,"1,399.51","1,929.05"
3629,BR-2810,State Bank of India (Consolidated),Kolkata,Urban,2018,Post-Merger,01/04/2017,8.66%,2.51%,49.67%,0.77%,45.01%,14.33%,699.89,929.97
3630,BR-7901,State Bank of India (Consolidated),Jaipur,Rural,2018,Post-Merger,01/04/2017,6.74%,2.62%,50.61%,0.83%,45.58%,14.33%,"1,421.30","1,676.82"
3631,BR-4067,State Bank of India (Consolidated),Ahmedabad,Semi-Urban,2019,Post-Merger,2017-04-01,5.86%,2.47%,47.25%,0.67%,40.65%,14.92%,888.60,"1,275.52"
3632,BR-6485,State Bank of Travancore,Thiruvananthapuram,Semi-Urban,2017,Pre-Merger,01/04/2017,12.16%,7.05%,52.22%,0.56%,40.87%,11.14%,"1,199.35","1,481.78"
3633,BR-8423,State Bank of India (Consolidated),Bengaluru,Metro,2019,Post-Merger,2017-04-01,5.29%,1.84%,43.90%,0.20%,44.58%,12.28%,599.84,708.81
3634,BR-8739,State Bank of India (Parent),Kolkata,Semi-Urban,2017,Pre-Merger,2017-04-01,13.46%,7.30%,57.70%,0.90%,43.81%,11.68%,282.90,355.04
3635,BR-1601,State Bank of India (Consolidated),Thiruvananthapuram,Urban,2020,Post-Merger,2017-04-01,7.65%,3.12%,45.68%,1.38%,47.97%,14.68%,118.04,139.32
3636,BR-3075,State Bank of India (Consolidated),Thiruvananthapuram,Metro,2018,Post-Merger,2017-04-01,5.57%,2.00%,46.10%,1.03%,47.60%,14.76%,662.97,842.48
3637,BR-3037,State Bank of India (Parent),Jaipur,Rural,2017,Pre-Merger,2017-04-01,12.52%,8.11%,48.71%,0.53%,41.27%,11.81%,"1,246.25","1,688.06"
3638,BR-6839,State Bank of India (Parent),Bhopal,Rural,2015,Pre-Merger,2017-04-01,3.15%,2.06%,58.17%,-0.25%,36.23%,12.65%,120.06,154.89
3639,BR-2747,State Bank of Hyderabad,Thiruvananthapuram,Urban,2016,Pre-Merger,2017-04-01,8.71%,5.46%,46.27%,0.23%,38.91%,11.81%,967.03,"1,140.03"
3640,BR-2211,State Bank of India (Consolidated),Bengaluru,Semi-Urban,2021,Post-Merger,2017-04-01,8.20%,2.98%,42.84%,1.07%,51.43%,13.84%,"1,380.27","1,949.41"
3641,BR-8891,State Bank of India (Consolidated)   ,Chennai,Semi-Urban,2019,Post-Merger,01/04/2017,5.17%,1.46%,39.65%,0.26%,49.57%,15.97%,333.98,469.44
3642,BR-4166,State Bank of Mysore,Hyderabad,Metro,2014,Pre-Merger,2017-04-01,5.99%,3.07%,58.45%,0.48%,45.36%,13.23%,848.55,"1,183.58"
3643,BR-6783,State Bank of India (Consolidated),Thiruvananthapuram,Urban,2021,Post-Merger,01/04/2017,5.09%,1.68%,51.59%,0.31%,51.27%,12.88%,510.02,635.60
3644,BR-1554,State Bank of Patiala,Chandigarh,Metro,2016,Pre-Merger,2017-04-01,15.80%,9.05%,53.02%,1.20%,39.91%,10.61%,844.04,"1,087.52"
3645,BR-4871,State Bank of Mysore   ,Hyderabad,Metro,2016,Pre-Merger,01/04/2017,10.35%,7.01%,54.24%,0.53%,45.91%,10.02%,253.28,297.28
3646,BR-5534,State Bank of India (Parent),Chennai,Metro,2014,Pre-Merger,2017-04-01,11.36%,5.69%,60.15%,0.09%,40.75%,12.33%,"1,388.74","1,958.32"
3647,BR-3546,State Bank of India (Consolidated),Jaipur,Rural,2020,Post-Merger,2017-04-01,7.76%,2.83%,44.10%,1.00%,41.31%,13.92%,"1,142.03","1,452.08"
3648,BR-5141,State Bank of India (Consolidated),Lucknow,Urban,2019,Post-Merger,2017-04-01,8.90%,2.62%,47.19%,0.73%,50.43%,13.56%,652.11,918.98
3649,BR-1049,State Bank of India (Consolidated),Bhopal,Urban,2020,Post-Merger,2017-04-01,6.32%,1.93%,40.79%,0.67%,49.29%,13.23%,"1,027.21","1,405.81"
3650,BR-4153,State Bank of India (Parent),Lucknow,Semi-Urban,2017,Pre-Merger,2017-04-01,8.98%,4.98%,51.13%,0.23%,40.83%,12.02%,"1,081.60","1,402.03"
3651,BR-3981,State Bank of India (Consolidated),Ahmedabad,Metro,2020,Post-Merger,2017-04-01,5.59%,2.20%,48.20%,1.03%,46.08%,11.93%,626.47,761.57
3652,BR-9704,State Bank of India (Parent),Chandigarh,Rural,2017,Pre-Merger,2017-04-01,10.07%,5.53%,54.65%,0.52%,38.38%,12.91%,818.50,"1,066.64"
3653,BR-7470,State Bank of Patiala,Kolkata,Metro,2015,Pre-Merger,01/04/2017,9.44%,5.88%,57.85%,0.54%,40.94%,11.69%,778.25,"1,062.64"
3654,BR-3820,State Bank of Mysore,Bengaluru,Urban,2014,Pre-Merger,2017-04-01,9.96%,6.70%,61.16%,0.92%,45.96%,9.96%,852.28,"1,174.34"
3655,BR-6629,State Bank of India (Consolidated)   ,Lucknow,Urban,2019,Post-Merger,01/04/2017,4.44%,1.50%,45.13%,0.24%,44.73%,13.58%,"1,437.57","1,873.07"
3656,BR-4002,State Bank of India (Consolidated),Mumbai Metro,Metro,2020,Post-Merger,2017-04-01,5.60%,2.31%,44.15%,0.76%,44.12%,13.68%,"1,054.52","1,307.42"
3657,BR-9881,State Bank of Patiala   ,Kolkata,Metro,2017,Pre-Merger,01/04/2017,11.10%,6.76%,,0.89%,46.96%,13.04%,575.09,693.22
3658,BR-4330,State Bank of Hyderabad,Chandigarh,Metro,2017,Pre-Merger,2017-04-01,10.16%,5.08%,54.39%,-0.62%,37.86%,10.19%,933.80,"1,278.60"
3659,BR-3646,State Bank of India (Consolidated),Bengaluru,Rural,2019,Post-Merger,2017-04-01,8.84%,3.34%,49.40%,0.78%,38.23%,13.97%,614.98,862.52
3660,BR-6772,State Bank of Travancore,Kolkata,Rural,2017,Pre-Merger,2017-04-01,10.21%,6.33%,57.52%,-0.12%,40.59%,11.69%,"1,371.87","1,861.54"
3661,BR-1727,State Bank of India (Parent),Kolkata,Rural,2017,Pre-Merger,2017-04-01,9.80%,4.92%,47.42%,1.20%,45.75%,12.77%,722.38,"1,016.15"
3662,BR-4511,State Bank of Mysore,Thiruvananthapuram,Semi-Urban,2014,Pre-Merger,01/04/2017,15.63%,9.38%,49.57%,1.02%,39.32%,13.76%,"1,350.15","1,594.80"
3663,BR-9448,State Bank of India (Consolidated),Chennai,Urban,2018,Post-Merger,2017-04-01,6.22%,2.22%,47.29%,0.86%,44.42%,14.24%,950.81,"1,347.93"
3664,BR-8773,Bharatiya Mahila Bank   ,Mumbai Metro,Semi-Urban,2017,Pre-Merger,01/04/2017,5.85%,3.10%,51.41%,-0.54%,46.65%,12.63%,152.85,202.28
3665,BR-3170,State Bank of India (Consolidated),Bengaluru,Rural,2018,Post-Merger,2017-04-01,8.25%,2.95%,51.75%,0.77%,45.20%,13.48%,823.57,953.18
3666,BR-8077,State Bank of India (Consolidated),Chandigarh,Semi-Urban,2020,Post-Merger,2017-04-01,5.60%,2.05%,48.00%,0.22%,42.16%,12.73%,934.63,"1,225.91"
3667,BR-2393,State Bank of India (Parent),Bhopal,Urban,2016,Pre-Merger,01/04/2017,7.18%,3.66%,52.01%,-0.63%,41.98%,12.24%,980.30,"1,354.41"
3668,BR-2321,Bharatiya Mahila Bank,Jaipur,Rural,2015,Pre-Merger,01/04/2017,5.92%,3.13%,56.56%,0.31%,43.44%,11.57%,425.12,498.49
3669,BR-1789,State Bank of India (Parent),Jaipur,Metro,2014,Pre-Merger,2017-04-01,10.17%,6.31%,51.92%,0.81%,49.84%,12.59%,545.13,788.18
3670,BR-5595,State Bank of India (Consolidated),Mumbai Metro,Semi-Urban,2021,Post-Merger,2017-04-01,5.26%,1.83%,46.11%,0.87%,45.65%,13.85%,447.27,609.53
3671,BR-7170,State Bank of India (Consolidated),Chandigarh,Urban,2021,Post-Merger,01/04/2017,1.50%,0.57%,46.34%,0.51%,47.40%,14.04%,221.22,272.50
3672,BR-5490,State Bank of India (Consolidated),Chandigarh,Semi-Urban,2021,Post-Merger,2017-04-01,4.95%,1.36%,48.84%,1.55%,43.83%,16.10%,"1,064.48","1,275.12"
3673,BR-8147,State Bank of India (Parent),Mumbai Metro,Urban,2017,Pre-Merger,2017-04-01,3.25%,2.20%,54.28%,0.89%,37.63%,12.55%,"1,307.89","1,528.91"
3674,BR-3139,State Bank of India (Consolidated),Mumbai Metro,Rural,2021,Post-Merger,2017-04-01,7.34%,2.19%,47.59%,0.86%,40.02%,13.41%,"1,155.44","1,614.01"
3675,BR-8525,State Bank of India (Parent),Delhi NCR,Metro,2016,Pre-Merger,01/04/2017,7.95%,4.27%,54.92%,1.20%,38.62%,12.72%,"1,234.54","1,507.34"
3676,BR-4044,State Bank of Travancore,Hyderabad,Rural,2015,Pre-Merger,2017-04-01,7.52%,4.84%,55.11%,0.87%,37.87%,11.39%,826.45,"1,179.51"
3677,BR-5586,State Bank of India (Consolidated),Delhi NCR,Urban,2020,Post-Merger,2017-04-01,4.90%,1.43%,51.37%,0.86%,46.89%,12.51%,965.11,"1,274.50"
3678,BR-9174,State Bank of India (Consolidated),Kolkata,Urban,2020,Post-Merger,2017-04-01,4.01%,1.01%,45.85%,0.74%,49.84%,14.18%,"1,078.77","1,402.26"
3679,BR-7615,State Bank of Bikaner and Jaipur,Hyderabad,Urban,2014,Pre-Merger,2017-04-01,14.20%,8.36%,58.85%,1.20%,42.18%,10.37%,396.62,545.68
3680,BR-6085,State Bank of Hyderabad,Hyderabad,Urban,2016,Pre-Merger,2017-04-01,8.66%,4.60%,51.38%,0.70%,40.99%,11.13%,169.01,198.94
3681,BR-6297,State Bank of India (Consolidated),Delhi NCR,Semi-Urban,2018,Post-Merger,2017-04-01,6.64%,2.06%,49.92%,1.07%,42.65%,13.28%,575.85,699.66
3682,BR-9483,State Bank of India (Consolidated),Ahmedabad,Semi-Urban,2020,Post-Merger,2017-04-01,6.77%,2.35%,46.73%,0.70%,44.49%,14.27%,126.56,179.38
3683,BR-9581,State Bank of India (Parent),Mumbai Metro,Urban,2016,Pre-Merger,2017-04-01,10.25%,6.39%,52.53%,-0.36%,35.94%,12.78%,640.49,831.41
3684,BR-7824,State Bank of India (Consolidated),Ahmedabad,Rural,2020,Post-Merger,2017-04-01,6.19%,2.38%,48.53%,0.79%,48.89%,15.74%,"1,325.08","1,744.46"
3685,BR-3695,State Bank of Mysore,Mumbai Metro,Metro,2014,Pre-Merger,01/04/2017,12.62%,6.80%,54.97%,-0.18%,40.39%,11.74%,"1,431.31","1,932.49"
3686,BR-2190,State Bank of Bikaner and Jaipur,Hyderabad,Semi-Urban,2015,Pre-Merger,2017-04-01,7.54%,4.18%,54.93%,-0.15%,42.19%,12.06%,919.95,"1,136.62"
3687,BR-5778,State Bank of India (Consolidated),Mumbai Metro,Metro,2018,Post-Merger,2017-04-01,6.38%,2.39%,50.84%,0.79%,50.03%,12.98%,889.99,"1,171.18"
3688,BR-5874,State Bank of India (Consolidated),Lucknow,Metro,2019,Post-Merger,2017-04-01,5.20%,1.86%,45.63%,0.62%,44.67%,11.50%,"1,162.44","1,534.41"
3689,BR-7771,State Bank of Patiala,Jaipur,Metro,2016,Pre-Merger,2017-04-01,4.47%,2.58%,57.18%,1.20%,43.69%,11.77%,"1,040.63","1,457.33"
3690,BR-6993,State Bank of India (Parent),Bhopal,Urban,2014,Pre-Merger,2017-04-01,13.60%,8.95%,55.26%,1.02%,43.12%,12.35%,263.66,366.98
3691,BR-6506,State Bank of India (Parent),Mumbai Metro,Rural,2016,Pre-Merger,2017-04-01,9.84%,5.76%,51.67%,0.89%,35.65%,11.46%,973.87,"1,174.72"
3692,BR-1095,State Bank of India (Consolidated),Mumbai Metro,Urban,2018,Post-Merger,2017-04-01,8.65%,2.89%,42.35%,0.60%,47.48%,15.30%,"1,457.83","2,064.45"
3693,BR-6634,State Bank of India (Parent),Mumbai Metro,Urban,2016,Pre-Merger,2017-04-01,9.50%,4.95%,56.52%,0.07%,34.82%,13.99%,"1,157.47","1,556.06"
3694,BR-9520,State Bank of India (Parent),Bengaluru,Rural,2017,Pre-Merger,01/04/2017,14.33%,8.38%,55.46%,0.88%,43.21%,11.61%,506.58,670.30
3695,BR-1038,State Bank of India (Parent),Delhi NCR,Metro,2014,Pre-Merger,2017-04-01,9.49%,5.38%,50.46%,1.10%,40.08%,12.16%,591.55,762.16
3696,BR-9571,State Bank of India (Consolidated),Jaipur,Metro,2021,Post-Merger,2017-04-01,8.57%,2.81%,50.72%,0.32%,44.98%,15.17%,"1,022.89","1,437.48"
3697,BR-3976,State Bank of India (Consolidated),Thiruvananthapuram,Metro,2018,Post-Merger,2017-04-01,4.65%,1.69%,49.87%,0.17%,43.25%,14.93%,997.47,"1,258.61"
3698,BR-2950,State Bank of India (Consolidated),Chandigarh,Metro,2020,Post-Merger,2017-04-01,7.53%,3.35%,50.59%,0.96%,45.87%,11.58%,"1,211.72","1,669.99"
3699,BR-3513,State Bank of Bikaner and Jaipur,Mumbai Metro,Urban,2017,Pre-Merger,2017-04-01,12.28%,7.65%,53.20%,-0.00%,40.41%,11.23%,180.20,240.33
3700,BR-9674,State Bank of India (Consolidated),Kolkata,Metro,2021,Post-Merger,01/04/2017,8.42%,2.57%,41.70%,0.78%,45.10%,15.44%,759.41,"1,016.27"
3701,BR-7841,State Bank of India (Consolidated),Jaipur,Rural,2018,Post-Merger,2017-04-01,4.20%,1.78%,51.69%,1.08%,48.62%,15.08%,"1,426.91","1,699.54"
3702,BR-1561,State Bank of Hyderabad,Ahmedabad,Urban,2017,Pre-Merger,2017-04-01,11.85%,6.45%,61.97%,1.20%,38.66%,12.94%,738.12,"1,061.83"
3703,BR-2600,State Bank of India (Parent)   ,Ahmedabad,Semi-Urban,2015,Pre-Merger,01/04/2017,7.98%,5.42%,54.93%,0.19%,51.76%,14.20%,730.87,985.01
3704,BR-5302,State Bank of India (Consolidated),Chandigarh,Rural,2019,Post-Merger,2017-04-01,5.00%,1.28%,42.92%,0.60%,48.65%,12.83%,"1,441.99","1,747.74"
3705,BR-3653,State Bank of India (Consolidated),Kolkata,Semi-Urban,2019,Post-Merger,2017-04-01,3.79%,1.27%,47.52%,0.58%,48.42%,14.44%,327.68,386.81
3706,BR-8686,State Bank of India (Consolidated),Lucknow,Semi-Urban,2018,Post-Merger,2017-04-01,5.99%,1.71%,43.53%,0.49%,42.85%,14.26%,815.92,959.72
3707,BR-4141,State Bank of India (Consolidated),Chennai,Semi-Urban,2018,Post-Merger,2017-04-01,7.38%,2.94%,41.58%,0.48%,41.84%,14.49%,383.70,516.57
3708,BR-5071,State Bank of India (Parent),Lucknow,Semi-Urban,2016,Pre-Merger,2017-04-01,10.11%,5.71%,50.73%,-0.09%,43.27%,11.36%,"1,436.24","1,817.46"
3709,BR-1601,State Bank of Mysore,Thiruvananthapuram,Semi-Urban,2017,Pre-Merger,2017-04-01,12.11%,6.36%,55.68%,0.06%,36.98%,13.08%,"1,367.89","1,930.86"
3710,BR-1969,State Bank of Travancore,Jaipur,Semi-Urban,2015,Pre-Merger,2017-04-01,9.75%,5.25%,55.06%,0.27%,44.34%,12.82%,304.28,430.69
3711,BR-3056,State Bank of India (Parent),Delhi NCR,Semi-Urban,2014,Pre-Merger,2017-04-01,12.95%,6.87%,56.06%,-0.16%,43.61%,11.30%,187.77,235.51
3712,BR-7008,State Bank of India (Consolidated),Kolkata,Urban,2019,Post-Merger,2017-04-01,1.83%,0.59%,45.19%,0.78%,49.03%,14.96%,"1,254.88","1,505.47"
3713,BR-8962,State Bank of Bikaner and Jaipur,Kolkata,Metro,2016,Pre-Merger,01/04/2017,11.38%,6.37%,51.03%,0.29%,36.98%,13.30%,"1,426.67","1,809.18"
3714,BR-5708,State Bank of Patiala,Bhopal,Rural,2015,Pre-Merger,2017-04-01,3.69%,2.38%,53.35%,0.52%,42.51%,12.34%,"1,192.22","1,372.27"
3715,BR-8616,State Bank of Patiala,Chandigarh,Semi-Urban,2017,Pre-Merger,2017-04-01,11.27%,6.48%,56.24%,-0.33%,38.85%,13.25%,164.75,215.97
3716,BR-2710,State Bank of Hyderabad,Bengaluru,Urban,2014,Pre-Merger,2017-04-01,7.69%,5.21%,51.98%,0.68%,36.25%,11.52%,296.21,351.30
3717,BR-3396,State Bank of India (Consolidated),Mumbai Metro,Urban,2021,Post-Merger,01/04/2017,5.68%,1.43%,42.86%,0.55%,40.91%,14.26%,365.72,503.40
3718,BR-6014,State Bank of Patiala,Chandigarh,Metro,2014,Pre-Merger,2017-04-01,9.27%,5.76%,53.49%,-0.09%,42.64%,13.01%,253.25,317.70
3719,BR-9747,State Bank of Bikaner and Jaipur,Kolkata,Metro,2016,Pre-Merger,2017-04-01,6.71%,3.44%,54.70%,0.24%,43.87%,11.44%,171.84,226.19
3720,BR-3596,State Bank of Travancore,Mumbai Metro,Semi-Urban,2015,Pre-Merger,2017-04-01,11.68%,6.10%,49.16%,0.67%,36.82%,12.02%,"1,050.74","1,334.87"
3721,BR-6391,State Bank of India (Consolidated)   ,Delhi NCR,Rural,2020,Post-Merger,01/04/2017,5.14%,1.91%,47.21%,1.35%,46.25%,15.04%,160.49,228.04
3722,BR-2724,State Bank of India (Consolidated),Hyderabad,Semi-Urban,2021,Post-Merger,2017-04-01,8.57%,2.94%,42.25%,1.27%,42.49%,15.12%,"1,101.49","1,330.62"
3723,BR-7247,State Bank of India (Consolidated),Ahmedabad,Semi-Urban,2018,Post-Merger,01/04/2017,8.41%,3.76%,39.95%,0.59%,42.44%,15.71%,"1,082.73","1,438.54"
3724,BR-1557,State Bank of India (Consolidated),Jaipur,Urban,2019,Post-Merger,2017-04-01,7.78%,1.96%,41.92%,0.64%,44.41%,13.28%,"1,013.21","1,316.29"
3725,BR-8342,State Bank of India (Consolidated),Mumbai Metro,Semi-Urban,2018,Post-Merger,2017-04-01,7.05%,3.12%,43.58%,0.75%,45.24%,12.32%,"1,224.88","1,580.91"
3726,BR-1741,State Bank of India (Parent),Kolkata,Urban,2015,Pre-Merger,2017-04-01,4.75%,2.38%,52.78%,0.53%,46.95%,13.88%,80.79,103.31
3727,BR-6501,State Bank of India (Consolidated),Kolkata,Semi-Urban,2020,Post-Merger,2017-04-01,5.28%,2.06%,50.08%,0.54%,48.68%,14.28%,907.42,"1,123.03"
3728,BR-8468,State Bank of India (Consolidated),Jaipur,Urban,2019,Post-Merger,2017-04-01,1.67%,0.71%,44.80%,1.50%,49.96%,14.03%,"1,146.02","1,620.75"
3729,BR-9186,State Bank of India (Consolidated),Chandigarh,Metro,2020,Post-Merger,01/04/2017,7.02%,1.86%,42.08%,0.10%,46.18%,11.73%,889.86,"1,045.18"
3730,BR-7903,State Bank of India (Consolidated),Chandigarh,Metro,2021,Post-Merger,01/04/2017,6.58%,2.48%,42.61%,1.41%,46.63%,12.59%,"1,452.45","1,751.12"
3731,BR-5425,State Bank of India (Parent),Lucknow,Metro,2015,Pre-Merger,2017-04-01,10.17%,6.04%,51.07%,1.20%,30.00%,12.74%,728.90,856.11
3732,BR-9735,State Bank of India (Consolidated),Jaipur,Urban,2020,Post-Merger,01/04/2017,8.89%,2.89%,45.39%,1.45%,49.80%,12.22%,841.27,"1,026.12"
3733,BR-8345,State Bank of India (Consolidated),Kolkata,Semi-Urban,2020,Post-Merger,2017-04-01,6.06%,2.14%,52.25%,1.09%,43.15%,13.07%,534.41,741.01
3734,BR-9054,State Bank of India (Consolidated),Lucknow,Urban,2020,Post-Merger,2017-04-01,7.37%,2.08%,51.34%,0.58%,35.00%,13.31%,302.02,363.41
3735,BR-9657,State Bank of Bikaner and Jaipur,Delhi NCR,Urban,2015,Pre-Merger,2017-04-01,7.85%,4.69%,52.71%,0.68%,38.03%,12.47%,358.56,491.57
3736,BR-1162,State Bank of India (Consolidated),Delhi NCR,Semi-Urban,2019,Post-Merger,2017-04-01,7.33%,3.04%,49.05%,0.46%,42.24%,12.96%,766.96,935.17
3737,BR-6325,State Bank of India (Consolidated),Chandigarh,Semi-Urban,2019,Post-Merger,01/04/2017,7.33%,3.23%,44.65%,1.02%,43.90%,11.99%,"1,249.53","1,763.20"
3738,BR-8550,State Bank of Bikaner and Jaipur,Hyderabad,Urban,2016,Pre-Merger,2017-04-01,14.44%,7.40%,55.29%,0.30%,44.56%,13.10%,270.97,358.66
3739,BR-2261,State Bank of India (Consolidated),Ahmedabad,Urban,2021,Post-Merger,2017-04-01,6.93%,1.97%,46.07%,0.27%,49.12%,16.33%,819.11,"1,010.71"
3740,BR-2103,State Bank of Hyderabad,Chandigarh,Rural,2014,Pre-Merger,2017-04-01,5.87%,3.58%,56.78%,0.72%,42.02%,12.12%,"1,086.97","1,370.74"
3741,BR-4154,State Bank of India (Parent),Jaipur,Metro,2015,Pre-Merger,2017-04-01,10.89%,6.86%,52.98%,0.08%,41.95%,13.24%,"1,167.58","1,384.10"
3742,BR-3035,State Bank of India (Consolidated),Hyderabad,Urban,2019,Post-Merger,2017-04-01,6.51%,2.86%,49.25%,1.12%,46.98%,15.14%,158.03,198.37
3743,BR-5581,Bharatiya Mahila Bank,Mumbai Metro,Rural,2017,Pre-Merger,01/04/2017,8.20%,4.97%,50.15%,0.67%,37.65%,12.82%,974.42,"1,226.72"
3744,BR-8043,State Bank of India (Consolidated),Thiruvananthapuram,Metro,2021,Post-Merger,2017-04-01,5.67%,2.53%,45.61%,0.49%,50.35%,14.05%,614.69,740.07
3745,BR-2700,State Bank of India (Consolidated),Delhi NCR,Urban,2020,Post-Merger,2017-04-01,7.67%,3.40%,44.19%,0.10%,46.17%,13.78%,716.74,995.80
3746,BR-1522,State Bank of Mysore   ,Chennai,Metro,2016,Pre-Merger,01/04/2017,7.57%,4.06%,61.99%,0.29%,38.48%,12.40%,871.92,"1,135.99"
3747,BR-2376,State Bank of Mysore,Thiruvananthapuram,Metro,2015,Pre-Merger,2017-04-01,10.33%,5.50%,53.72%,0.06%,42.69%,11.48%,617.94,737.24
3748,BR-9616,State Bank of Bikaner and Jaipur,Chennai,Rural,2016,Pre-Merger,2017-04-01,11.24%,6.99%,56.23%,-0.22%,41.19%,12.52%,"1,445.30","1,794.31"
3749,BR-6536,State Bank of Bikaner and Jaipur,Bhopal,Metro,2016,Pre-Merger,2017-04-01,8.41%,4.59%,51.36%,0.75%,41.26%,12.23%,104.56,122.39
3750,BR-5314,State Bank of India (Consolidated)   ,Lucknow,Metro,2020,Post-Merger,01/04/2017,8.06%,2.28%,,1.05%,50.38%,12.42%,"1,165.21","1,404.35"
3751,BR-4650,State Bank of India (Consolidated),Mumbai Metro,Rural,2020,Post-Merger,2017-04-01,4.91%,1.52%,46.51%,0.63%,49.19%,12.96%,503.08,701.17
3752,BR-9495,State Bank of India (Consolidated),Delhi NCR,Urban,2020,Post-Merger,01/04/2017,4.69%,1.33%,50.39%,0.49%,44.88%,13.91%,"1,397.21","1,895.51"
3753,BR-5865,State Bank of India (Consolidated),Bhopal,Semi-Urban,2019,Post-Merger,2017-04-01,8.92%,2.95%,51.20%,0.86%,50.07%,14.18%,907.36,"1,260.42"
3754,BR-4098,State Bank of India (Consolidated),Ahmedabad,Urban,2018,Post-Merger,2017-04-01,5.93%,2.08%,49.36%,0.78%,42.06%,12.91%,"1,269.85","1,609.67"
3755,BR-4414,State Bank of India (Consolidated),Ahmedabad,Urban,2018,Post-Merger,2017-04-01,3.34%,1.48%,49.48%,1.09%,48.88%,15.52%,128.81,177.35
3756,BR-7142,State Bank of India (Consolidated),Delhi NCR,Rural,2021,Post-Merger,01/04/2017,6.70%,2.57%,51.85%,0.58%,47.36%,16.88%,85.29,109.23
3757,BR-5277,State Bank of India (Parent),Chandigarh,Metro,2016,Pre-Merger,2017-04-01,12.26%,7.97%,54.72%,1.20%,36.70%,12.42%,219.80,276.03
3758,BR-1589,State Bank of India (Consolidated),Ahmedabad,Rural,2021,Post-Merger,01/04/2017,9.39%,3.07%,49.33%,0.89%,47.13%,15.06%,424.70,566.80
3759,BR-8064,State Bank of India (Parent),Ahmedabad,Rural,2015,Pre-Merger,2017-04-01,3.40%,2.15%,59.07%,0.14%,38.51%,11.25%,932.91,"1,198.14"
3760,BR-5418,Bharatiya Mahila Bank,Chennai,Urban,2015,Pre-Merger,2017-04-01,11.95%,7.09%,54.73%,-0.28%,41.48%,13.44%,"1,141.81","1,500.78"
3761,BR-3417,State Bank of India (Consolidated),Delhi NCR,Semi-Urban,2020,Post-Merger,2017-04-01,5.11%,2.25%,44.71%,0.76%,39.18%,12.18%,"1,479.42","1,712.94"
3762,BR-2448,State Bank of India (Consolidated),Delhi NCR,Rural,2018,Post-Merger,01/04/2017,8.65%,2.44%,45.40%,0.72%,47.03%,12.57%,"1,161.33","1,653.00"
3763,BR-7183,State Bank of Patiala,Lucknow,Metro,2014,Pre-Merger,2017-04-01,4.81%,2.54%,66.49%,-0.54%,35.37%,13.44%,164.79,231.45
3764,BR-2632,State Bank of India (Parent)   ,Lucknow,Urban,2017,Pre-Merger,01/04/2017,15.21%,7.62%,55.05%,0.23%,40.64%,11.73%,"1,479.81","2,054.82"
3765,BR-1890,State Bank of Hyderabad,Thiruvananthapuram,Urban,2016,Pre-Merger,01/04/2017,10.32%,5.75%,53.62%,0.28%,35.31%,12.65%,"1,289.72","1,734.04"
3766,BR-4567,State Bank of India (Consolidated),Chandigarh,Rural,2018,Post-Merger,2017-04-01,4.32%,1.61%,47.54%,0.85%,42.40%,15.54%,912.17,"1,135.63"
3767,BR-7212,State Bank of India (Parent),Kolkata,Metro,2014,Pre-Merger,2017-04-01,8.70%,5.68%,54.04%,0.38%,39.93%,12.58%,186.62,249.04
3768,BR-3685,State Bank of India (Parent),Bengaluru,Urban,2017,Pre-Merger,2017-04-01,4.58%,2.32%,55.18%,0.22%,39.91%,12.72%,787.32,"1,046.48"
3769,BR-3875,State Bank of Bikaner and Jaipur,Bhopal,Metro,2017,Pre-Merger,2017-04-01,7.67%,4.61%,50.67%,-0.54%,30.00%,11.01%,596.41,849.30
3770,BR-2337,State Bank of India (Consolidated),Bengaluru,Urban,2019,Post-Merger,2017-04-01,4.66%,1.48%,48.18%,0.10%,45.49%,13.91%,356.79,420.78
3771,BR-4392,State Bank of India (Consolidated),Delhi NCR,Urban,2019,Post-Merger,2017-04-01,6.23%,2.37%,47.20%,0.42%,49.48%,12.49%,"1,052.97","1,319.74"
3772,BR-4082,State Bank of India (Consolidated),Delhi NCR,Rural,2018,Post-Merger,2017-04-01,5.67%,2.07%,51.45%,1.41%,45.54%,14.83%,918.07,"1,185.68"
3773,BR-2444,State Bank of India (Consolidated),Chennai,Metro,2021,Post-Merger,2017-04-01,3.40%,1.21%,45.60%,0.94%,50.75%,13.29%,132.54,169.37
3774,BR-4896,State Bank of India (Consolidated),Lucknow,Metro,2021,Post-Merger,2017-04-01,4.69%,1.47%,50.06%,1.06%,42.72%,12.96%,628.71,842.69
3775,BR-4283,State Bank of Hyderabad,Hyderabad,Urban,2015,Pre-Merger,2017-04-01,6.88%,4.58%,48.81%,0.37%,39.18%,10.86%,431.89,514.15
3776,BR-9829,State Bank of Hyderabad,Hyderabad,Semi-Urban,2015,Pre-Merger,2017-04-01,5.63%,3.55%,47.37%,-0.54%,36.76%,11.81%,"1,150.56","1,397.42"
3777,BR-4470,State Bank of India (Parent),Hyderabad,Semi-Urban,2016,Pre-Merger,01/04/2017,3.39%,2.21%,58.85%,0.20%,41.27%,11.51%,81.43,106.22
3778,BR-8710,State Bank of India (Parent),Jaipur,Metro,2014,Pre-Merger,2017-04-01,8.37%,4.54%,46.80%,0.43%,33.86%,12.63%,81.39,102.47
3779,BR-4358,Bharatiya Mahila Bank   ,Chandigarh,Metro,2015,Pre-Merger,01/04/2017,12.52%,7.41%,51.22%,0.55%,37.55%,12.34%,533.45,670.59
3780,BR-2234,State Bank of India (Consolidated),Chennai,Semi-Urban,2018,Post-Merger,01/04/2017,9.62%,2.69%,44.40%,0.76%,39.63%,14.82%,"1,275.13","1,610.34"
3781,BR-5351,State Bank of India (Consolidated),Hyderabad,Metro,2018,Post-Merger,2017-04-01,8.25%,2.47%,51.87%,0.80%,45.24%,12.53%,452.14,623.92
3782,BR-5944,State Bank of India (Consolidated),Bhopal,Urban,2018,Post-Merger,01/04/2017,6.13%,2.34%,41.66%,0.30%,44.58%,15.54%,"1,297.23","1,688.71"
3783,BR-4623,State Bank of India (Consolidated)   ,Chandigarh,Rural,2021,Post-Merger,01/04/2017,6.84%,,,0.96%,46.30%,15.20%,"1,466.29","1,846.31"
3784,BR-9390,State Bank of Hyderabad,Thiruvananthapuram,Semi-Urban,2014,Pre-Merger,2017-04-01,10.91%,5.80%,59.10%,0.26%,42.36%,13.74%,"1,228.37","1,468.94"
3785,BR-5866,State Bank of India (Consolidated),Bhopal,Semi-Urban,2020,Post-Merger,01/04/2017,6.19%,2.73%,50.82%,0.94%,51.33%,15.37%,208.06,249.76
3786,BR-3567,State Bank of India (Consolidated),Kolkata,Semi-Urban,2018,Post-Merger,2017-04-01,6.54%,1.68%,48.38%,0.31%,45.84%,14.04%,"1,268.60","1,708.17"
3787,BR-1821,State Bank of India (Consolidated),Jaipur,Semi-Urban,2018,Post-Merger,01/04/2017,6.57%,2.75%,41.20%,1.60%,49.35%,13.89%,818.09,"1,044.61"
3788,BR-3337,State Bank of India (Consolidated),Ahmedabad,Urban,2018,Post-Merger,2017-04-01,4.39%,1.72%,51.24%,0.84%,54.79%,13.29%,262.90,368.27
3789,BR-4969,State Bank of Patiala,Lucknow,Metro,2017,Pre-Merger,2017-04-01,3.83%,2.31%,54.44%,0.57%,39.80%,12.94%,440.08,612.69
3790,BR-1735,State Bank of India (Consolidated),Lucknow,Rural,2018,Post-Merger,2017-04-01,6.84%,2.33%,53.31%,0.24%,46.30%,15.52%,264.11,327.99
3791,BR-1488,State Bank of India (Parent),Delhi NCR,Semi-Urban,2016,Pre-Merger,2017-04-01,9.41%,5.38%,46.59%,0.91%,38.93%,14.50%,687.84,931.52
3792,BR-8717,State Bank of India (Consolidated),Thiruvananthapuram,Semi-Urban,2020,Post-Merger,2017-04-01,12.37%,4.72%,44.91%,0.87%,47.94%,15.72%,102.71,136.58
3793,BR-8454,State Bank of India (Parent),Delhi NCR,Semi-Urban,2017,Pre-Merger,01/04/2017,8.63%,4.32%,51.97%,0.81%,35.17%,12.63%,249.87,352.23
3794,BR-4058,State Bank of India (Consolidated),Chennai,Rural,2021,Post-Merger,01/04/2017,6.06%,2.54%,39.07%,0.85%,40.14%,13.10%,146.30,205.63
3795,BR-8851,State Bank of India (Parent),Ahmedabad,Semi-Urban,2014,Pre-Merger,2017-04-01,8.62%,5.38%,56.74%,1.20%,40.35%,11.65%,424.38,557.86
3796,BR-5778,State Bank of India (Parent),Ahmedabad,Metro,2017,Pre-Merger,2017-04-01,7.76%,4.91%,53.82%,-0.37%,45.12%,12.44%,976.48,"1,402.67"
3797,BR-2993,State Bank of India (Parent),Kolkata,Urban,2014,Pre-Merger,2017-04-01,9.80%,5.55%,59.75%,-0.25%,37.07%,11.97%,995.62,"1,260.02"
3798,BR-3608,State Bank of India (Parent),Thiruvananthapuram,Urban,2016,Pre-Merger,2017-04-01,8.36%,5.18%,65.05%,-0.46%,39.91%,10.78%,"1,168.11","1,612.14"
3799,BR-5164,State Bank of India (Consolidated),Hyderabad,Rural,2019,Post-Merger,2017-04-01,7.39%,1.85%,52.13%,0.61%,46.87%,12.00%,"1,397.63","1,817.80"
3800,BR-7749,State Bank of Travancore   ,Ahmedabad,Metro,2016,Pre-Merger,01/04/2017,8.51%,4.36%,50.95%,0.54%,43.04%,12.81%,795.11,"1,072.06"
3801,BR-6652,State Bank of Patiala,Mumbai Metro,Urban,2015,Pre-Merger,01/04/2017,8.95%,4.86%,57.10%,1.20%,39.96%,12.66%,807.99,963.32
3802,BR-4551,State Bank of India (Consolidated),Bhopal,Metro,2021,Post-Merger,2017-04-01,4.93%,1.60%,47.71%,1.08%,47.27%,15.18%,381.90,538.59
3803,BR-2121,State Bank of India (Consolidated),Kolkata,Metro,2018,Post-Merger,01/04/2017,5.90%,2.47%,51.67%,0.56%,40.50%,13.65%,"1,350.58","1,678.72"
3804,BR-3095,State Bank of Mysore   ,Bengaluru,Semi-Urban,2016,Pre-Merger,01/04/2017,10.96%,6.38%,58.11%,1.17%,36.16%,12.77%,523.87,656.58
3805,BR-3998,State Bank of India (Consolidated),Jaipur,Metro,2021,Post-Merger,01/04/2017,5.81%,1.80%,49.58%,0.78%,47.79%,15.23%,397.53,486.71
3806,BR-8619,State Bank of India (Parent),Thiruvananthapuram,Urban,2015,Pre-Merger,2017-04-01,7.54%,4.40%,49.97%,1.16%,42.19%,11.64%,"1,208.39","1,479.43"
3807,BR-6662,State Bank of India (Consolidated),Lucknow,Urban,2020,Post-Merger,01/04/2017,8.34%,2.45%,44.99%,0.98%,49.10%,14.27%,951.98,"1,151.97"
3808,BR-1206,State Bank of India (Consolidated),Kolkata,Semi-Urban,2018,Post-Merger,2017-04-01,3.03%,1.31%,42.51%,0.66%,44.49%,13.63%,253.18,326.01
3809,BR-2788,State Bank of India (Consolidated),Hyderabad,Metro,2021,Post-Merger,01/04/2017,6.58%,2.39%,49.59%,0.97%,46.31%,13.48%,993.48,"1,200.53"
3810,BR-8210,State Bank of India (Consolidated),Thiruvananthapuram,Rural,2021,Post-Merger,2017-04-01,5.75%,2.51%,45.17%,0.77%,39.29%,15.09%,"1,184.95","1,529.75"
3811,BR-4148,State Bank of Hyderabad,Chandigarh,Urban,2014,Pre-Merger,2017-04-01,3.15%,1.97%,54.04%,1.15%,47.66%,10.82%,"1,320.30","1,733.80"
3812,BR-7079,State Bank of India (Consolidated),Thiruvananthapuram,Metro,2018,Post-Merger,2017-04-01,3.65%,1.05%,50.39%,0.28%,41.09%,14.17%,"1,369.24","1,779.31"
3813,BR-5544,State Bank of India (Parent),Hyderabad,Metro,2016,Pre-Merger,2017-04-01,10.31%,6.95%,60.44%,0.49%,37.62%,13.14%,518.45,603.69
3814,BR-4136,State Bank of India (Consolidated),Bengaluru,Semi-Urban,2019,Post-Merger,01/04/2017,1.50%,0.41%,48.72%,0.60%,45.16%,13.25%,655.10,942.07
3815,BR-6634,State Bank of India (Parent),Kolkata,Rural,2016,Pre-Merger,2017-04-01,11.28%,6.17%,62.45%,0.11%,46.13%,11.68%,649.87,779.98
3816,BR-2234,State Bank of Bikaner and Jaipur,Kolkata,Metro,2015,Pre-Merger,01/04/2017,9.75%,5.79%,48.79%,1.20%,44.94%,12.54%,138.28,179.61
3817,BR-7346,State Bank of India (Consolidated),Chandigarh,Urban,2018,Post-Merger,01/04/2017,6.54%,2.05%,52.60%,1.05%,48.41%,13.91%,"1,023.62","1,282.57"
3818,BR-9318,State Bank of India (Parent),Thiruvananthapuram,Metro,2015,Pre-Merger,2017-04-01,2.89%,1.93%,55.57%,1.08%,38.39%,12.30%,"1,002.30","1,251.31"
3819,BR-2779,State Bank of Hyderabad,Hyderabad,Urban,2017,Pre-Merger,2017-04-01,5.33%,3.29%,55.87%,1.20%,42.25%,12.05%,"1,497.06","2,031.19"
3820,BR-4336,State Bank of Travancore,Jaipur,Rural,2016,Pre-Merger,01/04/2017,6.70%,3.48%,52.14%,-0.19%,46.89%,12.27%,"1,458.83","1,834.69"
3821,BR-5875,State Bank of India (Parent),Hyderabad,Rural,2014,Pre-Merger,2017-04-01,7.98%,4.93%,50.31%,1.20%,40.84%,12.79%,301.36,376.39
3822,BR-1838,State Bank of India (Consolidated),Ahmedabad,Urban,2019,Post-Merger,2017-04-01,5.06%,2.04%,45.81%,0.63%,44.04%,12.20%,108.88,157.61
3823,BR-7769,State Bank of Mysore,Bhopal,Urban,2017,Pre-Merger,2017-04-01,3.77%,2.51%,58.80%,1.20%,41.92%,13.74%,564.28,786.15
3824,BR-1045,State Bank of India (Consolidated),Bhopal,Semi-Urban,2018,Post-Merger,01/04/2017,5.10%,1.93%,47.83%,0.43%,36.54%,14.10%,"1,364.69","1,798.00"
3825,BR-2163,State Bank of India (Consolidated),Thiruvananthapuram,Semi-Urban,2018,Post-Merger,2017-04-01,5.55%,2.17%,42.02%,1.33%,40.36%,14.65%,490.81,646.48
3826,BR-2959,State Bank of India (Parent),Thiruvananthapuram,Metro,2016,Pre-Merger,2017-04-01,7.90%,4.38%,53.43%,0.28%,41.86%,12.60%,"1,088.93","1,408.37"
3827,BR-4909,State Bank of Hyderabad,Chandigarh,Semi-Urban,2015,Pre-Merger,2017-04-01,11.30%,6.54%,43.68%,-0.24%,40.97%,11.26%,"1,410.68","1,968.88"
3828,BR-1303,State Bank of India (Consolidated),Chandigarh,Semi-Urban,2020,Post-Merger,2017-04-01,4.31%,1.55%,48.66%,0.82%,43.36%,11.50%,363.82,427.42
3829,BR-2452,State Bank of India (Consolidated),Bhopal,Urban,2019,Post-Merger,2017-04-01,7.84%,2.89%,40.64%,0.71%,50.87%,14.55%,"1,244.60","1,446.29"
3830,BR-5966,State Bank of India (Consolidated),Lucknow,Rural,2019,Post-Merger,01/04/2017,5.21%,1.97%,44.18%,0.90%,42.51%,14.35%,"1,138.69","1,331.27"
3831,BR-4624,State Bank of India (Consolidated),Lucknow,Rural,2020,Post-Merger,2017-04-01,6.44%,2.29%,50.34%,0.65%,44.50%,15.52%,"1,057.87","1,273.93"
3832,BR-1625,State Bank of India (Consolidated),Chennai,Rural,2019,Post-Merger,2017-04-01,6.64%,1.76%,52.70%,1.02%,43.53%,13.25%,447.63,640.98
3833,BR-2242,State Bank of India (Parent),Mumbai Metro,Rural,2016,Pre-Merger,2017-04-01,15.12%,9.93%,58.23%,1.14%,38.48%,13.05%,742.78,"1,001.64"
3834,BR-9000,State Bank of India (Consolidated),Ahmedabad,Urban,2020,Post-Merger,2017-04-01,3.79%,1.34%,43.30%,1.04%,47.46%,14.56%,"1,236.66","1,518.21"
3835,BR-9119,State Bank of Bikaner and Jaipur,Kolkata,Semi-Urban,2017,Pre-Merger,2017-04-01,9.35%,5.67%,57.78%,0.08%,37.31%,12.68%,655.51,815.01
3836,BR-2818,State Bank of Mysore,Delhi NCR,Rural,2015,Pre-Merger,2017-04-01,10.96%,5.95%,53.46%,0.26%,33.97%,11.69%,"1,393.63","1,771.54"
3837,BR-5431,State Bank of India (Consolidated)   ,Kolkata,Rural,2019,Post-Merger,01/04/2017,4.96%,,,0.52%,41.87%,14.48%,"1,341.83","1,919.87"
3838,BR-6387,State Bank of India (Consolidated)   ,Delhi NCR,Metro,2021,Post-Merger,01/04/2017,9.62%,3.05%,51.68%,0.34%,43.77%,15.09%,683.18,807.17
3839,BR-1845,State Bank of Bikaner and Jaipur,Chennai,Urban,2016,Pre-Merger,01/04/2017,10.41%,6.54%,52.90%,0.83%,33.22%,11.99%,"1,297.74","1,749.60"
3840,BR-2252,State Bank of India (Consolidated),Kolkata,Urban,2021,Post-Merger,2017-04-01,4.22%,1.37%,52.05%,0.71%,45.21%,13.82%,773.55,959.01
3841,BR-6804,State Bank of India (Parent),Ahmedabad,Urban,2014,Pre-Merger,2017-04-01,8.69%,4.94%,55.56%,0.14%,39.17%,9.98%,380.92,483.03
3842,BR-3030,State Bank of India (Parent),Bengaluru,Urban,2017,Pre-Merger,2017-04-01,9.91%,6.42%,61.08%,1.00%,42.46%,12.17%,"1,458.58","1,898.98"
3843,BR-1707,State Bank of India (Parent),Bengaluru,Rural,2015,Pre-Merger,01/04/2017,9.52%,6.03%,48.30%,-0.11%,39.63%,13.38%,"1,205.42","1,739.55"
3844,BR-3882,State Bank of Bikaner and Jaipur,Thiruvananthapuram,Rural,2014,Pre-Merger,2017-04-01,5.41%,3.38%,58.86%,0.17%,41.60%,12.29%,136.53,192.35
3845,BR-6791,State Bank of India (Parent),Kolkata,Rural,2015,Pre-Merger,2017-04-01,11.16%,6.84%,48.81%,-0.36%,35.05%,12.99%,292.51,384.78
3846,BR-2275,State Bank of India (Consolidated),Mumbai Metro,Rural,2021,Post-Merger,01/04/2017,5.92%,2.51%,47.86%,1.04%,45.25%,13.27%,334.57,447.83
3847,BR-7298,State Bank of Travancore,Chandigarh,Rural,2016,Pre-Merger,01/04/2017,9.16%,6.11%,53.94%,-0.91%,43.25%,12.42%,"1,262.07","1,562.07"
3848,BR-8025,State Bank of India (Parent),Bhopal,Urban,2016,Pre-Merger,2017-04-01,10.74%,5.84%,61.34%,-0.76%,40.90%,14.50%,"1,072.39","1,461.13"
3849,BR-6495,State Bank of Patiala,Lucknow,Semi-Urban,2015,Pre-Merger,01/04/2017,9.81%,6.65%,59.06%,0.04%,38.56%,12.96%,682.76,873.33
3850,BR-5429,State Bank of India (Parent),Jaipur,Semi-Urban,2016,Pre-Merger,2017-04-01,2.10%,1.16%,42.00%,0.79%,34.45%,11.23%,289.00,403.52
3851,BR-9489,State Bank of India (Consolidated),Thiruvananthapuram,Urban,2019,Post-Merger,2017-04-01,5.38%,1.56%,49.45%,0.47%,42.66%,15.42%,602.72,725.03
3852,BR-8025,State Bank of India (Consolidated),Lucknow,Metro,2018,Post-Merger,2017-04-01,6.89%,2.11%,47.16%,0.82%,42.40%,12.69%,238.03,305.02
3853,BR-7839,State Bank of India (Parent),Ahmedabad,Semi-Urban,2014,Pre-Merger,2017-04-01,8.34%,5.54%,54.23%,0.57%,37.81%,13.58%,"1,140.57","1,322.76"
3854,BR-5595,State Bank of India (Consolidated),Chandigarh,Urban,2021,Post-Merger,01/04/2017,7.02%,2.71%,39.30%,0.85%,46.29%,16.41%,"1,442.73","1,814.01"
3855,BR-1660,State Bank of India (Parent),Delhi NCR,Semi-Urban,2016,Pre-Merger,2017-04-01,8.89%,5.76%,46.17%,0.91%,40.50%,11.80%,180.14,234.72
3856,BR-7751,State Bank of India (Consolidated),Mumbai Metro,Urban,2018,Post-Merger,2017-04-01,4.77%,1.69%,48.43%,1.21%,44.98%,14.35%,926.63,"1,247.77"
3857,BR-7970,State Bank of Travancore,Ahmedabad,Semi-Urban,2014,Pre-Merger,01/04/2017,12.15%,6.27%,61.18%,1.20%,38.92%,13.34%,"1,266.18","1,507.53"
3858,BR-1149,State Bank of India (Consolidated),Bhopal,Semi-Urban,2018,Post-Merger,01/04/2017,5.87%,2.31%,44.26%,1.40%,49.81%,14.24%,930.40,"1,191.56"
3859,BR-8893,State Bank of India (Parent)   ,Lucknow,Semi-Urban,2014,Pre-Merger,01/04/2017,9.80%,,,0.43%,35.79%,12.56%,931.95,"1,258.12"
3860,BR-7824,State Bank of Hyderabad,Bhopal,Urban,2014,Pre-Merger,2017-04-01,9.91%,5.76%,54.86%,-0.13%,37.26%,12.97%,"1,184.53","1,570.60"
3861,BR-9489,State Bank of Patiala,Ahmedabad,Urban,2014,Pre-Merger,01/04/2017,12.42%,7.43%,49.48%,1.04%,41.61%,12.31%,172.71,206.97
3862,BR-1420,State Bank of India (Parent),Lucknow,Semi-Urban,2015,Pre-Merger,01/04/2017,13.19%,8.10%,47.81%,-0.33%,40.80%,12.58%,"1,042.81","1,395.61"
3863,BR-5043,State Bank of India (Consolidated),Chandigarh,Rural,2018,Post-Merger,2017-04-01,6.77%,2.12%,52.01%,1.24%,42.62%,16.45%,304.81,422.50
3864,BR-8833,State Bank of Hyderabad,Bhopal,Urban,2017,Pre-Merger,2017-04-01,11.67%,6.89%,54.36%,0.59%,45.71%,13.20%,972.95,"1,379.12"
3865,BR-1624,State Bank of India (Parent),Ahmedabad,Urban,2014,Pre-Merger,2017-04-01,9.68%,5.81%,61.58%,-0.05%,34.19%,13.26%,629.69,854.70
3866,BR-7221,State Bank of India (Consolidated)   ,Ahmedabad,Rural,2019,Post-Merger,01/04/2017,7.29%,,,0.98%,45.71%,15.15%,595.61,855.66
3867,BR-5488,State Bank of India (Consolidated),Chandigarh,Rural,2020,Post-Merger,2017-04-01,7.36%,2.63%,41.57%,0.10%,40.13%,13.04%,493.75,664.09
3868,BR-8522,State Bank of Patiala   ,Chennai,Semi-Urban,2016,Pre-Merger,01/04/2017,7.79%,4.62%,53.75%,0.65%,42.61%,13.15%,"1,443.59","2,034.60"
3869,BR-9370,State Bank of India (Consolidated),Delhi NCR,Rural,2018,Post-Merger,2017-04-01,4.68%,1.78%,49.05%,0.37%,44.26%,15.96%,529.79,693.31
3870,BR-1131,State Bank of India (Consolidated),Bengaluru,Metro,2018,Post-Merger,2017-04-01,5.57%,2.46%,48.18%,0.10%,41.17%,13.33%,"1,187.61","1,597.00"
3871,BR-7558,State Bank of India (Consolidated),Chandigarh,Semi-Urban,2019,Post-Merger,01/04/2017,4.40%,1.21%,47.04%,1.05%,53.00%,13.43%,"1,336.32","1,590.84"
3872,BR-2061,State Bank of India (Consolidated),Jaipur,Urban,2021,Post-Merger,2017-04-01,5.13%,1.96%,41.58%,0.76%,50.68%,14.69%,"1,059.32","1,406.62"
3873,BR-5630,State Bank of India (Parent),Thiruvananthapuram,Rural,2014,Pre-Merger,2017-04-01,11.45%,6.53%,48.33%,0.41%,33.89%,12.06%,396.88,467.89
3874,BR-8886,State Bank of Bikaner and Jaipur,Jaipur,Urban,2017,Pre-Merger,01/04/2017,9.67%,5.75%,61.61%,0.05%,38.20%,12.36%,273.97,330.87
3875,BR-2611,State Bank of India (Parent),Chennai,Rural,2016,Pre-Merger,2017-04-01,10.90%,5.93%,48.27%,-0.36%,47.18%,12.36%,964.10,"1,269.69"
3876,BR-1987,State Bank of India (Consolidated),Bhopal,Urban,2018,Post-Merger,2017-04-01,7.76%,3.03%,45.79%,1.30%,40.88%,13.05%,412.84,587.71
3877,BR-6290,State Bank of India (Consolidated),Chandigarh,Urban,2021,Post-Merger,2017-04-01,5.08%,1.71%,44.87%,1.18%,46.20%,14.93%,730.99,935.52
3878,BR-8662,State Bank of India (Consolidated),Bengaluru,Metro,2021,Post-Merger,2017-04-01,5.16%,2.02%,50.27%,0.35%,48.52%,14.36%,204.87,248.79
3879,BR-6236,State Bank of India (Consolidated),Bhopal,Metro,2019,Post-Merger,2017-04-01,6.28%,2.78%,46.54%,0.97%,43.92%,15.77%,658.50,771.18
3880,BR-9933,State Bank of India (Parent)   ,Bengaluru,Urban,2016,Pre-Merger,01/04/2017,8.63%,5.85%,48.57%,1.20%,41.73%,13.10%,"1,152.05","1,526.02"
3881,BR-3224,State Bank of Hyderabad,Thiruvananthapuram,Metro,2016,Pre-Merger,2017-04-01,12.29%,7.30%,56.71%,0.59%,45.03%,11.25%,"1,413.41","1,962.98"
3882,BR-6255,State Bank of India (Consolidated),Bhopal,Urban,2018,Post-Merger,2017-04-01,6.78%,2.26%,47.22%,1.20%,55.68%,13.37%,260.64,343.94
3883,BR-8452,State Bank of Travancore,Hyderabad,Metro,2016,Pre-Merger,01/04/2017,7.13%,4.46%,58.60%,-0.42%,45.05%,12.54%,513.41,741.38
3884,BR-5692,State Bank of India (Parent),Jaipur,Semi-Urban,2016,Pre-Merger,2017-04-01,10.31%,5.79%,53.24%,0.44%,52.00%,13.63%,403.68,469.74
3885,BR-9658,State Bank of India (Consolidated),Bhopal,Metro,2021,Post-Merger,2017-04-01,6.44%,2.75%,50.87%,0.83%,52.55%,13.98%,790.81,949.65
3886,BR-2254,State Bank of India (Consolidated),Bhopal,Metro,2019,Post-Merger,2017-04-01,7.29%,2.89%,47.21%,1.17%,47.62%,13.52%,328.03,469.60
3887,BR-4148,State Bank of India (Consolidated),Ahmedabad,Metro,2020,Post-Merger,2017-04-01,5.66%,1.65%,44.88%,0.63%,40.47%,14.17%,"1,170.65","1,464.49"
3888,BR-5998,State Bank of India (Parent)   ,Chandigarh,Urban,2017,Pre-Merger,01/04/2017,14.98%,,,0.41%,45.52%,11.39%,268.43,343.61
3889,BR-4291,State Bank of India (Consolidated),Delhi NCR,Semi-Urban,2021,Post-Merger,2017-04-01,5.10%,2.01%,43.78%,0.70%,43.14%,13.28%,100.76,119.06
3890,BR-4936,State Bank of India (Parent),Delhi NCR,Urban,2017,Pre-Merger,2017-04-01,10.16%,5.24%,61.06%,0.12%,38.75%,13.15%,"1,022.08","1,295.81"
3891,BR-4229,State Bank of Patiala,Kolkata,Metro,2017,Pre-Merger,2017-04-01,17.10%,9.12%,54.62%,0.13%,44.79%,9.80%,"1,346.51","1,912.34"
3892,BR-5963,State Bank of India (Consolidated),Lucknow,Urban,2018,Post-Merger,2017-04-01,5.40%,1.38%,46.99%,0.80%,46.68%,12.79%,"1,239.81","1,496.30"
3893,BR-4905,State Bank of Travancore,Bengaluru,Urban,2015,Pre-Merger,2017-04-01,8.37%,4.72%,58.17%,0.06%,44.07%,12.49%,296.35,404.79
3894,BR-2571,State Bank of Bikaner and Jaipur,Hyderabad,Metro,2015,Pre-Merger,2017-04-01,10.99%,5.97%,58.38%,1.15%,47.19%,11.44%,219.86,302.28
3895,BR-7287,State Bank of Bikaner and Jaipur   ,Delhi NCR,Urban,2015,Pre-Merger,01/04/2017,3.33%,1.67%,53.78%,-0.76%,35.22%,14.27%,505.87,622.63
3896,BR-1120,State Bank of Bikaner and Jaipur,Chandigarh,Rural,2014,Pre-Merger,2017-04-01,5.66%,2.84%,53.54%,0.61%,42.59%,10.97%,"1,004.73","1,251.15"
3897,BR-3297,State Bank of India (Consolidated),Chandigarh,Rural,2020,Post-Merger,2017-04-01,7.94%,2.21%,50.29%,0.39%,46.57%,12.28%,951.82,"1,117.35"
3898,BR-9340,State Bank of Mysore,Bhopal,Semi-Urban,2015,Pre-Merger,01/04/2017,5.98%,3.96%,51.29%,0.19%,40.71%,11.55%,"1,330.39","1,784.76"
3899,BR-3352,State Bank of India (Consolidated),Kolkata,Semi-Urban,2021,Post-Merger,2017-04-01,7.91%,2.80%,51.85%,1.24%,46.83%,12.29%,"1,020.16","1,184.05"
3900,BR-2808,State Bank of India (Consolidated),Chandigarh,Metro,2021,Post-Merger,2017-04-01,10.02%,2.54%,44.08%,0.10%,44.41%,13.73%,317.11,399.93
3901,BR-8455,State Bank of India (Parent),Chennai,Semi-Urban,2014,Pre-Merger,2017-04-01,11.53%,6.32%,60.13%,0.27%,45.79%,13.12%,943.62,"1,247.91"
3902,BR-8505,State Bank of India (Parent),Chandigarh,Metro,2017,Pre-Merger,2017-04-01,4.21%,2.78%,46.74%,0.89%,39.21%,12.89%,661.06,815.01
3903,BR-4283,State Bank of India (Consolidated),Bhopal,Rural,2021,Post-Merger,2017-04-01,7.73%,2.38%,38.82%,1.18%,44.64%,14.76%,998.85,"1,192.55"
3904,BR-6228,State Bank of India (Consolidated),Hyderabad,Urban,2021,Post-Merger,2017-04-01,2.56%,0.85%,46.19%,0.24%,48.73%,13.48%,"1,469.01","2,104.31"
3905,BR-3045,State Bank of India (Consolidated),Chennai,Rural,2019,Post-Merger,2017-04-01,7.28%,3.13%,52.24%,0.53%,52.75%,14.47%,"1,124.65","1,620.42"
3906,BR-3750,State Bank of Bikaner and Jaipur,Delhi NCR,Urban,2016,Pre-Merger,2017-04-01,10.93%,6.76%,55.67%,0.75%,43.97%,11.93%,"1,059.26","1,366.84"
3907,BR-8346,State Bank of Hyderabad,Hyderabad,Urban,2017,Pre-Merger,2017-04-01,10.09%,5.80%,52.82%,0.65%,36.79%,13.28%,"1,484.99","2,054.79"
3908,BR-4631,State Bank of India (Parent),Bhopal,Rural,2016,Pre-Merger,2017-04-01,8.17%,5.14%,49.18%,0.72%,36.63%,12.91%,922.88,"1,246.49"
3909,BR-9725,State Bank of India (Consolidated),Bengaluru,Rural,2020,Post-Merger,2017-04-01,5.17%,1.53%,46.76%,1.12%,44.41%,16.73%,595.20,792.14
3910,BR-6855,State Bank of India (Consolidated),Kolkata,Rural,2021,Post-Merger,2017-04-01,6.23%,2.69%,50.08%,1.12%,47.26%,12.31%,"1,068.92","1,321.64"
3911,BR-2619,State Bank of India (Parent)   ,Jaipur,Semi-Urban,2014,Pre-Merger,01/04/2017,13.39%,7.05%,47.35%,1.20%,43.56%,11.68%,"1,293.66","1,520.12"
3912,BR-4517,Bharatiya Mahila Bank,Thiruvananthapuram,Rural,2016,Pre-Merger,2017-04-01,9.59%,4.83%,50.40%,0.86%,42.60%,12.15%,863.46,"1,012.31"
3913,BR-7897,State Bank of India (Consolidated),Bengaluru,Semi-Urban,2020,Post-Merger,2017-04-01,8.70%,2.38%,45.82%,0.63%,45.58%,12.02%,"1,468.95","1,864.62"
3914,BR-5445,State Bank of India (Parent),Jaipur,Metro,2015,Pre-Merger,2017-04-01,5.96%,3.57%,56.85%,-0.21%,36.25%,12.79%,861.57,"1,200.61"
3915,BR-4219,State Bank of India (Parent),Delhi NCR,Metro,2017,Pre-Merger,2017-04-01,7.86%,5.12%,54.82%,0.19%,44.85%,11.81%,948.85,"1,182.99"
3916,BR-2902,State Bank of India (Consolidated),Delhi NCR,Rural,2020,Post-Merger,2017-04-01,2.86%,1.09%,52.29%,1.07%,48.79%,14.16%,739.25,965.06
3917,BR-2127,State Bank of India (Parent),Jaipur,Urban,2017,Pre-Merger,2017-04-01,11.70%,7.55%,46.71%,0.05%,41.38%,12.76%,"1,086.85","1,532.39"
3918,BR-4742,State Bank of Patiala,Delhi NCR,Urban,2016,Pre-Merger,2017-04-01,4.78%,2.60%,54.35%,1.07%,39.15%,14.10%,929.14,"1,296.10"
3919,BR-5599,Bharatiya Mahila Bank   ,Kolkata,Urban,2017,Pre-Merger,01/04/2017,14.59%,,,0.21%,45.30%,12.26%,"1,084.57","1,341.66"
3920,BR-6528,State Bank of India (Consolidated),Ahmedabad,Urban,2019,Post-Merger,2017-04-01,6.07%,2.21%,49.73%,0.62%,43.49%,14.63%,"1,318.79","1,896.37"
3921,BR-1903,State Bank of India (Consolidated),Hyderabad,Semi-Urban,2018,Post-Merger,2017-04-01,6.43%,2.56%,46.89%,0.52%,48.97%,11.77%,449.01,588.46
3922,BR-1185,State Bank of India (Consolidated),Kolkata,Metro,2018,Post-Merger,2017-04-01,6.53%,2.26%,52.23%,0.67%,51.65%,13.31%,759.13,"1,005.55"
3923,BR-9402,State Bank of India (Consolidated),Hyderabad,Semi-Urban,2019,Post-Merger,2017-04-01,5.73%,2.51%,46.80%,0.49%,41.48%,13.01%,873.78,"1,042.75"
3924,BR-8157,State Bank of India (Consolidated),Hyderabad,Metro,2021,Post-Merger,2017-04-01,9.75%,4.03%,51.89%,1.13%,50.52%,15.63%,"1,398.40","1,686.08"
3925,BR-7193,State Bank of India (Consolidated),Bhopal,Rural,2020,Post-Merger,01/04/2017,6.44%,2.82%,49.64%,0.51%,41.18%,13.77%,"1,425.45","1,883.52"
3926,BR-8378,State Bank of India (Consolidated)   ,Lucknow,Rural,2019,Post-Merger,01/04/2017,3.64%,,,0.77%,40.75%,15.83%,"1,396.19","1,874.01"
3927,BR-7475,State Bank of India (Parent),Bengaluru,Metro,2017,Pre-Merger,2017-04-01,6.99%,4.35%,46.14%,-1.07%,38.12%,11.46%,555.49,793.39
3928,BR-2350,State Bank of Patiala,Chennai,Metro,2014,Pre-Merger,01/04/2017,16.26%,11.03%,59.32%,1.02%,39.20%,12.32%,910.78,"1,267.36"
3929,BR-6351,State Bank of India (Consolidated),Ahmedabad,Urban,2018,Post-Merger,2017-04-01,4.87%,1.33%,44.13%,1.22%,45.50%,13.21%,454.22,643.59
3930,BR-5448,State Bank of India (Parent),Bhopal,Urban,2014,Pre-Merger,2017-04-01,9.44%,4.79%,56.71%,0.16%,40.21%,13.71%,"1,141.96","1,490.99"
3931,BR-5567,State Bank of India (Consolidated)   ,Lucknow,Urban,2020,Post-Merger,01/04/2017,4.04%,1.80%,51.45%,1.19%,49.87%,15.66%,151.86,195.78
3932,BR-9867,State Bank of Hyderabad,Jaipur,Urban,2015,Pre-Merger,01/04/2017,6.66%,3.76%,60.15%,-0.75%,36.83%,14.43%,800.72,"1,159.42"
3933,BR-5957,State Bank of India (Parent),Lucknow,Semi-Urban,2016,Pre-Merger,2017-04-01,8.10%,5.40%,55.28%,0.62%,40.17%,12.30%,"1,067.14","1,423.34"
3934,BR-4088,State Bank of India (Consolidated),Chennai,Semi-Urban,2020,Post-Merger,01/04/2017,2.71%,0.86%,48.22%,0.83%,40.09%,14.95%,"1,163.19","1,603.55"
3935,BR-2037,State Bank of India (Consolidated),Lucknow,Urban,2021,Post-Merger,2017-04-01,2.99%,0.88%,47.47%,0.69%,41.34%,14.01%,653.30,803.77
3936,BR-4640,State Bank of India (Parent),Bengaluru,Rural,2015,Pre-Merger,2017-04-01,11.27%,5.86%,58.86%,1.02%,42.88%,12.24%,"1,065.69","1,250.08"
3937,BR-1959,State Bank of Hyderabad   ,Hyderabad,Urban,2014,Pre-Merger,01/04/2017,11.09%,,,-0.96%,32.65%,14.18%,377.44,502.75
3938,BR-9850,State Bank of Bikaner and Jaipur,Lucknow,Urban,2016,Pre-Merger,2017-04-01,7.83%,5.01%,47.94%,0.36%,45.89%,12.20%,696.63,"1,008.12"
3939,BR-8655,State Bank of India (Consolidated),Thiruvananthapuram,Urban,2020,Post-Merger,2017-04-01,6.99%,2.50%,57.28%,0.62%,48.59%,16.39%,377.94,539.49
3940,BR-8996,State Bank of Bikaner and Jaipur,Bhopal,Rural,2016,Pre-Merger,2017-04-01,11.51%,6.26%,60.32%,1.11%,44.44%,11.05%,"1,298.37","1,724.77"
3941,BR-2453,State Bank of India (Parent),Chennai,Semi-Urban,2016,Pre-Merger,01/04/2017,9.22%,4.68%,57.18%,-0.47%,46.50%,12.80%,907.83,"1,061.40"
3942,BR-1705,State Bank of India (Consolidated),Chandigarh,Semi-Urban,2021,Post-Merger,2017-04-01,6.22%,2.42%,47.97%,0.84%,45.46%,13.16%,291.52,366.21
3943,BR-5631,State Bank of Mysore,Ahmedabad,Urban,2016,Pre-Merger,01/04/2017,13.83%,9.22%,51.04%,1.20%,44.34%,11.79%,"1,334.84","1,632.91"
3944,BR-6259,State Bank of India (Parent),Bengaluru,Semi-Urban,2016,Pre-Merger,01/04/2017,4.77%,3.20%,56.31%,0.51%,30.00%,11.75%,"1,315.12","1,580.31"
3945,BR-8933,State Bank of India (Consolidated),Bengaluru,Rural,2019,Post-Merger,2017-04-01,7.57%,3.05%,46.12%,0.10%,49.32%,15.31%,"1,108.98","1,332.55"
3946,BR-5537,State Bank of India (Consolidated),Mumbai Metro,Rural,2021,Post-Merger,2017-04-01,5.68%,1.99%,54.59%,0.51%,44.90%,11.50%,499.91,582.16
3947,BR-9362,State Bank of India (Consolidated),Chennai,Urban,2019,Post-Merger,01/04/2017,2.29%,0.83%,45.11%,0.20%,44.59%,15.55%,222.91,301.63
3948,BR-5268,State Bank of Mysore,Mumbai Metro,Rural,2015,Pre-Merger,2017-04-01,9.65%,6.37%,48.04%,0.01%,38.14%,12.28%,554.17,784.13
3949,BR-8242,State Bank of India (Consolidated),Mumbai Metro,Urban,2019,Post-Merger,01/04/2017,4.34%,1.80%,44.24%,0.79%,46.67%,14.28%,"1,325.42","1,894.51"
3950,BR-9492,State Bank of India (Parent),Jaipur,Rural,2016,Pre-Merger,2017-04-01,9.00%,5.95%,64.48%,1.10%,39.68%,12.51%,105.48,123.09
3951,BR-5594,State Bank of Mysore,Mumbai Metro,Urban,2014,Pre-Merger,2017-04-01,11.79%,6.96%,53.45%,0.54%,41.49%,12.46%,315.35,452.58
3952,BR-8384,State Bank of Patiala,Lucknow,Urban,2017,Pre-Merger,2017-04-01,11.95%,6.28%,54.93%,0.82%,38.47%,13.46%,"1,423.70","2,023.74"
3953,BR-8392,State Bank of India (Consolidated)   ,Bengaluru,Urban,2018,Post-Merger,01/04/2017,6.83%,,,1.07%,48.73%,17.24%,226.41,281.07
3954,BR-2582,State Bank of Bikaner and Jaipur,Hyderabad,Urban,2015,Pre-Merger,01/04/2017,9.82%,6.06%,54.22%,-0.63%,48.57%,9.64%,342.11,448.23
3955,BR-2067,State Bank of India (Consolidated),Ahmedabad,Metro,2021,Post-Merger,2017-04-01,8.55%,3.12%,45.84%,1.23%,49.66%,13.80%,"1,261.52","1,797.68"
3956,BR-2317,State Bank of India (Consolidated),Thiruvananthapuram,Rural,2019,Post-Merger,2017-04-01,5.99%,1.93%,50.61%,1.00%,43.54%,15.50%,764.74,933.06
3957,BR-1983,State Bank of India (Parent),Delhi NCR,Rural,2016,Pre-Merger,2017-04-01,13.50%,8.62%,59.95%,0.58%,36.80%,11.43%,387.34,475.57
3958,BR-8111,State Bank of India (Consolidated),Lucknow,Metro,2019,Post-Merger,01/04/2017,7.14%,2.32%,46.03%,0.83%,45.15%,13.76%,"1,115.91","1,322.28"
3959,BR-1190,State Bank of India (Consolidated),Ahmedabad,Semi-Urban,2020,Post-Merger,01/04/2017,6.65%,2.81%,41.54%,1.08%,51.27%,16.42%,617.87,881.38
3960,BR-6032,State Bank of India (Consolidated),Jaipur,Urban,2021,Post-Merger,2017-04-01,7.23%,2.58%,42.29%,0.89%,42.08%,13.46%,"1,279.94","1,724.28"
3961,BR-8250,State Bank of India (Consolidated),Thiruvananthapuram,Rural,2021,Post-Merger,2017-04-01,3.49%,0.97%,49.19%,1.34%,45.40%,16.56%,312.07,395.85
3962,BR-8700,State Bank of India (Consolidated),Chennai,Semi-Urban,2018,Post-Merger,01/04/2017,7.52%,2.55%,43.84%,1.33%,39.57%,15.68%,87.64,120.95
3963,BR-1736,State Bank of Mysore,Delhi NCR,Semi-Urban,2015,Pre-Merger,01/04/2017,10.87%,5.97%,54.69%,-0.21%,43.09%,11.64%,"1,330.73","1,654.27"
3964,BR-1664,State Bank of India (Parent),Mumbai Metro,Rural,2017,Pre-Merger,2017-04-01,9.07%,4.70%,46.24%,0.94%,34.15%,12.31%,981.36,"1,310.06"
3965,BR-8952,State Bank of India (Parent),Bengaluru,Urban,2015,Pre-Merger,2017-04-01,8.80%,5.29%,58.90%,0.44%,42.80%,10.94%,"1,028.98","1,304.89"
3966,BR-6952,State Bank of India (Consolidated),Jaipur,Semi-Urban,2020,Post-Merger,2017-04-01,7.42%,2.98%,45.54%,0.97%,46.16%,12.72%,"1,319.42","1,561.12"
3967,BR-9974,State Bank of Hyderabad,Kolkata,Semi-Urban,2015,Pre-Merger,01/04/2017,6.49%,4.02%,59.92%,0.38%,37.14%,12.92%,"1,291.93","1,862.74"
3968,BR-7929,State Bank of India (Consolidated),Bengaluru,Urban,2018,Post-Merger,2017-04-01,1.67%,0.45%,43.77%,0.93%,48.37%,12.89%,"1,012.93","1,260.39"
3969,BR-7842,State Bank of Hyderabad,Delhi NCR,Metro,2016,Pre-Merger,2017-04-01,5.98%,3.91%,60.34%,0.05%,40.58%,12.01%,"1,314.95","1,794.99"
3970,BR-2259,State Bank of Patiala,Ahmedabad,Metro,2016,Pre-Merger,2017-04-01,17.37%,11.38%,52.42%,0.68%,48.66%,10.83%,"1,027.93","1,285.30"
3971,BR-5006,State Bank of Hyderabad,Jaipur,Metro,2017,Pre-Merger,2017-04-01,13.25%,8.38%,51.51%,0.88%,44.61%,11.83%,521.27,689.44
3972,BR-9252,State Bank of India (Parent),Ahmedabad,Urban,2014,Pre-Merger,2017-04-01,9.02%,6.03%,51.19%,0.55%,40.76%,13.45%,474.95,663.75
3973,BR-6467,State Bank of Patiala   ,Bengaluru,Rural,2017,Pre-Merger,01/04/2017,7.73%,4.23%,52.79%,-0.89%,37.99%,13.45%,177.43,233.52
3974,BR-2703,State Bank of Hyderabad,Hyderabad,Rural,2017,Pre-Merger,2017-04-01,8.43%,4.55%,53.08%,0.85%,42.34%,13.28%,97.62,118.93
3975,BR-9974,State Bank of India (Consolidated),Chennai,Semi-Urban,2019,Post-Merger,2017-04-01,6.72%,3.00%,40.01%,0.92%,47.01%,15.09%,"1,005.43","1,407.85"
3976,BR-2703,State Bank of India (Consolidated)   ,Thiruvananthapuram,Semi-Urban,2021,Post-Merger,01/04/2017,6.11%,1.73%,54.43%,1.26%,42.40%,14.08%,427.54,521.87
3977,BR-9430,State Bank of India (Parent),Hyderabad,Metro,2015,Pre-Merger,01/04/2017,11.20%,5.79%,58.37%,1.05%,41.55%,12.05%,"1,223.40","1,721.94"
3978,BR-1886,State Bank of India (Consolidated),Kolkata,Urban,2019,Post-Merger,2017-04-01,4.58%,1.95%,47.48%,1.21%,45.78%,14.31%,824.24,962.19
3979,BR-5078,State Bank of Travancore,Hyderabad,Rural,2017,Pre-Merger,2017-04-01,9.10%,5.27%,57.06%,0.75%,43.02%,12.17%,"1,378.60","1,860.25"
3980,BR-6508,State Bank of India (Consolidated),Kolkata,Metro,2018,Post-Merger,01/04/2017,4.01%,1.76%,46.46%,1.05%,45.32%,13.92%,368.10,437.84
3981,BR-3285,State Bank of India (Consolidated),Delhi NCR,Semi-Urban,2020,Post-Merger,2017-04-01,3.28%,1.39%,48.30%,0.92%,49.38%,15.17%,211.04,286.54
3982,BR-9043,State Bank of India (Consolidated),Bhopal,Metro,2021,Post-Merger,2017-04-01,7.08%,3.17%,47.09%,1.05%,38.32%,16.17%,82.36,100.40
3983,BR-9169,State Bank of India (Consolidated),Chennai,Rural,2020,Post-Merger,2017-04-01,6.81%,2.60%,51.46%,0.82%,43.12%,16.19%,"1,304.95","1,505.41"
3984,BR-1180,State Bank of India (Consolidated),Hyderabad,Semi-Urban,2021,Post-Merger,2017-04-01,3.02%,0.90%,47.98%,1.26%,44.98%,14.70%,170.88,228.85
3985,BR-5855,State Bank of Patiala,Chandigarh,Metro,2014,Pre-Merger,2017-04-01,4.46%,2.33%,50.89%,0.53%,41.63%,12.94%,871.39,"1,041.42"
3986,BR-2850,State Bank of India (Consolidated),Bhopal,Rural,2019,Post-Merger,2017-04-01,7.27%,2.99%,46.38%,0.90%,55.21%,11.57%,"1,478.70","1,729.61"
3987,BR-8987,State Bank of India (Consolidated),Kolkata,Semi-Urban,2021,Post-Merger,2017-04-01,4.88%,1.46%,45.49%,0.72%,44.34%,15.37%,867.38,997.59
3988,BR-6556,State Bank of India (Consolidated),Ahmedabad,Metro,2021,Post-Merger,01/04/2017,8.42%,2.63%,51.94%,1.60%,56.00%,16.21%,80.58,99.16
3989,BR-6758,State Bank of India (Consolidated),Hyderabad,Rural,2020,Post-Merger,2017-04-01,5.58%,2.17%,52.23%,0.35%,46.49%,13.98%,696.65,992.05
3990,BR-4926,State Bank of India (Consolidated),Bhopal,Rural,2021,Post-Merger,2017-04-01,9.46%,2.54%,52.12%,0.75%,47.06%,14.41%,403.29,582.01
3991,BR-6143,State Bank of Patiala,Kolkata,Urban,2016,Pre-Merger,2017-04-01,10.80%,6.56%,60.87%,0.56%,49.58%,12.10%,856.81,994.78
3992,BR-7494,State Bank of Travancore   ,Hyderabad,Metro,2014,Pre-Merger,01/04/2017,13.68%,8.41%,54.83%,1.02%,40.37%,13.62%,142.73,192.03
3993,BR-2841,State Bank of India (Consolidated),Hyderabad,Semi-Urban,2018,Post-Merger,01/04/2017,5.70%,1.98%,44.25%,0.12%,43.78%,13.69%,229.85,275.21
3994,BR-9633,State Bank of India (Consolidated),Bhopal,Metro,2021,Post-Merger,2017-04-01,8.29%,2.99%,55.36%,1.00%,40.74%,15.71%,417.05,507.18
3995,BR-4256,State Bank of Travancore,Bengaluru,Urban,2015,Pre-Merger,01/04/2017,18.18%,9.81%,57.60%,0.41%,41.47%,13.41%,564.85,728.20
3996,BR-4803,State Bank of India (Consolidated),Mumbai Metro,Semi-Urban,2019,Post-Merger,2017-04-01,2.89%,1.28%,50.96%,0.70%,46.23%,13.66%,222.26,318.22
3997,BR-5257,State Bank of India (Consolidated),Delhi NCR,Semi-Urban,2018,Post-Merger,2017-04-01,4.35%,1.78%,53.56%,1.11%,46.45%,15.25%,"1,027.76","1,210.30"
3998,BR-6344,State Bank of India (Consolidated),Chennai,Metro,2018,Post-Merger,01/04/2017,7.34%,2.84%,51.59%,0.43%,47.38%,13.35%,"1,144.08","1,640.65"
3999,BR-2295,State Bank of Bikaner and Jaipur,Mumbai Metro,Semi-Urban,2016,Pre-Merger,2017-04-01,6.67%,4.26%,50.75%,-0.04%,42.32%,10.10%,"1,458.87","1,863.73"
4000,BR-7958,State Bank of India (Consolidated),Lucknow,Rural,2020,Post-Merger,2017-04-01,7.19%,2.01%,45.64%,0.50%,44.14%,13.22%,865.73,"1,193.72"
